/*******************************************************************************
 * Size: 22 px
 * Bpp: 4
 * Opts: generated by tools/gen_pocket_fonts.py (NotoSansSC-Medium.otf, 22 px, 4 bpp, 308 code points)
 ******************************************************************************/

#ifdef LV_LVGL_H_INCLUDE_SIMPLE
#include "lvgl.h"
#else
#include "lvgl.h"
#endif

#ifndef POCKET_FONT_22
#define POCKET_FONT_22 1
#endif

#if POCKET_FONT_22

/*-----------------
 *    BITMAPS
 *----------------*/

/*Store the image of the glyphs*/
static LV_ATTRIBUTE_LARGE_CONST const uint8_t glyph_bitmap[] = {
    /* U+0020 " " */

    /* U+0021 "!" */
    0x8f, 0xf0, 0x7f, 0xf0, 0x6f, 0xf0, 0x6f, 0xf0,
    0x5f, 0xe0, 0x5f, 0xe0, 0x4f, 0xd0, 0x3f, 0xc0,
    0x3f, 0xc0, 0x2f, 0xb0, 0x2f, 0xa0, 0x1f, 0x90,
    0x0, 0x0, 0x2b, 0x80, 0xbf, 0xf4, 0xcf, 0xf5,
    0x4e, 0xc0,

    /* U+0022 "\"" */
    0xf, 0xf9, 0x3, 0xff, 0x60, 0xff, 0x80, 0x2f,
    0xf6, 0xf, 0xf8, 0x2, 0xff, 0x50, 0xef, 0x60,
    0xf, 0xf4, 0xc, 0xf5, 0x0, 0xff, 0x20, 0xaf,
    0x30, 0xd, 0xf0, 0x8, 0xf1, 0x0, 0xbe, 0x0,
    0x24, 0x0, 0x3, 0x40,

    /* U+0023 "#" */
    0x0, 0x0, 0xea, 0x0, 0x4f, 0x40, 0x0, 0x0,
    0xf8, 0x0, 0x6f, 0x20, 0x0, 0x2, 0xf6, 0x0,
    0x8f, 0x0, 0x0, 0x4, 0xf4, 0x0, 0xae, 0x0,
    0xa, 0xff, 0xff, 0xff, 0xff, 0xfc, 0x8, 0xce,
    0xfc, 0xcc, 0xfe, 0xca, 0x0, 0xa, 0xe0, 0x0,
    0xf9, 0x0, 0x0, 0xc, 0xc0, 0x2, 0xf7, 0x0,
    0x0, 0xd, 0xb0, 0x3, 0xf5, 0x0, 0x0, 0xf,
    0x90, 0x5, 0xf4, 0x0, 0x2f, 0xff, 0xff, 0xff,
    0xff, 0xf4, 0x1c, 0xdf, 0xdc, 0xce, 0xfc, 0xc3,
    0x0, 0x4f, 0x40, 0xa, 0xe0, 0x0, 0x0, 0x6f,
    0x20, 0xc, 0xc0, 0x0, 0x0, 0x8f, 0x0, 0xe,
    0xb0, 0x0, 0x0, 0xae, 0x0, 0xf, 0x90, 0x0,
    0x0, 0xbd, 0x0, 0x2f, 0x70, 0x0,

    /* U+0024 "$" */
    0x0, 0x0, 0x8f, 0x30, 0x0, 0x0, 0x0, 0x8,
    0xf3, 0x0, 0x0, 0x0, 0x1, 0xaf, 0x70, 0x0,
    0x0, 0x7, 0xff, 0xff, 0xf7, 0x0, 0x7, 0xff,
    0xec, 0xef, 0xf7, 0x0, 0xef, 0xb0, 0x0, 0x6d,
    0x10, 0x1f, 0xf5, 0x0, 0x0, 0x0, 0x1, 0xff,
    0x60, 0x0, 0x0, 0x0, 0xe, 0xfe, 0x20, 0x0,
    0x0, 0x0, 0x5f, 0xff, 0x80, 0x0, 0x0, 0x0,
    0x3e, 0xff, 0xe6, 0x0, 0x0, 0x0, 0x9, 0xff,
    0xfa, 0x0, 0x0, 0x0, 0x3, 0xcf, 0xf6, 0x0,
    0x0, 0x0, 0x0, 0xdf, 0xd0, 0x0, 0x0, 0x0,
    0x7, 0xff, 0x0, 0x10, 0x0, 0x0, 0x7f, 0xe0,
    0x3f, 0x81, 0x0, 0x1e, 0xfb, 0x8, 0xff, 0xfd,
    0xcf, 0xff, 0x30, 0x5, 0xef, 0xff, 0xfe, 0x40,
    0x0, 0x0, 0x2b, 0xf6, 0x0, 0x0, 0x0, 0x0,
    0x8f, 0x30, 0x0, 0x0, 0x0, 0x8, 0xf3, 0x0,
    0x0,

    /* U+0025 "%" */
    0x0, 0x4c, 0xfc, 0x50, 0x0, 0x0, 0x4, 0xf4,
    0x0, 0x0, 0x3, 0xfe, 0xae, 0xf6, 0x0, 0x0,
    0xd, 0xc0, 0x0, 0x0, 0xc, 0xf3, 0x1, 0xfe,
    0x0, 0x0, 0x5f, 0x30, 0x0, 0x0, 0xf, 0xc0,
    0x0, 0xaf, 0x20, 0x0, 0xdb, 0x0, 0x0, 0x0,
    0x2f, 0xa0, 0x0, 0x8f, 0x40, 0x6, 0xf3, 0x0,
    0x0, 0x0, 0x2f, 0xa0, 0x0, 0x8f, 0x40, 0xe,
    0xa0, 0x0, 0x0, 0x0, 0xf, 0xd0, 0x0, 0xaf,
    0x20, 0x7f, 0x20, 0x26, 0x73, 0x0, 0xb, 0xf3,
    0x1, 0xfe, 0x0, 0xea, 0x5, 0xff, 0xff, 0x70,
    0x3, 0xfe, 0x9d, 0xf6, 0x7, 0xf2, 0xe, 0xe3,
    0x2d, 0xf2, 0x0, 0x4c, 0xfc, 0x50, 0x1f, 0x90,
    0x6f, 0x70, 0x4, 0xf8, 0x0, 0x0, 0x0, 0x0,
    0x8f, 0x10, 0x8f, 0x30, 0x1, 0xfb, 0x0, 0x0,
    0x0, 0x1, 0xf8, 0x0, 0xaf, 0x20, 0x0, 0xfd,
    0x0, 0x0, 0x0, 0x9, 0xf1, 0x0, 0x9f, 0x30,
    0x0, 0xfc, 0x0, 0x0, 0x0, 0x1f, 0x80, 0x0,
    0x7f, 0x50, 0x2, 0xfa, 0x0, 0x0, 0x0, 0x9e,
    0x0, 0x0, 0x2f, 0xb0, 0x9, 0xf5, 0x0, 0x0,
    0x2, 0xf7, 0x0, 0x0, 0xa, 0xfc, 0xbf, 0xc0,
    0x0, 0x0, 0xa, 0xe0, 0x0, 0x0, 0x0, 0x8d,
    0xea, 0x0,

    /* U+0026 "&" */
    0x0, 0x0, 0x3b, 0xed, 0x80, 0x0, 0x0, 0x0,
    0x0, 0x4, 0xff, 0xef, 0xfa, 0x0, 0x0, 0x0,
    0x0, 0xd, 0xf8, 0x2, 0xff, 0x0, 0x0, 0x0,
    0x0, 0x1f, 0xf0, 0x0, 0xef, 0x20, 0x0, 0x0,
    0x0, 0x1f, 0xf0, 0x1, 0xff, 0x0, 0x0, 0x0,
    0x0, 0xf, 0xf2, 0xb, 0xf7, 0x0, 0x0, 0x0,
    0x0, 0x9, 0xfa, 0xdf, 0x90, 0x0, 0x0, 0x0,
    0x0, 0x4, 0xff, 0xf7, 0x0, 0x0, 0x14, 0x40,
    0x0, 0x2d, 0xff, 0xd0, 0x0, 0x0, 0xaf, 0xa0,
    0x3, 0xef, 0xce, 0xfb, 0x0, 0x1, 0xff, 0x40,
    0xc, 0xfd, 0x14, 0xff, 0x90, 0x7, 0xfd, 0x0,
    0x1f, 0xf6, 0x0, 0x6f, 0xfa, 0x2f, 0xf5, 0x0,
    0x3f, 0xf4, 0x0, 0x7, 0xff, 0xff, 0xb0, 0x0,
    0xf, 0xf9, 0x0, 0x0, 0x7f, 0xff, 0x80, 0x0,
    0xb, 0xff, 0x93, 0x26, 0xef, 0xff, 0xfd, 0x70,
    0x1, 0xdf, 0xff, 0xff, 0xfc, 0x49, 0xff, 0xe0,
    0x0, 0x8, 0xcf, 0xec, 0x60, 0x0, 0x3a, 0x90,

    /* U+0027 "'" */
    0xf, 0xf9, 0xf, 0xf8, 0xf, 0xf8, 0xe, 0xf6,
    0xc, 0xf5, 0xa, 0xf3, 0x8, 0xf1, 0x2, 0x40,

    /* U+0028 "(" */
    0x0, 0x0, 0x0, 0x0, 0x1, 0xd5, 0x0, 0x8,
    0xf6, 0x0, 0x1f, 0xe0, 0x0, 0x7f, 0x80, 0x0,
    0xdf, 0x30, 0x2, 0xfe, 0x0, 0x6, 0xfa, 0x0,
    0x9, 0xf7, 0x0, 0xc, 0xf4, 0x0, 0xe, 0xf2,
    0x0, 0xf, 0xf1, 0x0, 0xf, 0xf1, 0x0, 0xf,
    0xf1, 0x0, 0xe, 0xf2, 0x0, 0xd, 0xf3, 0x0,
    0xb, 0xf5, 0x0, 0x8, 0xf8, 0x0, 0x4, 0xfb,
    0x0, 0x1, 0xff, 0x0, 0x0, 0xaf, 0x50, 0x0,
    0x4f, 0xa0, 0x0, 0xd, 0xf2, 0x0, 0x5, 0xf9,
    0x0, 0x0, 0x60,

    /* U+0029 ")" */
    0x0, 0x0, 0x7, 0xc0, 0x0, 0x9f, 0x50, 0x2,
    0xfd, 0x0, 0xb, 0xf4, 0x0, 0x6f, 0xa0, 0x1,
    0xff, 0x0, 0xd, 0xf3, 0x0, 0xaf, 0x60, 0x7,
    0xfa, 0x0, 0x5f, 0xb0, 0x4, 0xfc, 0x0, 0x3f,
    0xd0, 0x4, 0xfd, 0x0, 0x5f, 0xc0, 0x6, 0xfb,
    0x0, 0x8f, 0x80, 0xb, 0xf5, 0x0, 0xef, 0x20,
    0x3f, 0xd0, 0x8, 0xf7, 0x0, 0xdf, 0x20, 0x5f,
    0xa0, 0xc, 0xf2, 0x0, 0x15, 0x0, 0x0,

    /* U+002A "*" */
    0x0, 0x7, 0xf1, 0x0, 0x0, 0x0, 0x8f, 0x20,
    0x0, 0x49, 0x5a, 0xf6, 0x6a, 0x8, 0xff, 0xff,
    0xff, 0xf2, 0x3, 0xbf, 0xff, 0x71, 0x0, 0xa,
    0xff, 0xf4, 0x0, 0x3, 0xfc, 0x4f, 0xd0, 0x0,
    0x4d, 0x10, 0x5d, 0x10, 0x0, 0x0, 0x0, 0x0,
    0x0,

    /* U+002B "+" */
    0x0, 0x0, 0xa, 0xe3, 0x0, 0x0, 0x0, 0x0,
    0xb, 0xf3, 0x0, 0x0, 0x0, 0x0, 0xb, 0xf3,
    0x0, 0x0, 0x0, 0x0, 0xb, 0xf3, 0x0, 0x0,
    0x0, 0x0, 0xb, 0xf3, 0x0, 0x0, 0x2e, 0xee,
    0xef, 0xff, 0xee, 0xea, 0x2f, 0xff, 0xff, 0xff,
    0xff, 0xfb, 0x0, 0x0, 0xb, 0xf3, 0x0, 0x0,
    0x0, 0x0, 0xb, 0xf3, 0x0, 0x0, 0x0, 0x0,
    0xb, 0xf3, 0x0, 0x0, 0x0, 0x0, 0xb, 0xf3,
    0x0, 0x0, 0x0, 0x0, 0xb, 0xf3, 0x0, 0x0,

    /* U+002C "," */
    0x1, 0x51, 0x2, 0xff, 0xd0, 0x5f, 0xff, 0x30,
    0xaf, 0xf4, 0x0, 0x8f, 0x30, 0xd, 0xe0, 0x1b,
    0xf6, 0xa, 0xf8, 0x0, 0x33, 0x0, 0x0,

    /* U+002D "-" */
    0xff, 0xff, 0xfd, 0xff, 0xff, 0xfd,

    /* U+002E "." */
    0x8, 0xb3, 0x3f, 0xfc, 0x4f, 0xfd, 0xb, 0xf5,

    /* U+002F "/" */
    0x0, 0x0, 0x0, 0xcf, 0x0, 0x0, 0x0, 0xf,
    0xb0, 0x0, 0x0, 0x4, 0xf7, 0x0, 0x0, 0x0,
    0x9f, 0x20, 0x0, 0x0, 0xd, 0xe0, 0x0, 0x0,
    0x1, 0xfa, 0x0, 0x0, 0x0, 0x6f, 0x50, 0x0,
    0x0, 0xa, 0xf1, 0x0, 0x0, 0x0, 0xed, 0x0,
    0x0, 0x0, 0x3f, 0x80, 0x0, 0x0, 0x7, 0xf4,
    0x0, 0x0, 0x0, 0xbf, 0x0, 0x0, 0x0, 0xf,
    0xb0, 0x0, 0x0, 0x4, 0xf7, 0x0, 0x0, 0x0,
    0x9f, 0x30, 0x0, 0x0, 0xd, 0xe0, 0x0, 0x0,
    0x1, 0xfa, 0x0, 0x0, 0x0, 0x6f, 0x60, 0x0,
    0x0, 0xa, 0xf2, 0x0, 0x0, 0x0, 0xed, 0x0,
    0x0, 0x0, 0x3f, 0x90, 0x0, 0x0, 0x7, 0xf5,
    0x0, 0x0, 0x0, 0x57, 0x0, 0x0, 0x0, 0x0,

    /* U+0030 "0" */
    0x0, 0x19, 0xef, 0xc6, 0x0, 0x0, 0x1e, 0xff,
    0xff, 0xf9, 0x0, 0xb, 0xff, 0x53, 0x9f, 0xf4,
    0x3, 0xff, 0x50, 0x0, 0xcf, 0xb0, 0x8f, 0xf0,
    0x0, 0x6, 0xff, 0x1b, 0xfb, 0x0, 0x0, 0x2f,
    0xf3, 0xdf, 0x80, 0x0, 0x0, 0xff, 0x6e, 0xf7,
    0x0, 0x0, 0xf, 0xf7, 0xff, 0x70, 0x0, 0x0,
    0xef, 0x7e, 0xf7, 0x0, 0x0, 0xf, 0xf7, 0xdf,
    0x90, 0x0, 0x0, 0xff, 0x6b, 0xfb, 0x0, 0x0,
    0x2f, 0xf3, 0x7f, 0xf0, 0x0, 0x6, 0xff, 0x2,
    0xff, 0x60, 0x0, 0xcf, 0xb0, 0xb, 0xff, 0x63,
    0xaf, 0xf3, 0x0, 0x1e, 0xff, 0xff, 0xf8, 0x0,
    0x0, 0x19, 0xef, 0xc6, 0x0, 0x0,

    /* U+0031 "1" */
    0x0, 0x3, 0xbf, 0xf0, 0x0, 0x0, 0x5e, 0xff,
    0xff, 0x0, 0x0, 0x7, 0xff, 0xff, 0xf0, 0x0,
    0x0, 0x0, 0x8, 0xff, 0x0, 0x0, 0x0, 0x0,
    0x8f, 0xf0, 0x0, 0x0, 0x0, 0x8, 0xff, 0x0,
    0x0, 0x0, 0x0, 0x8f, 0xf0, 0x0, 0x0, 0x0,
    0x8, 0xff, 0x0, 0x0, 0x0, 0x0, 0x8f, 0xf0,
    0x0, 0x0, 0x0, 0x8, 0xff, 0x0, 0x0, 0x0,
    0x0, 0x8f, 0xf0, 0x0, 0x0, 0x0, 0x8, 0xff,
    0x0, 0x0, 0x0, 0x0, 0x8f, 0xf0, 0x0, 0x0,
    0x0, 0x8, 0xff, 0x0, 0x0, 0x2, 0x22, 0xaf,
    0xf2, 0x22, 0x1, 0xff, 0xff, 0xff, 0xff, 0xf1,
    0x1f, 0xff, 0xff, 0xff, 0xff, 0x10,

    /* U+0032 "2" */
    0x0, 0x18, 0xdf, 0xda, 0x30, 0x0, 0x3, 0xef,
    0xff, 0xff, 0xf5, 0x0, 0xe, 0xfd, 0x53, 0x6e,
    0xff, 0x10, 0x3, 0xb0, 0x0, 0x3, 0xff, 0x60,
    0x0, 0x0, 0x0, 0x0, 0xef, 0x90, 0x0, 0x0,
    0x0, 0x0, 0xef, 0x90, 0x0, 0x0, 0x0, 0x1,
    0xff, 0x60, 0x0, 0x0, 0x0, 0x6, 0xff, 0x20,
    0x0, 0x0, 0x0, 0xe, 0xfa, 0x0, 0x0, 0x0,
    0x0, 0x8f, 0xf3, 0x0, 0x0, 0x0, 0x4, 0xff,
    0x80, 0x0, 0x0, 0x0, 0x2f, 0xfc, 0x0, 0x0,
    0x0, 0x1, 0xef, 0xe1, 0x0, 0x0, 0x0, 0x2e,
    0xfe, 0x20, 0x0, 0x0, 0x2, 0xef, 0xf5, 0x34,
    0x44, 0x41, 0xe, 0xff, 0xff, 0xff, 0xff, 0xf6,
    0xf, 0xff, 0xff, 0xff, 0xff, 0xf6,

    /* U+0033 "3" */
    0x0, 0x7, 0xdf, 0xec, 0x50, 0x0, 0x3, 0xdf,
    0xff, 0xff, 0xfb, 0x0, 0x7, 0xfd, 0x63, 0x4c,
    0xff, 0x60, 0x0, 0x50, 0x0, 0x0, 0xff, 0xa0,
    0x0, 0x0, 0x0, 0x0, 0xdf, 0xb0, 0x0, 0x0,
    0x0, 0x2, 0xff, 0x70, 0x0, 0x0, 0x2, 0x6e,
    0xfd, 0x10, 0x0, 0x0, 0xff, 0xff, 0x91, 0x0,
    0x0, 0x0, 0xff, 0xff, 0xd4, 0x0, 0x0, 0x0,
    0x2, 0x5c, 0xff, 0x50, 0x0, 0x0, 0x0, 0x0,
    0xbf, 0xe0, 0x0, 0x0, 0x0, 0x0, 0x5f, 0xf3,
    0x0, 0x0, 0x0, 0x0, 0x5f, 0xf3, 0x8, 0x80,
    0x0, 0x0, 0xbf, 0xf0, 0x2f, 0xfc, 0x64, 0x5b,
    0xff, 0xa0, 0x5, 0xff, 0xff, 0xff, 0xfc, 0x0,
    0x0, 0x29, 0xdf, 0xeb, 0x60, 0x0,

    /* U+0034 "4" */
    0x0, 0x0, 0x0, 0x6f, 0xfd, 0x0, 0x0, 0x0,
    0x1, 0xff, 0xfd, 0x0, 0x0, 0x0, 0xa, 0xfe,
    0xfd, 0x0, 0x0, 0x0, 0x4f, 0xe8, 0xfd, 0x0,
    0x0, 0x0, 0xef, 0x78, 0xfd, 0x0, 0x0, 0x8,
    0xfd, 0x8, 0xfd, 0x0, 0x0, 0x3f, 0xf4, 0x8,
    0xfd, 0x0, 0x0, 0xcf, 0x90, 0x8, 0xfd, 0x0,
    0x6, 0xfe, 0x10, 0x8, 0xfd, 0x0, 0x1f, 0xf5,
    0x0, 0x8, 0xfd, 0x0, 0x8f, 0xff, 0xff, 0xff,
    0xff, 0xfd, 0x8f, 0xff, 0xff, 0xff, 0xff, 0xfd,
    0x1, 0x11, 0x11, 0x19, 0xfd, 0x11, 0x0, 0x0,
    0x0, 0x8, 0xfd, 0x0, 0x0, 0x0, 0x0, 0x8,
    0xfd, 0x0, 0x0, 0x0, 0x0, 0x8, 0xfd, 0x0,
    0x0, 0x0, 0x0, 0x8, 0xfd, 0x0,

    /* U+0035 "5" */
    0x0, 0xaf, 0xff, 0xff, 0xff, 0x90, 0x0, 0xbf,
    0xff, 0xff, 0xff, 0x90, 0x0, 0xcf, 0xa3, 0x33,
    0x33, 0x20, 0x0, 0xdf, 0x70, 0x0, 0x0, 0x0,
    0x0, 0xef, 0x60, 0x0, 0x0, 0x0, 0x0, 0xff,
    0x40, 0x0, 0x0, 0x0, 0x0, 0xff, 0xad, 0xfd,
    0x81, 0x0, 0x1, 0xff, 0xff, 0xff, 0xfe, 0x10,
    0x0, 0x7a, 0x20, 0x18, 0xff, 0xb0, 0x0, 0x0,
    0x0, 0x0, 0xaf, 0xf1, 0x0, 0x0, 0x0, 0x0,
    0x5f, 0xf3, 0x0, 0x0, 0x0, 0x0, 0x4f, 0xf4,
    0x0, 0x0, 0x0, 0x0, 0x6f, 0xf1, 0x7, 0x60,
    0x0, 0x0, 0xdf, 0xe0, 0x2f, 0xfb, 0x54, 0x6d,
    0xff, 0x50, 0x6, 0xff, 0xff, 0xff, 0xf9, 0x0,
    0x0, 0x29, 0xdf, 0xeb, 0x40, 0x0,

    /* U+0036 "6" */
    0x0, 0x3, 0xae, 0xfd, 0x70, 0x0, 0x6, 0xff,
    0xff, 0xff, 0xc1, 0x4, 0xff, 0xc5, 0x36, 0xea,
    0x0, 0xdf, 0xc0, 0x0, 0x1, 0x0, 0x3f, 0xf3,
    0x0, 0x0, 0x0, 0x7, 0xfd, 0x0, 0x0, 0x0,
    0x0, 0xaf, 0xa0, 0x8d, 0xda, 0x30, 0xc, 0xfa,
    0xcf, 0xff, 0xff, 0x50, 0xcf, 0xfd, 0x51, 0x3d,
    0xfe, 0xc, 0xfe, 0x10, 0x0, 0x2f, 0xf5, 0xbf,
    0xa0, 0x0, 0x0, 0xef, 0x79, 0xfc, 0x0, 0x0,
    0xc, 0xf9, 0x5f, 0xf1, 0x0, 0x0, 0xef, 0x60,
    0xff, 0x80, 0x0, 0x4f, 0xf3, 0x7, 0xff, 0x72,
    0x4e, 0xfb, 0x0, 0xb, 0xff, 0xff, 0xfe, 0x20,
    0x0, 0x6, 0xbe, 0xd9, 0x10, 0x0,

    /* U+0037 "7" */
    0xef, 0xff, 0xff, 0xff, 0xff, 0x7e, 0xff, 0xff,
    0xff, 0xff, 0xf7, 0x33, 0x33, 0x33, 0x3a, 0xfd,
    0x0, 0x0, 0x0, 0x1, 0xff, 0x30, 0x0, 0x0,
    0x0, 0xaf, 0x90, 0x0, 0x0, 0x0, 0x3f, 0xf1,
    0x0, 0x0, 0x0, 0xa, 0xfb, 0x0, 0x0, 0x0,
    0x0, 0xff, 0x40, 0x0, 0x0, 0x0, 0x6f, 0xe0,
    0x0, 0x0, 0x0, 0xb, 0xfb, 0x0, 0x0, 0x0,
    0x0, 0xef, 0x80, 0x0, 0x0, 0x0, 0x1f, 0xf5,
    0x0, 0x0, 0x0, 0x5, 0xff, 0x20, 0x0, 0x0,
    0x0, 0x7f, 0xf1, 0x0, 0x0, 0x0, 0x8, 0xff,
    0x0, 0x0, 0x0, 0x0, 0x9f, 0xf0, 0x0, 0x0,
    0x0, 0xb, 0xfe, 0x0, 0x0, 0x0,

    /* U+0038 "8" */
    0x0, 0x2a, 0xdf, 0xc8, 0x0, 0x0, 0x3f, 0xff,
    0xff, 0xfd, 0x0, 0xd, 0xfc, 0x10, 0x4e, 0xf8,
    0x1, 0xff, 0x20, 0x0, 0x7f, 0xc0, 0x3f, 0xf0,
    0x0, 0x3, 0xfe, 0x1, 0xff, 0x40, 0x0, 0x6f,
    0xb0, 0x8, 0xfe, 0x20, 0xb, 0xf4, 0x0, 0xa,
    0xff, 0x97, 0xf7, 0x0, 0x0, 0x9f, 0xff, 0xfe,
    0x20, 0x0, 0xbf, 0x91, 0x8f, 0xfe, 0x30, 0x6f,
    0xc0, 0x0, 0x1d, 0xfe, 0xc, 0xf5, 0x0, 0x0,
    0x2f, 0xf5, 0xff, 0x40, 0x0, 0x0, 0xef, 0x7c,
    0xf9, 0x0, 0x0, 0x1f, 0xf5, 0x7f, 0xf8, 0x10,
    0x2c, 0xfe, 0x10, 0xaf, 0xff, 0xff, 0xff, 0x40,
    0x0, 0x4b, 0xef, 0xc9, 0x10, 0x0,

    /* U+0039 "9" */
    0x0, 0x5, 0xbe, 0xd9, 0x20, 0x0, 0x0, 0xaf,
    0xff, 0xff, 0xe4, 0x0, 0x5, 0xff, 0x82, 0x3b,
    0xff, 0x10, 0xc, 0xfa, 0x0, 0x0, 0xdf, 0x90,
    0xf, 0xf6, 0x0, 0x0, 0x6f, 0xe0, 0xf, 0xf5,
    0x0, 0x0, 0x2f, 0xf2, 0xd, 0xf9, 0x0, 0x0,
    0x4f, 0xf4, 0x9, 0xff, 0x50, 0x16, 0xff, 0xf5,
    0x1, 0xef, 0xff, 0xff, 0x8f, 0xf5, 0x0, 0x19,
    0xdf, 0xc5, 0x1f, 0xf4, 0x0, 0x0, 0x0, 0x0,
    0x3f, 0xf2, 0x0, 0x0, 0x0, 0x0, 0x7f, 0xf0,
    0x0, 0x0, 0x0, 0x0, 0xcf, 0xb0, 0x0, 0x40,
    0x0, 0x6, 0xff, 0x50, 0x4, 0xfc, 0x64, 0x9f,
    0xfc, 0x0, 0x5, 0xff, 0xff, 0xff, 0xd1, 0x0,
    0x0, 0x2a, 0xef, 0xd8, 0x0, 0x0,

    /* U+003A ":" */
    0xb, 0xe5, 0x4f, 0xfd, 0x3f, 0xfc, 0x7, 0xa3,
    0x0, 0x0, 0x0, 0x0, 0x0, 0x0, 0x0, 0x0,
    0x0, 0x0, 0x8, 0xb3, 0x3f, 0xfc, 0x4f, 0xfd,
    0xb, 0xf5,

    /* U+003B ";" */
    0xb, 0xe5, 0x4, 0xff, 0xd0, 0x3f, 0xfc, 0x0,
    0x7a, 0x30, 0x0, 0x0, 0x0, 0x0, 0x0, 0x0,
    0x0, 0x0, 0x0, 0x0, 0x0, 0x0, 0x0, 0x15,
    0x10, 0x2f, 0xfd, 0x5, 0xff, 0xf3, 0xa, 0xff,
    0x40, 0x8, 0xf3, 0x0, 0xde, 0x1, 0xbf, 0x60,
    0xaf, 0x80, 0x3, 0x30, 0x0,

    /* U+003C "<" */
    0x0, 0x0, 0x0, 0x0, 0x0, 0x0, 0x0, 0x0,
    0x0, 0x0, 0x2, 0x8a, 0x0, 0x0, 0x0, 0x5,
    0xbf, 0xfb, 0x0, 0x0, 0x18, 0xef, 0xff, 0xa3,
    0x0, 0x4b, 0xff, 0xfc, 0x61, 0x0, 0x1d, 0xff,
    0xe8, 0x20, 0x0, 0x0, 0x2f, 0xfd, 0x20, 0x0,
    0x0, 0x0, 0x1a, 0xff, 0xfc, 0x60, 0x0, 0x0,
    0x0, 0x17, 0xef, 0xff, 0x93, 0x0, 0x0, 0x0,
    0x4, 0xbf, 0xff, 0xd6, 0x0, 0x0, 0x0, 0x2,
    0x8e, 0xfb, 0x0, 0x0, 0x0, 0x0, 0x0, 0x57,

    /* U+003D "=" */
    0x2f, 0xff, 0xff, 0xff, 0xff, 0xfb, 0x2e, 0xee,
    0xee, 0xee, 0xee, 0xea, 0x0, 0x0, 0x0, 0x0,
    0x0, 0x0, 0x0, 0x0, 0x0, 0x0, 0x0, 0x0,
    0x0, 0x0, 0x0, 0x0, 0x0, 0x0, 0x0, 0x0,
    0x0, 0x0, 0x0, 0x0, 0x2f, 0xff, 0xff, 0xff,
    0xff, 0xfb, 0x2e, 0xee, 0xee, 0xee, 0xee, 0xea,

    /* U+003E ">" */
    0x0, 0x0, 0x0, 0x0, 0x0, 0x0, 0x2c, 0x50,
    0x0, 0x0, 0x0, 0x0, 0x2f, 0xfe, 0x82, 0x0,
    0x0, 0x0, 0x7, 0xdf, 0xff, 0xb5, 0x0, 0x0,
    0x0, 0x3, 0x9e, 0xff, 0xe8, 0x10, 0x0, 0x0,
    0x0, 0x5b, 0xff, 0xf8, 0x0, 0x0, 0x0, 0x0,
    0x6f, 0xfb, 0x0, 0x0, 0x2, 0x8e, 0xff, 0xd6,
    0x0, 0x16, 0xcf, 0xff, 0xb4, 0x0, 0x1a, 0xff,
    0xfe, 0x81, 0x0, 0x0, 0x2f, 0xfc, 0x50, 0x0,
    0x0, 0x0, 0x29, 0x20, 0x0, 0x0, 0x0, 0x0,

    /* U+003F "?" */
    0x0, 0x29, 0xef, 0xd8, 0x0, 0x3, 0xef, 0xff,
    0xff, 0xc0, 0xa, 0xfa, 0x43, 0xaf, 0xf6, 0x0,
    0x30, 0x0, 0xe, 0xf9, 0x0, 0x0, 0x0, 0xd,
    0xf9, 0x0, 0x0, 0x0, 0x3f, 0xf4, 0x0, 0x0,
    0x1, 0xdf, 0xa0, 0x0, 0x0, 0xb, 0xfd, 0x0,
    0x0, 0x0, 0x6f, 0xf2, 0x0, 0x0, 0x0, 0xef,
    0x70, 0x0, 0x0, 0x1, 0xff, 0x30, 0x0, 0x0,
    0x0, 0x66, 0x10, 0x0, 0x0, 0x0, 0x0, 0x0,
    0x0, 0x0, 0x0, 0x9a, 0x10, 0x0, 0x0, 0x6,
    0xff, 0x80, 0x0, 0x0, 0x7, 0xff, 0xa0, 0x0,
    0x0, 0x1, 0xde, 0x30, 0x0,

    /* U+0040 "@" */
    0x0, 0x0, 0x0, 0x16, 0xbd, 0xff, 0xd9, 0x30,
    0x0, 0x0, 0x0, 0x0, 0x7, 0xff, 0xfd, 0xbc,
    0xef, 0xfb, 0x10, 0x0, 0x0, 0x1, 0xbf, 0xe6,
    0x10, 0x0, 0x3, 0xdf, 0xd1, 0x0, 0x0, 0xd,
    0xfa, 0x0, 0x0, 0x0, 0x0, 0x9, 0xfb, 0x0,
    0x0, 0xaf, 0x90, 0x0, 0x0, 0x0, 0x0, 0x0,
    0xdf, 0x40, 0x3, 0xfc, 0x0, 0x0, 0x0, 0x0,
    0x0, 0x0, 0x4f, 0xa0, 0xb, 0xf3, 0x0, 0x1,
    0xae, 0xe6, 0xce, 0x0, 0xe, 0xe0, 0x1f, 0xc0,
    0x0, 0x2d, 0xfc, 0xbf, 0xfa, 0x0, 0xc, 0xf0,
    0x6f, 0x70, 0x0, 0xcf, 0x70, 0x9, 0xf7, 0x0,
    0x9, 0xf2, 0x9f, 0x30, 0x4, 0xfc, 0x0, 0x9,
    0xf4, 0x0, 0xa, 0xf0, 0xaf, 0x10, 0x8, 0xf6,
    0x0, 0xc, 0xf1, 0x0, 0xc, 0xd0, 0xbf, 0x0,
    0xb, 0xf3, 0x0, 0xf, 0xe0, 0x0, 0x1f, 0xa0,
    0xbf, 0x10, 0xb, 0xf4, 0x0, 0x3f, 0xd0, 0x0,
    0x9f, 0x30, 0x9f, 0x30, 0x7, 0xfb, 0x14, 0xef,
    0xf3, 0x18, 0xf9, 0x0, 0x6f, 0x70, 0x0, 0xdf,
    0xff, 0x75, 0xff, 0xff, 0x80, 0x0, 0x1f, 0xe1,
    0x0, 0x5, 0x73, 0x0, 0x26, 0x62, 0x0, 0x0,
    0xa, 0xfa, 0x0, 0x0, 0x0, 0x0, 0x0, 0x0,
    0x0, 0x0, 0x1, 0xef, 0x80, 0x0, 0x0, 0x0,
    0x0, 0x0, 0x0, 0x0, 0x0, 0x3f, 0xfd, 0x40,
    0x0, 0x1, 0x75, 0x0, 0x0, 0x0, 0x0, 0x2,
    0xcf, 0xff, 0xec, 0xef, 0xfb, 0x0, 0x0, 0x0,
    0x0, 0x0, 0x4, 0x9d, 0xff, 0xda, 0x40, 0x0,
    0x0, 0x0,

    /* U+0041 "A" */
    0x0, 0x0, 0xc, 0xff, 0x70, 0x0, 0x0, 0x0,
    0x0, 0x1f, 0xff, 0xc0, 0x0, 0x0, 0x0, 0x0,
    0x6f, 0xbf, 0xf1, 0x0, 0x0, 0x0, 0x0, 0xbf,
    0x5c, 0xf6, 0x0, 0x0, 0x0, 0x1, 0xff, 0x18,
    0xfb, 0x0, 0x0, 0x0, 0x5, 0xfd, 0x3, 0xff,
    0x10, 0x0, 0x0, 0xa, 0xf9, 0x0, 0xff, 0x50,
    0x0, 0x0, 0xf, 0xf4, 0x0, 0xbf, 0xa0, 0x0,
    0x0, 0x5f, 0xf0, 0x0, 0x6f, 0xf0, 0x0, 0x0,
    0xaf, 0xb0, 0x0, 0x2f, 0xf5, 0x0, 0x0, 0xef,
    0xff, 0xff, 0xff, 0xfa, 0x0, 0x4, 0xff, 0xff,
    0xff, 0xff, 0xfe, 0x0, 0x9, 0xfe, 0x11, 0x11,
    0x15, 0xff, 0x40, 0xe, 0xf9, 0x0, 0x0, 0x0,
    0xff, 0x90, 0x3f, 0xf5, 0x0, 0x0, 0x0, 0xbf,
    0xe0, 0x8f, 0xf0, 0x0, 0x0, 0x0, 0x7f, 0xf3,
    0xdf, 0xc0, 0x0, 0x0, 0x0, 0x2f, 0xf8,

    /* U+0042 "B" */
    0xdf, 0xff, 0xff, 0xdb, 0x50, 0x0, 0xdf, 0xff,
    0xff, 0xff, 0xfb, 0x0, 0xdf, 0xb1, 0x12, 0x4b,
    0xff, 0x70, 0xdf, 0xa0, 0x0, 0x0, 0xdf, 0xb0,
    0xdf, 0xa0, 0x0, 0x0, 0xbf, 0xd0, 0xdf, 0xa0,
    0x0, 0x0, 0xdf, 0x90, 0xdf, 0xa0, 0x1, 0x3b,
    0xff, 0x20, 0xdf, 0xff, 0xff, 0xff, 0xd3, 0x0,
    0xdf, 0xff, 0xff, 0xff, 0xfc, 0x20, 0xdf, 0xb0,
    0x0, 0x26, 0xef, 0xe1, 0xdf, 0xa0, 0x0, 0x0,
    0x2f, 0xf7, 0xdf, 0xa0, 0x0, 0x0, 0xd, 0xfa,
    0xdf, 0xa0, 0x0, 0x0, 0xe, 0xfa, 0xdf, 0xa0,
    0x0, 0x0, 0x4f, 0xf6, 0xdf, 0xb1, 0x11, 0x38,
    0xff, 0xe1, 0xdf, 0xff, 0xff, 0xff, 0xff, 0x30,
    0xdf, 0xff, 0xff, 0xec, 0x70, 0x0,

    /* U+0043 "C" */
    0x0, 0x0, 0x4a, 0xef, 0xea, 0x20, 0x0, 0x0,
    0xbf, 0xff, 0xff, 0xff, 0x50, 0x0, 0xbf, 0xfe,
    0x96, 0x8d, 0xfd, 0x0, 0x5f, 0xfb, 0x10, 0x0,
    0x8, 0x10, 0xe, 0xfe, 0x0, 0x0, 0x0, 0x0,
    0x5, 0xff, 0x60, 0x0, 0x0, 0x0, 0x0, 0x9f,
    0xf2, 0x0, 0x0, 0x0, 0x0, 0xb, 0xff, 0x0,
    0x0, 0x0, 0x0, 0x0, 0xbf, 0xe0, 0x0, 0x0,
    0x0, 0x0, 0xb, 0xff, 0x0, 0x0, 0x0, 0x0,
    0x0, 0x9f, 0xf2, 0x0, 0x0, 0x0, 0x0, 0x5,
    0xff, 0x60, 0x0, 0x0, 0x0, 0x0, 0x1e, 0xfe,
    0x0, 0x0, 0x0, 0x0, 0x0, 0x6f, 0xfb, 0x0,
    0x0, 0x9, 0xa0, 0x0, 0xdf, 0xfd, 0x96, 0x9d,
    0xff, 0x40, 0x1, 0xcf, 0xff, 0xff, 0xff, 0x80,
    0x0, 0x0, 0x5b, 0xef, 0xea, 0x30, 0x0,

    /* U+0044 "D" */
    0xdf, 0xff, 0xfe, 0xc7, 0x10, 0x0, 0xd, 0xff,
    0xff, 0xff, 0xff, 0x50, 0x0, 0xdf, 0xb2, 0x36,
    0xaf, 0xff, 0x50, 0xd, 0xfa, 0x0, 0x0, 0x4e,
    0xff, 0x10, 0xdf, 0xa0, 0x0, 0x0, 0x7f, 0xf7,
    0xd, 0xfa, 0x0, 0x0, 0x0, 0xef, 0xc0, 0xdf,
    0xa0, 0x0, 0x0, 0xb, 0xff, 0xd, 0xfa, 0x0,
    0x0, 0x0, 0x9f, 0xf1, 0xdf, 0xa0, 0x0, 0x0,
    0x8, 0xff, 0x1d, 0xfa, 0x0, 0x0, 0x0, 0xaf,
    0xf1, 0xdf, 0xa0, 0x0, 0x0, 0xc, 0xff, 0xd,
    0xfa, 0x0, 0x0, 0x0, 0xff, 0xc0, 0xdf, 0xa0,
    0x0, 0x0, 0x8f, 0xf7, 0xd, 0xfa, 0x0, 0x0,
    0x5f, 0xfe, 0x10, 0xdf, 0xb2, 0x36, 0xaf, 0xff,
    0x50, 0xd, 0xff, 0xff, 0xff, 0xff, 0x50, 0x0,
    0xdf, 0xff, 0xfe, 0xc7, 0x10, 0x0, 0x0,

    /* U+0045 "E" */
    0xdf, 0xff, 0xff, 0xff, 0xfb, 0xdf, 0xff, 0xff,
    0xff, 0xfb, 0xdf, 0xc3, 0x33, 0x33, 0x32, 0xdf,
    0xa0, 0x0, 0x0, 0x0, 0xdf, 0xa0, 0x0, 0x0,
    0x0, 0xdf, 0xa0, 0x0, 0x0, 0x0, 0xdf, 0xa0,
    0x0, 0x0, 0x0, 0xdf, 0xff, 0xff, 0xff, 0x90,
    0xdf, 0xff, 0xff, 0xff, 0x90, 0xdf, 0xc3, 0x33,
    0x33, 0x20, 0xdf, 0xa0, 0x0, 0x0, 0x0, 0xdf,
    0xa0, 0x0, 0x0, 0x0, 0xdf, 0xa0, 0x0, 0x0,
    0x0, 0xdf, 0xa0, 0x0, 0x0, 0x0, 0xdf, 0xc4,
    0x44, 0x44, 0x44, 0xdf, 0xff, 0xff, 0xff, 0xff,
    0xdf, 0xff, 0xff, 0xff, 0xff,

    /* U+0046 "F" */
    0xdf, 0xff, 0xff, 0xff, 0xfb, 0xdf, 0xff, 0xff,
    0xff, 0xfb, 0xdf, 0xc3, 0x33, 0x33, 0x32, 0xdf,
    0xa0, 0x0, 0x0, 0x0, 0xdf, 0xa0, 0x0, 0x0,
    0x0, 0xdf, 0xa0, 0x0, 0x0, 0x0, 0xdf, 0xa0,
    0x0, 0x0, 0x0, 0xdf, 0xc3, 0x33, 0x33, 0x20,
    0xdf, 0xff, 0xff, 0xff, 0xa0, 0xdf, 0xff, 0xff,
    0xff, 0xa0, 0xdf, 0xa0, 0x0, 0x0, 0x0, 0xdf,
    0xa0, 0x0, 0x0, 0x0, 0xdf, 0xa0, 0x0, 0x0,
    0x0, 0xdf, 0xa0, 0x0, 0x0, 0x0, 0xdf, 0xa0,
    0x0, 0x0, 0x0, 0xdf, 0xa0, 0x0, 0x0, 0x0,
    0xdf, 0xa0, 0x0, 0x0, 0x0,

    /* U+0047 "G" */
    0x0, 0x0, 0x39, 0xdf, 0xec, 0x60, 0x0, 0x0,
    0xaf, 0xff, 0xff, 0xff, 0xb1, 0x0, 0xbf, 0xfe,
    0x96, 0x7a, 0xff, 0x40, 0x5f, 0xfc, 0x10, 0x0,
    0x3, 0x60, 0xe, 0xfe, 0x0, 0x0, 0x0, 0x0,
    0x5, 0xff, 0x70, 0x0, 0x0, 0x0, 0x0, 0x9f,
    0xf2, 0x0, 0x0, 0x0, 0x0, 0xa, 0xff, 0x0,
    0x0, 0x23, 0x33, 0x32, 0xbf, 0xe0, 0x0, 0xa,
    0xff, 0xff, 0xdb, 0xff, 0x0, 0x0, 0xaf, 0xff,
    0xfd, 0x9f, 0xf2, 0x0, 0x0, 0x0, 0x7f, 0xd5,
    0xff, 0x60, 0x0, 0x0, 0x7, 0xfd, 0xe, 0xfe,
    0x0, 0x0, 0x0, 0x7f, 0xd0, 0x6f, 0xfc, 0x10,
    0x0, 0x7, 0xfd, 0x0, 0xcf, 0xfe, 0xa7, 0x6a,
    0xff, 0xd0, 0x1, 0xbf, 0xff, 0xff, 0xff, 0xe4,
    0x0, 0x0, 0x4a, 0xef, 0xec, 0x71, 0x0,

    /* U+0048 "H" */
    0xdf, 0xa0, 0x0, 0x0, 0x6, 0xff, 0x2d, 0xfa,
    0x0, 0x0, 0x0, 0x6f, 0xf2, 0xdf, 0xa0, 0x0,
    0x0, 0x6, 0xff, 0x2d, 0xfa, 0x0, 0x0, 0x0,
    0x6f, 0xf2, 0xdf, 0xa0, 0x0, 0x0, 0x6, 0xff,
    0x2d, 0xfa, 0x0, 0x0, 0x0, 0x6f, 0xf2, 0xdf,
    0xa0, 0x0, 0x0, 0x6, 0xff, 0x2d, 0xff, 0xff,
    0xff, 0xff, 0xff, 0xf2, 0xdf, 0xff, 0xff, 0xff,
    0xff, 0xff, 0x2d, 0xfc, 0x55, 0x55, 0x55, 0x9f,
    0xf2, 0xdf, 0xa0, 0x0, 0x0, 0x6, 0xff, 0x2d,
    0xfa, 0x0, 0x0, 0x0, 0x6f, 0xf2, 0xdf, 0xa0,
    0x0, 0x0, 0x6, 0xff, 0x2d, 0xfa, 0x0, 0x0,
    0x0, 0x6f, 0xf2, 0xdf, 0xa0, 0x0, 0x0, 0x6,
    0xff, 0x2d, 0xfa, 0x0, 0x0, 0x0, 0x6f, 0xf2,
    0xdf, 0xa0, 0x0, 0x0, 0x6, 0xff, 0x20,

    /* U+0049 "I" */
    0xdf, 0xad, 0xfa, 0xdf, 0xad, 0xfa, 0xdf, 0xad,
    0xfa, 0xdf, 0xad, 0xfa, 0xdf, 0xad, 0xfa, 0xdf,
    0xad, 0xfa, 0xdf, 0xad, 0xfa, 0xdf, 0xad, 0xfa,
    0xdf, 0xa0,

    /* U+004A "J" */
    0x0, 0x0, 0x0, 0x8, 0xff, 0x0, 0x0, 0x0,
    0x0, 0x8f, 0xf0, 0x0, 0x0, 0x0, 0x8, 0xff,
    0x0, 0x0, 0x0, 0x0, 0x8f, 0xf0, 0x0, 0x0,
    0x0, 0x8, 0xff, 0x0, 0x0, 0x0, 0x0, 0x8f,
    0xf0, 0x0, 0x0, 0x0, 0x8, 0xff, 0x0, 0x0,
    0x0, 0x0, 0x8f, 0xf0, 0x0, 0x0, 0x0, 0x8,
    0xff, 0x0, 0x0, 0x0, 0x0, 0x8f, 0xf0, 0x0,
    0x0, 0x0, 0x8, 0xff, 0x0, 0x0, 0x0, 0x0,
    0x8f, 0xf0, 0x0, 0x0, 0x0, 0xa, 0xfe, 0x0,
    0x7d, 0x10, 0x0, 0xef, 0xc0, 0x1f, 0xfd, 0x86,
    0xcf, 0xf5, 0x0, 0x5f, 0xff, 0xff, 0xfb, 0x0,
    0x0, 0x3a, 0xef, 0xc7, 0x0, 0x0,

    /* U+004B "K" */
    0xdf, 0xa0, 0x0, 0x0, 0x7f, 0xf6, 0xd, 0xfa,
    0x0, 0x0, 0x4f, 0xf9, 0x0, 0xdf, 0xa0, 0x0,
    0x1e, 0xfd, 0x0, 0xd, 0xfa, 0x0, 0xc, 0xff,
    0x20, 0x0, 0xdf, 0xa0, 0x8, 0xff, 0x50, 0x0,
    0xd, 0xfa, 0x4, 0xff, 0x80, 0x0, 0x0, 0xdf,
    0xa2, 0xef, 0xe0, 0x0, 0x0, 0xd, 0xfb, 0xcf,
    0xff, 0x40, 0x0, 0x0, 0xdf, 0xff, 0xff, 0xfc,
    0x0, 0x0, 0xd, 0xff, 0xf8, 0x6f, 0xf5, 0x0,
    0x0, 0xdf, 0xfc, 0x0, 0xdf, 0xe0, 0x0, 0xd,
    0xfe, 0x10, 0x4, 0xff, 0x70, 0x0, 0xdf, 0xa0,
    0x0, 0xb, 0xff, 0x10, 0xd, 0xfa, 0x0, 0x0,
    0x2f, 0xf9, 0x0, 0xdf, 0xa0, 0x0, 0x0, 0xaf,
    0xf3, 0xd, 0xfa, 0x0, 0x0, 0x1, 0xff, 0xb0,
    0xdf, 0xa0, 0x0, 0x0, 0x8, 0xff, 0x40,

    /* U+004C "L" */
    0xdf, 0xa0, 0x0, 0x0, 0x0, 0xdf, 0xa0, 0x0,
    0x0, 0x0, 0xdf, 0xa0, 0x0, 0x0, 0x0, 0xdf,
    0xa0, 0x0, 0x0, 0x0, 0xdf, 0xa0, 0x0, 0x0,
    0x0, 0xdf, 0xa0, 0x0, 0x0, 0x0, 0xdf, 0xa0,
    0x0, 0x0, 0x0, 0xdf, 0xa0, 0x0, 0x0, 0x0,
    0xdf, 0xa0, 0x0, 0x0, 0x0, 0xdf, 0xa0, 0x0,
    0x0, 0x0, 0xdf, 0xa0, 0x0, 0x0, 0x0, 0xdf,
    0xa0, 0x0, 0x0, 0x0, 0xdf, 0xa0, 0x0, 0x0,
    0x0, 0xdf, 0xa0, 0x0, 0x0, 0x0, 0xdf, 0xc4,
    0x44, 0x44, 0x42, 0xdf, 0xff, 0xff, 0xff, 0xf8,
    0xdf, 0xff, 0xff, 0xff, 0xf8,

    /* U+004D "M" */
    0xdf, 0xf3, 0x0, 0x0, 0x0, 0xf, 0xff, 0x2d,
    0xff, 0x90, 0x0, 0x0, 0x5, 0xff, 0xf2, 0xdf,
    0xfe, 0x0, 0x0, 0x0, 0xaf, 0xff, 0x2d, 0xfe,
    0xf4, 0x0, 0x0, 0xf, 0xff, 0xf2, 0xdf, 0x9f,
    0x90, 0x0, 0x5, 0xfa, 0xff, 0x2d, 0xf6, 0xfe,
    0x0, 0x0, 0xaf, 0x5f, 0xf2, 0xdf, 0x5c, 0xf4,
    0x0, 0xf, 0xf2, 0xff, 0x2d, 0xf6, 0x6f, 0xa0,
    0x5, 0xfa, 0x2f, 0xf2, 0xdf, 0x61, 0xff, 0x0,
    0xaf, 0x43, 0xff, 0x2d, 0xf6, 0xb, 0xf4, 0xf,
    0xe0, 0x3f, 0xf2, 0xdf, 0x60, 0x6f, 0xa4, 0xf9,
    0x3, 0xff, 0x2d, 0xf6, 0x1, 0xfe, 0xaf, 0x30,
    0x3f, 0xf2, 0xdf, 0x60, 0xa, 0xff, 0xe0, 0x3,
    0xff, 0x2d, 0xf6, 0x0, 0x5f, 0xf8, 0x0, 0x3f,
    0xf2, 0xdf, 0x60, 0x0, 0xff, 0x30, 0x3, 0xff,
    0x2d, 0xf6, 0x0, 0x4, 0x50, 0x0, 0x3f, 0xf2,
    0xdf, 0x60, 0x0, 0x0, 0x0, 0x3, 0xff, 0x20,

    /* U+004E "N" */
    0xdf, 0xf1, 0x0, 0x0, 0x6, 0xff, 0xd, 0xff,
    0x80, 0x0, 0x0, 0x6f, 0xf0, 0xdf, 0xff, 0x10,
    0x0, 0x6, 0xff, 0xd, 0xfe, 0xfa, 0x0, 0x0,
    0x6f, 0xf0, 0xdf, 0x7f, 0xf2, 0x0, 0x6, 0xff,
    0xd, 0xf5, 0xaf, 0xb0, 0x0, 0x6f, 0xf0, 0xdf,
    0x63, 0xff, 0x30, 0x6, 0xff, 0xd, 0xf7, 0xb,
    0xfc, 0x0, 0x6f, 0xf0, 0xdf, 0x80, 0x2f, 0xf5,
    0x6, 0xff, 0xd, 0xf8, 0x0, 0xaf, 0xd0, 0x5f,
    0xf0, 0xdf, 0x80, 0x1, 0xff, 0x54, 0xff, 0xd,
    0xf8, 0x0, 0x8, 0xfd, 0x3f, 0xf0, 0xdf, 0x80,
    0x0, 0x1f, 0xf7, 0xff, 0xd, 0xf8, 0x0, 0x0,
    0x7f, 0xdf, 0xf0, 0xdf, 0x80, 0x0, 0x0, 0xef,
    0xff, 0xd, 0xf8, 0x0, 0x0, 0x6, 0xff, 0xf0,
    0xdf, 0x80, 0x0, 0x0, 0xd, 0xff, 0x0,

    /* U+004F "O" */
    0x0, 0x0, 0x6c, 0xef, 0xea, 0x30, 0x0, 0x0,
    0x2, 0xdf, 0xff, 0xff, 0xff, 0x90, 0x0, 0x0,
    0xef, 0xfc, 0x86, 0x9e, 0xff, 0x80, 0x0, 0x7f,
    0xf9, 0x0, 0x0, 0x2d, 0xff, 0x10, 0x1f, 0xfd,
    0x0, 0x0, 0x0, 0x3f, 0xf9, 0x6, 0xff, 0x50,
    0x0, 0x0, 0x0, 0xcf, 0xf0, 0x9f, 0xf1, 0x0,
    0x0, 0x0, 0x8, 0xff, 0x3b, 0xff, 0x0, 0x0,
    0x0, 0x0, 0x6f, 0xf4, 0xbf, 0xe0, 0x0, 0x0,
    0x0, 0x4, 0xff, 0x5b, 0xff, 0x0, 0x0, 0x0,
    0x0, 0x6f, 0xf4, 0x9f, 0xf2, 0x0, 0x0, 0x0,
    0x8, 0xff, 0x25, 0xff, 0x60, 0x0, 0x0, 0x0,
    0xcf, 0xf0, 0xe, 0xfd, 0x0, 0x0, 0x0, 0x4f,
    0xf9, 0x0, 0x7f, 0xfa, 0x0, 0x0, 0x3e, 0xff,
    0x10, 0x0, 0xdf, 0xfd, 0x86, 0xaf, 0xff, 0x70,
    0x0, 0x1, 0xdf, 0xff, 0xff, 0xff, 0x80, 0x0,
    0x0, 0x0, 0x6c, 0xef, 0xe9, 0x30, 0x0, 0x0,

    /* U+0050 "P" */
    0xdf, 0xff, 0xff, 0xdb, 0x50, 0x0, 0xdf, 0xff,
    0xff, 0xff, 0xfc, 0x0, 0xdf, 0xb2, 0x23, 0x5b,
    0xff, 0xa0, 0xdf, 0xa0, 0x0, 0x0, 0xbf, 0xf0,
    0xdf, 0xa0, 0x0, 0x0, 0x5f, 0xf2, 0xdf, 0xa0,
    0x0, 0x0, 0x6f, 0xf2, 0xdf, 0xa0, 0x0, 0x0,
    0xbf, 0xe0, 0xdf, 0xa0, 0x0, 0x3a, 0xff, 0x90,
    0xdf, 0xff, 0xff, 0xff, 0xfc, 0x0, 0xdf, 0xff,
    0xff, 0xfd, 0x60, 0x0, 0xdf, 0xb2, 0x21, 0x0,
    0x0, 0x0, 0xdf, 0xa0, 0x0, 0x0, 0x0, 0x0,
    0xdf, 0xa0, 0x0, 0x0, 0x0, 0x0, 0xdf, 0xa0,
    0x0, 0x0, 0x0, 0x0, 0xdf, 0xa0, 0x0, 0x0,
    0x0, 0x0, 0xdf, 0xa0, 0x0, 0x0, 0x0, 0x0,
    0xdf, 0xa0, 0x0, 0x0, 0x0, 0x0,

    /* U+0051 "Q" */
    0x0, 0x0, 0x6b, 0xef, 0xd9, 0x30, 0x0, 0x0,
    0x1, 0xcf, 0xff, 0xff, 0xff, 0x70, 0x0, 0x0,
    0xdf, 0xfd, 0x86, 0xaf, 0xff, 0x60, 0x0, 0x6f,
    0xfa, 0x0, 0x0, 0x3e, 0xfe, 0x0, 0xe, 0xfe,
    0x0, 0x0, 0x0, 0x4f, 0xf7, 0x5, 0xff, 0x70,
    0x0, 0x0, 0x0, 0xdf, 0xe0, 0x8f, 0xf2, 0x0,
    0x0, 0x0, 0x8, 0xff, 0x2a, 0xff, 0x0, 0x0,
    0x0, 0x0, 0x6f, 0xf4, 0xbf, 0xe0, 0x0, 0x0,
    0x0, 0x4, 0xff, 0x5a, 0xff, 0x0, 0x0, 0x0,
    0x0, 0x5f, 0xf4, 0x9f, 0xf0, 0x0, 0x0, 0x0,
    0x7, 0xff, 0x27, 0xff, 0x20, 0x0, 0x0, 0x0,
    0x9f, 0xf0, 0x3f, 0xf8, 0x0, 0x0, 0x0, 0xe,
    0xfd, 0x0, 0xcf, 0xe0, 0x0, 0x0, 0x5, 0xff,
    0x60, 0x5, 0xff, 0xc0, 0x0, 0x4, 0xff, 0xe0,
    0x0, 0x9, 0xff, 0xe9, 0x7b, 0xff, 0xf4, 0x0,
    0x0, 0x9, 0xff, 0xff, 0xff, 0xe4, 0x0, 0x0,
    0x0, 0x2, 0x8f, 0xff, 0x60, 0x0, 0x0, 0x0,
    0x0, 0x0, 0x7f, 0xf7, 0x0, 0x0, 0x0, 0x0,
    0x0, 0x0, 0xdf, 0xfb, 0x53, 0x53, 0x0, 0x0,
    0x0, 0x1, 0xcf, 0xff, 0xff, 0xa0, 0x0, 0x0,
    0x0, 0x0, 0x5b, 0xdf, 0xe9,

    /* U+0052 "R" */
    0xdf, 0xff, 0xff, 0xec, 0x60, 0x0, 0xdf, 0xff,
    0xff, 0xff, 0xfd, 0x10, 0xdf, 0xb2, 0x23, 0x4a,
    0xff, 0xb0, 0xdf, 0xa0, 0x0, 0x0, 0xaf, 0xf0,
    0xdf, 0xa0, 0x0, 0x0, 0x5f, 0xf3, 0xdf, 0xa0,
    0x0, 0x0, 0x5f, 0xf3, 0xdf, 0xa0, 0x0, 0x0,
    0xaf, 0xf0, 0xdf, 0xa0, 0x0, 0x29, 0xff, 0xa0,
    0xdf, 0xff, 0xff, 0xff, 0xfd, 0x10, 0xdf, 0xff,
    0xff, 0xff, 0x81, 0x0, 0xdf, 0xb2, 0x28, 0xff,
    0x40, 0x0, 0xdf, 0xa0, 0x0, 0xef, 0xd0, 0x0,
    0xdf, 0xa0, 0x0, 0x6f, 0xf6, 0x0, 0xdf, 0xa0,
    0x0, 0xd, 0xfe, 0x0, 0xdf, 0xa0, 0x0, 0x5,
    0xff, 0x70, 0xdf, 0xa0, 0x0, 0x0, 0xcf, 0xf1,
    0xdf, 0xa0, 0x0, 0x0, 0x4f, 0xf9,

    /* U+0053 "S" */
    0x0, 0x0, 0x6c, 0xef, 0xc7, 0x0, 0x0, 0x1,
    0xdf, 0xff, 0xff, 0xfd, 0x30, 0x0, 0xbf, 0xfb,
    0x66, 0x9f, 0xf9, 0x0, 0x1f, 0xf9, 0x0, 0x0,
    0x19, 0x0, 0x3, 0xff, 0x60, 0x0, 0x0, 0x0,
    0x0, 0x1f, 0xfb, 0x0, 0x0, 0x0, 0x0, 0x0,
    0xbf, 0xfd, 0x50, 0x0, 0x0, 0x0, 0x1, 0xdf,
    0xff, 0xd6, 0x0, 0x0, 0x0, 0x0, 0x7e, 0xff,
    0xfe, 0x60, 0x0, 0x0, 0x0, 0x6, 0xdf, 0xff,
    0x70, 0x0, 0x0, 0x0, 0x0, 0x6f, 0xff, 0x10,
    0x0, 0x0, 0x0, 0x0, 0x6f, 0xf5, 0x0, 0x10,
    0x0, 0x0, 0x3, 0xff, 0x60, 0x3f, 0x90, 0x0,
    0x0, 0x9f, 0xf2, 0xc, 0xff, 0xe8, 0x67, 0xbf,
    0xfb, 0x0, 0x1b, 0xff, 0xff, 0xff, 0xfd, 0x10,
    0x0, 0x4, 0xad, 0xfe, 0xb6, 0x0, 0x0,

    /* U+0054 "T" */
    0x4f, 0xff, 0xff, 0xff, 0xff, 0xff, 0xc4, 0xff,
    0xff, 0xff, 0xff, 0xff, 0xfc, 0x13, 0x33, 0x3b,
    0xff, 0x43, 0x33, 0x30, 0x0, 0x0, 0x9f, 0xf0,
    0x0, 0x0, 0x0, 0x0, 0x9, 0xff, 0x0, 0x0,
    0x0, 0x0, 0x0, 0x9f, 0xf0, 0x0, 0x0, 0x0,
    0x0, 0x9, 0xff, 0x0, 0x0, 0x0, 0x0, 0x0,
    0x9f, 0xf0, 0x0, 0x0, 0x0, 0x0, 0x9, 0xff,
    0x0, 0x0, 0x0, 0x0, 0x0, 0x9f, 0xf0, 0x0,
    0x0, 0x0, 0x0, 0x9, 0xff, 0x0, 0x0, 0x0,
    0x0, 0x0, 0x9f, 0xf0, 0x0, 0x0, 0x0, 0x0,
    0x9, 0xff, 0x0, 0x0, 0x0, 0x0, 0x0, 0x9f,
    0xf0, 0x0, 0x0, 0x0, 0x0, 0x9, 0xff, 0x0,
    0x0, 0x0, 0x0, 0x0, 0x9f, 0xf0, 0x0, 0x0,
    0x0, 0x0, 0x9, 0xff, 0x0, 0x0, 0x0,

    /* U+0055 "U" */
    0xff, 0x90, 0x0, 0x0, 0x6, 0xff, 0x1f, 0xf9,
    0x0, 0x0, 0x0, 0x6f, 0xf1, 0xff, 0x90, 0x0,
    0x0, 0x6, 0xff, 0x1f, 0xf9, 0x0, 0x0, 0x0,
    0x6f, 0xf1, 0xff, 0x90, 0x0, 0x0, 0x6, 0xff,
    0x1f, 0xf9, 0x0, 0x0, 0x0, 0x6f, 0xf1, 0xff,
    0x90, 0x0, 0x0, 0x6, 0xff, 0x1f, 0xf9, 0x0,
    0x0, 0x0, 0x6f, 0xf1, 0xff, 0x90, 0x0, 0x0,
    0x6, 0xff, 0x1f, 0xf9, 0x0, 0x0, 0x0, 0x6f,
    0xf1, 0xef, 0xa0, 0x0, 0x0, 0x7, 0xff, 0xd,
    0xfc, 0x0, 0x0, 0x0, 0x9f, 0xe0, 0x9f, 0xf1,
    0x0, 0x0, 0xd, 0xfb, 0x5, 0xff, 0x90, 0x0,
    0x7, 0xff, 0x60, 0xd, 0xff, 0xc7, 0x6a, 0xff,
    0xe0, 0x0, 0x2d, 0xff, 0xff, 0xff, 0xe3, 0x0,
    0x0, 0x7, 0xbe, 0xec, 0x80, 0x0, 0x0,

    /* U+0056 "V" */
    0xe, 0xfc, 0x0, 0x0, 0x0, 0x9, 0xff, 0x0,
    0x9f, 0xf1, 0x0, 0x0, 0x0, 0xef, 0xb0, 0x4,
    0xff, 0x50, 0x0, 0x0, 0x2f, 0xf6, 0x0, 0xf,
    0xf9, 0x0, 0x0, 0x6, 0xff, 0x10, 0x0, 0xbf,
    0xe0, 0x0, 0x0, 0xbf, 0xc0, 0x0, 0x6, 0xff,
    0x20, 0x0, 0xf, 0xf7, 0x0, 0x0, 0x1f, 0xf6,
    0x0, 0x3, 0xff, 0x30, 0x0, 0x0, 0xcf, 0xb0,
    0x0, 0x8f, 0xe0, 0x0, 0x0, 0x8, 0xff, 0x0,
    0xc, 0xf9, 0x0, 0x0, 0x0, 0x3f, 0xf3, 0x0,
    0xff, 0x40, 0x0, 0x0, 0x0, 0xef, 0x80, 0x5f,
    0xf0, 0x0, 0x0, 0x0, 0x9, 0xfc, 0x9, 0xfb,
    0x0, 0x0, 0x0, 0x0, 0x5f, 0xf0, 0xdf, 0x60,
    0x0, 0x0, 0x0, 0x0, 0xff, 0x6f, 0xf1, 0x0,
    0x0, 0x0, 0x0, 0xb, 0xfe, 0xfc, 0x0, 0x0,
    0x0, 0x0, 0x0, 0x6f, 0xff, 0x70, 0x0, 0x0,
    0x0, 0x0, 0x1, 0xff, 0xf3, 0x0, 0x0, 0x0,

    /* U+0057 "W" */
    0x6f, 0xf3, 0x0, 0x0, 0x5f, 0xf2, 0x0, 0x0,
    0x6f, 0xf0, 0x3f, 0xf6, 0x0, 0x0, 0x9f, 0xf6,
    0x0, 0x0, 0x8f, 0xd0, 0xf, 0xf8, 0x0, 0x0,
    0xcf, 0xfa, 0x0, 0x0, 0xbf, 0xa0, 0xd, 0xfb,
    0x0, 0x0, 0xff, 0xfd, 0x0, 0x0, 0xef, 0x70,
    0xa, 0xfe, 0x0, 0x4, 0xfa, 0xff, 0x10, 0x1,
    0xff, 0x40, 0x7, 0xff, 0x10, 0x8, 0xf6, 0xcf,
    0x50, 0x4, 0xff, 0x10, 0x3, 0xff, 0x30, 0xb,
    0xf3, 0x9f, 0x90, 0x6, 0xfe, 0x0, 0x0, 0xff,
    0x60, 0xf, 0xf0, 0x6f, 0xd0, 0x9, 0xfb, 0x0,
    0x0, 0xdf, 0x90, 0x3f, 0xc0, 0x2f, 0xf1, 0xc,
    0xf8, 0x0, 0x0, 0xaf, 0xb0, 0x6f, 0x90, 0xe,
    0xf4, 0xf, 0xf5, 0x0, 0x0, 0x7f, 0xe0, 0xaf,
    0x50, 0xb, 0xf7, 0x1f, 0xf2, 0x0, 0x0, 0x4f,
    0xf1, 0xdf, 0x20, 0x7, 0xfa, 0x3f, 0xf0, 0x0,
    0x0, 0x1f, 0xf4, 0xfe, 0x0, 0x3, 0xfd, 0x6f,
    0xc0, 0x0, 0x0, 0xe, 0xf9, 0xfa, 0x0, 0x0,
    0xff, 0x9f, 0x90, 0x0, 0x0, 0xb, 0xff, 0xf7,
    0x0, 0x0, 0xcf, 0xff, 0x60, 0x0, 0x0, 0x8,
    0xff, 0xf3, 0x0, 0x0, 0x8f, 0xff, 0x30, 0x0,
    0x0, 0x5, 0xff, 0xf0, 0x0, 0x0, 0x5f, 0xff,
    0x0, 0x0,

    /* U+0058 "X" */
    0x1f, 0xfb, 0x0, 0x0, 0x7, 0xff, 0x30, 0x9f,
    0xf3, 0x0, 0x0, 0xef, 0xb0, 0x1, 0xff, 0xb0,
    0x0, 0x6f, 0xf2, 0x0, 0x8, 0xff, 0x30, 0xd,
    0xfa, 0x0, 0x0, 0xe, 0xfa, 0x5, 0xff, 0x20,
    0x0, 0x0, 0x7f, 0xf2, 0xcf, 0x90, 0x0, 0x0,
    0x0, 0xef, 0xcf, 0xf1, 0x0, 0x0, 0x0, 0x6,
    0xff, 0xf9, 0x0, 0x0, 0x0, 0x0, 0x2f, 0xff,
    0x40, 0x0, 0x0, 0x0, 0xa, 0xff, 0xfc, 0x0,
    0x0, 0x0, 0x3, 0xff, 0x7f, 0xf4, 0x0, 0x0,
    0x0, 0xbf, 0xb0, 0xcf, 0xd0, 0x0, 0x0, 0x4f,
    0xf4, 0x5, 0xff, 0x50, 0x0, 0xc, 0xfc, 0x0,
    0xd, 0xfe, 0x0, 0x5, 0xff, 0x40, 0x0, 0x5f,
    0xf7, 0x0, 0xdf, 0xc0, 0x0, 0x0, 0xdf, 0xe0,
    0x6f, 0xf4, 0x0, 0x0, 0x5, 0xff, 0x80,

    /* U+0059 "Y" */
    0xd, 0xfd, 0x0, 0x0, 0x0, 0xaf, 0xf0, 0x6,
    0xff, 0x40, 0x0, 0x1, 0xff, 0x80, 0x0, 0xef,
    0xb0, 0x0, 0x7, 0xff, 0x10, 0x0, 0x7f, 0xf1,
    0x0, 0xe, 0xf9, 0x0, 0x0, 0xf, 0xf8, 0x0,
    0x5f, 0xf2, 0x0, 0x0, 0x8, 0xfe, 0x0, 0xbf,
    0xb0, 0x0, 0x0, 0x1, 0xff, 0x52, 0xff, 0x30,
    0x0, 0x0, 0x0, 0x9f, 0xb8, 0xfc, 0x0, 0x0,
    0x0, 0x0, 0x2f, 0xff, 0xf4, 0x0, 0x0, 0x0,
    0x0, 0xb, 0xff, 0xd0, 0x0, 0x0, 0x0, 0x0,
    0x4, 0xff, 0x60, 0x0, 0x0, 0x0, 0x0, 0x3,
    0xff, 0x50, 0x0, 0x0, 0x0, 0x0, 0x3, 0xff,
    0x50, 0x0, 0x0, 0x0, 0x0, 0x3, 0xff, 0x50,
    0x0, 0x0, 0x0, 0x0, 0x3, 0xff, 0x50, 0x0,
    0x0, 0x0, 0x0, 0x3, 0xff, 0x50, 0x0, 0x0,
    0x0, 0x0, 0x3, 0xff, 0x50, 0x0, 0x0,

    /* U+005A "Z" */
    0x3f, 0xff, 0xff, 0xff, 0xff, 0xf4, 0x3f, 0xff,
    0xff, 0xff, 0xff, 0xf3, 0x3, 0x33, 0x33, 0x35,
    0xff, 0xb0, 0x0, 0x0, 0x0, 0xa, 0xff, 0x20,
    0x0, 0x0, 0x0, 0x4f, 0xf8, 0x0, 0x0, 0x0,
    0x0, 0xdf, 0xd0, 0x0, 0x0, 0x0, 0x7, 0xff,
    0x40, 0x0, 0x0, 0x0, 0x2f, 0xfa, 0x0, 0x0,
    0x0, 0x0, 0xbf, 0xf1, 0x0, 0x0, 0x0, 0x5,
    0xff, 0x60, 0x0, 0x0, 0x0, 0xe, 0xfc, 0x0,
    0x0, 0x0, 0x0, 0x9f, 0xf3, 0x0, 0x0, 0x0,
    0x3, 0xff, 0x90, 0x0, 0x0, 0x0, 0xc, 0xfe,
    0x0, 0x0, 0x0, 0x0, 0x6f, 0xf9, 0x44, 0x44,
    0x44, 0x41, 0xef, 0xff, 0xff, 0xff, 0xff, 0xf6,
    0xff, 0xff, 0xff, 0xff, 0xff, 0xf6,

    /* U+005B "[" */
    0xbf, 0xff, 0xfb, 0xf9, 0x77, 0xbf, 0x20, 0xb,
    0xf2, 0x0, 0xbf, 0x20, 0xb, 0xf2, 0x0, 0xbf,
    0x20, 0xb, 0xf2, 0x0, 0xbf, 0x20, 0xb, 0xf2,
    0x0, 0xbf, 0x20, 0xb, 0xf2, 0x0, 0xbf, 0x20,
    0xb, 0xf2, 0x0, 0xbf, 0x20, 0xb, 0xf2, 0x0,
    0xbf, 0x20, 0xb, 0xf2, 0x0, 0xbf, 0x20, 0xb,
    0xf2, 0x0, 0xbf, 0x42, 0x2b, 0xff, 0xff, 0x35,
    0x55, 0x50,

    /* U+005C "\\" */
    0x6f, 0x50, 0x0, 0x0, 0x2, 0xf9, 0x0, 0x0,
    0x0, 0xd, 0xe0, 0x0, 0x0, 0x0, 0x9f, 0x20,
    0x0, 0x0, 0x5, 0xf6, 0x0, 0x0, 0x0, 0xf,
    0xb0, 0x0, 0x0, 0x0, 0xcf, 0x0, 0x0, 0x0,
    0x8, 0xf3, 0x0, 0x0, 0x0, 0x3f, 0x80, 0x0,
    0x0, 0x0, 0xfc, 0x0, 0x0, 0x0, 0xb, 0xf0,
    0x0, 0x0, 0x0, 0x6f, 0x50, 0x0, 0x0, 0x2,
    0xf9, 0x0, 0x0, 0x0, 0xe, 0xd0, 0x0, 0x0,
    0x0, 0x9f, 0x20, 0x0, 0x0, 0x5, 0xf6, 0x0,
    0x0, 0x0, 0x1f, 0xa0, 0x0, 0x0, 0x0, 0xce,
    0x0, 0x0, 0x0, 0x8, 0xf3, 0x0, 0x0, 0x0,
    0x4f, 0x70, 0x0, 0x0, 0x0, 0xfc, 0x0, 0x0,
    0x0, 0xb, 0xf0, 0x0, 0x0, 0x0, 0x47, 0x10,

    /* U+005D "]" */
    0x1f, 0xff, 0xf8, 0x7, 0x7a, 0xf8, 0x0, 0x5,
    0xf8, 0x0, 0x5, 0xf8, 0x0, 0x5, 0xf8, 0x0,
    0x5, 0xf8, 0x0, 0x5, 0xf8, 0x0, 0x5, 0xf8,
    0x0, 0x5, 0xf8, 0x0, 0x5, 0xf8, 0x0, 0x5,
    0xf8, 0x0, 0x5, 0xf8, 0x0, 0x5, 0xf8, 0x0,
    0x5, 0xf8, 0x0, 0x5, 0xf8, 0x0, 0x5, 0xf8,
    0x0, 0x5, 0xf8, 0x0, 0x5, 0xf8, 0x0, 0x5,
    0xf8, 0x0, 0x5, 0xf8, 0x2, 0x27, 0xf8, 0x1f,
    0xff, 0xf8, 0x5, 0x55, 0x52,

    /* U+005E "^" */
    0x0, 0x0, 0xff, 0x80, 0x0, 0x0, 0x0, 0x6f,
    0xfe, 0x0, 0x0, 0x0, 0xc, 0xfd, 0xf4, 0x0,
    0x0, 0x2, 0xfd, 0x4f, 0xa0, 0x0, 0x0, 0x8f,
    0x80, 0xff, 0x10, 0x0, 0xe, 0xf2, 0xa, 0xf6,
    0x0, 0x4, 0xfc, 0x0, 0x4f, 0xc0, 0x0, 0xaf,
    0x70, 0x0, 0xef, 0x20, 0xf, 0xf1, 0x0, 0x9,
    0xf8, 0x6, 0xfb, 0x0, 0x0, 0x3f, 0xe0,

    /* U+005F "_" */
    0x7a, 0xaa, 0xaa, 0xaa, 0xaa, 0xaa, 0xa, 0xff,
    0xff, 0xff, 0xff, 0xff, 0xf1,

    /* U+0060 "`" */
    0x0, 0x50, 0x0, 0x0, 0x8f, 0x70, 0x0, 0xb,
    0xff, 0x40, 0x0, 0xb, 0xff, 0x20, 0x0, 0xb,
    0xfd, 0x0, 0x0, 0xb, 0x90, 0x0, 0x0, 0x0,
    0x0,

    /* U+0061 "a" */
    0x0, 0x4a, 0xef, 0xd9, 0x0, 0x1c, 0xff, 0xff,
    0xff, 0xd0, 0xd, 0xe8, 0x43, 0x9f, 0xf6, 0x2,
    0x0, 0x0, 0xd, 0xfc, 0x0, 0x0, 0x0, 0xa,
    0xfe, 0x0, 0x5, 0xae, 0xff, 0xff, 0x4, 0xef,
    0xfd, 0xac, 0xff, 0x3f, 0xfa, 0x20, 0x8, 0xff,
    0x9f, 0xd0, 0x0, 0x8, 0xff, 0xbf, 0xb0, 0x0,
    0xb, 0xff, 0x9f, 0xf7, 0x35, 0xdf, 0xff, 0x2f,
    0xff, 0xff, 0xe9, 0xff, 0x3, 0xcf, 0xd9, 0x12,
    0xff,

    /* U+0062 "b" */
    0x1f, 0xf6, 0x0, 0x0, 0x0, 0x0, 0x1f, 0xf6,
    0x0, 0x0, 0x0, 0x0, 0x1f, 0xf6, 0x0, 0x0,
    0x0, 0x0, 0x1f, 0xf6, 0x0, 0x0, 0x0, 0x0,
    0x1f, 0xf6, 0x0, 0x0, 0x0, 0x0, 0x1f, 0xf6,
    0x2a, 0xee, 0xa2, 0x0, 0x1f, 0xfb, 0xff, 0xff,
    0xff, 0x40, 0x1f, 0xff, 0xd6, 0x48, 0xff, 0xd0,
    0x1f, 0xfb, 0x0, 0x0, 0x7f, 0xf5, 0x1f, 0xf6,
    0x0, 0x0, 0x1f, 0xf8, 0x1f, 0xf6, 0x0, 0x0,
    0xf, 0xfa, 0x1f, 0xf6, 0x0, 0x0, 0xe, 0xfb,
    0x1f, 0xf6, 0x0, 0x0, 0xf, 0xf9, 0x1f, 0xf6,
    0x0, 0x0, 0x3f, 0xf6, 0x1f, 0xf8, 0x0, 0x0,
    0xbf, 0xf2, 0x1f, 0xff, 0xa5, 0x5b, 0xff, 0x90,
    0x1f, 0xfb, 0xff, 0xff, 0xfc, 0x10, 0x1f, 0xf0,
    0x5c, 0xfc, 0x70, 0x0,

    /* U+0063 "c" */
    0x0, 0x6, 0xbe, 0xeb, 0x40, 0x1, 0xbf, 0xff,
    0xff, 0xf5, 0xa, 0xff, 0xb5, 0x49, 0xc0, 0x4f,
    0xfa, 0x0, 0x0, 0x0, 0x9f, 0xf1, 0x0, 0x0,
    0x0, 0xcf, 0xd0, 0x0, 0x0, 0x0, 0xef, 0xb0,
    0x0, 0x0, 0x0, 0xcf, 0xc0, 0x0, 0x0, 0x0,
    0x9f, 0xf1, 0x0, 0x0, 0x0, 0x5f, 0xf9, 0x0,
    0x0, 0x10, 0xb, 0xff, 0xb5, 0x49, 0xf3, 0x2,
    0xcf, 0xff, 0xff, 0xf7, 0x0, 0x7, 0xbe, 0xda,
    0x30,

    /* U+0064 "d" */
    0x0, 0x0, 0x0, 0x0, 0x8f, 0xf0, 0x0, 0x0,
    0x0, 0x8, 0xff, 0x0, 0x0, 0x0, 0x0, 0x8f,
    0xf0, 0x0, 0x0, 0x0, 0x8, 0xff, 0x0, 0x0,
    0x0, 0x0, 0x8f, 0xf0, 0x0, 0x8d, 0xeb, 0x48,
    0xff, 0x2, 0xdf, 0xff, 0xff, 0xdf, 0xf0, 0xcf,
    0xfa, 0x45, 0xbf, 0xff, 0x4f, 0xf9, 0x0, 0x0,
    0xaf, 0xf9, 0xff, 0x10, 0x0, 0x8, 0xff, 0xbf,
    0xd0, 0x0, 0x0, 0x8f, 0xfd, 0xfb, 0x0, 0x0,
    0x8, 0xff, 0xcf, 0xd0, 0x0, 0x0, 0x8f, 0xfa,
    0xff, 0x0, 0x0, 0x8, 0xff, 0x6f, 0xf7, 0x0,
    0x1, 0xcf, 0xf0, 0xef, 0xf8, 0x46, 0xdf, 0xff,
    0x4, 0xff, 0xff, 0xff, 0xaf, 0xf0, 0x2, 0xae,
    0xea, 0x22, 0xff,

    /* U+0065 "e" */
    0x0, 0x7, 0xcf, 0xd9, 0x10, 0x0, 0x1c, 0xff,
    0xff, 0xfe, 0x20, 0xb, 0xfe, 0x52, 0x4c, 0xfb,
    0x4, 0xff, 0x20, 0x0, 0x1f, 0xf3, 0x9f, 0xb0,
    0x0, 0x0, 0xcf, 0x5c, 0xfe, 0xdd, 0xdd, 0xdf,
    0xf7, 0xef, 0xff, 0xff, 0xff, 0xff, 0x7c, 0xfa,
    0x0, 0x0, 0x0, 0x0, 0x9f, 0xe0, 0x0, 0x0,
    0x0, 0x4, 0xff, 0x70, 0x0, 0x0, 0x0, 0xb,
    0xff, 0x94, 0x25, 0xb7, 0x0, 0x1c, 0xff, 0xff,
    0xff, 0xc0, 0x0, 0x6, 0xbe, 0xeb, 0x60, 0x0,

    /* U+0066 "f" */
    0x0, 0x2, 0xbe, 0xeb, 0x20, 0x1, 0xff, 0xff,
    0xf0, 0x0, 0x7f, 0xf8, 0x23, 0x0, 0xa, 0xff,
    0x0, 0x0, 0x0, 0xaf, 0xd0, 0x0, 0x4, 0xef,
    0xff, 0xff, 0x40, 0x4f, 0xff, 0xff, 0xf4, 0x0,
    0x2b, 0xfe, 0x22, 0x0, 0x0, 0xaf, 0xd0, 0x0,
    0x0, 0xa, 0xfd, 0x0, 0x0, 0x0, 0xaf, 0xd0,
    0x0, 0x0, 0xa, 0xfd, 0x0, 0x0, 0x0, 0xaf,
    0xd0, 0x0, 0x0, 0xa, 0xfd, 0x0, 0x0, 0x0,
    0xaf, 0xd0, 0x0, 0x0, 0xa, 0xfd, 0x0, 0x0,
    0x0, 0xaf, 0xd0, 0x0, 0x0, 0xa, 0xfd, 0x0,
    0x0,

    /* U+0067 "g" */
    0x0, 0x4b, 0xef, 0xff, 0xff, 0xf2, 0x8, 0xff,
    0xfe, 0xff, 0xff, 0xf2, 0x3f, 0xf8, 0x0, 0x5f,
    0xf3, 0x0, 0x7f, 0xf0, 0x0, 0xb, 0xf8, 0x0,
    0x6f, 0xe0, 0x0, 0xa, 0xf9, 0x0, 0x2f, 0xf6,
    0x0, 0x3f, 0xf5, 0x0, 0x5, 0xff, 0xdc, 0xff,
    0xb0, 0x0, 0x5, 0xfc, 0xdf, 0xc6, 0x0, 0x0,
    0xf, 0xe0, 0x0, 0x0, 0x0, 0x0, 0x3f, 0xd0,
    0x0, 0x0, 0x0, 0x0, 0x2f, 0xf7, 0x21, 0x11,
    0x0, 0x0, 0xb, 0xff, 0xff, 0xff, 0xfb, 0x30,
    0x8, 0xfd, 0xff, 0xff, 0xff, 0xf1, 0x7f, 0x90,
    0x0, 0x1, 0x7f, 0xf5, 0xdf, 0x40, 0x0, 0x0,
    0x2f, 0xf3, 0xcf, 0xb1, 0x0, 0x2, 0xcf, 0xd0,
    0x4f, 0xff, 0xdc, 0xdf, 0xfd, 0x10, 0x3, 0x9d,
    0xff, 0xda, 0x40, 0x0,

    /* U+0068 "h" */
    0x1f, 0xf6, 0x0, 0x0, 0x0, 0x1, 0xff, 0x60,
    0x0, 0x0, 0x0, 0x1f, 0xf6, 0x0, 0x0, 0x0,
    0x1, 0xff, 0x60, 0x0, 0x0, 0x0, 0x1f, 0xf6,
    0x0, 0x0, 0x0, 0x1, 0xff, 0x61, 0x9e, 0xfb,
    0x30, 0x1f, 0xf8, 0xdf, 0xff, 0xff, 0x21, 0xff,
    0xfe, 0x85, 0xaf, 0xf9, 0x1f, 0xfd, 0x20, 0x0,
    0xdf, 0xc1, 0xff, 0x60, 0x0, 0xa, 0xfe, 0x1f,
    0xf6, 0x0, 0x0, 0x9f, 0xf1, 0xff, 0x60, 0x0,
    0x8, 0xff, 0x1f, 0xf6, 0x0, 0x0, 0x8f, 0xf1,
    0xff, 0x60, 0x0, 0x8, 0xff, 0x1f, 0xf6, 0x0,
    0x0, 0x8f, 0xf1, 0xff, 0x60, 0x0, 0x8, 0xff,
    0x1f, 0xf6, 0x0, 0x0, 0x8f, 0xf1, 0xff, 0x60,
    0x0, 0x8, 0xff,

    /* U+0069 "i" */
    0xb, 0xd4, 0x4f, 0xfa, 0x1e, 0xf5, 0x0, 0x10,
    0x0, 0x0, 0x1f, 0xf6, 0x1f, 0xf6, 0x1f, 0xf6,
    0x1f, 0xf6, 0x1f, 0xf6, 0x1f, 0xf6, 0x1f, 0xf6,
    0x1f, 0xf6, 0x1f, 0xf6, 0x1f, 0xf6, 0x1f, 0xf6,
    0x1f, 0xf6, 0x1f, 0xf6,

    /* U+006A "j" */
    0x0, 0x0, 0xbd, 0x40, 0x0, 0x4f, 0xfa, 0x0,
    0x1, 0xef, 0x50, 0x0, 0x0, 0x10, 0x0, 0x0,
    0x0, 0x0, 0x0, 0x1f, 0xf7, 0x0, 0x1, 0xff,
    0x70, 0x0, 0x1f, 0xf7, 0x0, 0x1, 0xff, 0x70,
    0x0, 0x1f, 0xf7, 0x0, 0x1, 0xff, 0x70, 0x0,
    0x1f, 0xf7, 0x0, 0x1, 0xff, 0x70, 0x0, 0x1f,
    0xf7, 0x0, 0x1, 0xff, 0x70, 0x0, 0x1f, 0xf7,
    0x0, 0x1, 0xff, 0x70, 0x0, 0x1f, 0xf7, 0x0,
    0x1, 0xff, 0x70, 0x0, 0x2f, 0xf5, 0x2, 0x29,
    0xff, 0x20, 0xcf, 0xff, 0xb0, 0xc, 0xfd, 0x90,
    0x0,

    /* U+006B "k" */
    0x1f, 0xf6, 0x0, 0x0, 0x0, 0x0, 0x1f, 0xf6,
    0x0, 0x0, 0x0, 0x0, 0x1f, 0xf6, 0x0, 0x0,
    0x0, 0x0, 0x1f, 0xf6, 0x0, 0x0, 0x0, 0x0,
    0x1f, 0xf6, 0x0, 0x0, 0x0, 0x0, 0x1f, 0xf6,
    0x0, 0x3, 0xff, 0x90, 0x1f, 0xf6, 0x0, 0x1e,
    0xfc, 0x0, 0x1f, 0xf6, 0x0, 0xbf, 0xe2, 0x0,
    0x1f, 0xf6, 0x6, 0xff, 0x40, 0x0, 0x1f, 0xf6,
    0x3f, 0xf8, 0x0, 0x0, 0x1f, 0xf7, 0xdf, 0xf1,
    0x0, 0x0, 0x1f, 0xff, 0xff, 0xf9, 0x0, 0x0,
    0x1f, 0xff, 0xf8, 0xff, 0x30, 0x0, 0x1f, 0xff,
    0x50, 0xcf, 0xc0, 0x0, 0x1f, 0xf8, 0x0, 0x4f,
    0xf5, 0x0, 0x1f, 0xf6, 0x0, 0xb, 0xfe, 0x0,
    0x1f, 0xf6, 0x0, 0x2, 0xff, 0x80, 0x1f, 0xf6,
    0x0, 0x0, 0x9f, 0xf2,

    /* U+006C "l" */
    0x1f, 0xf6, 0x1, 0xff, 0x60, 0x1f, 0xf6, 0x1,
    0xff, 0x60, 0x1f, 0xf6, 0x1, 0xff, 0x60, 0x1f,
    0xf6, 0x1, 0xff, 0x60, 0x1f, 0xf6, 0x1, 0xff,
    0x60, 0x1f, 0xf6, 0x1, 0xff, 0x60, 0x1f, 0xf6,
    0x1, 0xff, 0x60, 0x1f, 0xf7, 0x0, 0xff, 0xb1,
    0xc, 0xff, 0x90, 0x3c, 0xfa,

    /* U+006D "m" */
    0x1f, 0xf0, 0x1a, 0xee, 0xb1, 0x0, 0x7d, 0xfb,
    0x30, 0x1f, 0xf5, 0xef, 0xff, 0xfc, 0xb, 0xff,
    0xff, 0xf2, 0x1f, 0xff, 0xe8, 0x5c, 0xff, 0xef,
    0x95, 0xaf, 0xf9, 0x1f, 0xfd, 0x20, 0x2, 0xff,
    0xf4, 0x0, 0xd, 0xfd, 0x1f, 0xf6, 0x0, 0x0,
    0xef, 0xb0, 0x0, 0xa, 0xfe, 0x1f, 0xf6, 0x0,
    0x0, 0xdf, 0xb0, 0x0, 0x9, 0xff, 0x1f, 0xf6,
    0x0, 0x0, 0xdf, 0xb0, 0x0, 0x8, 0xff, 0x1f,
    0xf6, 0x0, 0x0, 0xdf, 0xb0, 0x0, 0x8, 0xff,
    0x1f, 0xf6, 0x0, 0x0, 0xdf, 0xb0, 0x0, 0x8,
    0xff, 0x1f, 0xf6, 0x0, 0x0, 0xdf, 0xb0, 0x0,
    0x8, 0xff, 0x1f, 0xf6, 0x0, 0x0, 0xdf, 0xb0,
    0x0, 0x8, 0xff, 0x1f, 0xf6, 0x0, 0x0, 0xdf,
    0xb0, 0x0, 0x8, 0xff, 0x1f, 0xf6, 0x0, 0x0,
    0xdf, 0xb0, 0x0, 0x8, 0xff,

    /* U+006E "n" */
    0x1f, 0xf0, 0x19, 0xef, 0xb3, 0x1, 0xff, 0x5e,
    0xff, 0xff, 0xf2, 0x1f, 0xff, 0xe8, 0x5a, 0xff,
    0x91, 0xff, 0xd2, 0x0, 0xd, 0xfc, 0x1f, 0xf6,
    0x0, 0x0, 0xaf, 0xe1, 0xff, 0x60, 0x0, 0x9,
    0xff, 0x1f, 0xf6, 0x0, 0x0, 0x8f, 0xf1, 0xff,
    0x60, 0x0, 0x8, 0xff, 0x1f, 0xf6, 0x0, 0x0,
    0x8f, 0xf1, 0xff, 0x60, 0x0, 0x8, 0xff, 0x1f,
    0xf6, 0x0, 0x0, 0x8f, 0xf1, 0xff, 0x60, 0x0,
    0x8, 0xff, 0x1f, 0xf6, 0x0, 0x0, 0x8f, 0xf0,

    /* U+006F "o" */
    0x0, 0x7, 0xbe, 0xda, 0x20, 0x0, 0x1, 0xcf,
    0xff, 0xff, 0xf6, 0x0, 0xb, 0xff, 0x94, 0x5d,
    0xff, 0x30, 0x4f, 0xf7, 0x0, 0x1, 0xef, 0xd0,
    0x9f, 0xf0, 0x0, 0x0, 0x7f, 0xf1, 0xcf, 0xc0,
    0x0, 0x0, 0x4f, 0xf4, 0xef, 0xb0, 0x0, 0x0,
    0x2f, 0xf6, 0xcf, 0xc0, 0x0, 0x0, 0x4f, 0xf4,
    0x9f, 0xf0, 0x0, 0x0, 0x7f, 0xf1, 0x4f, 0xf8,
    0x0, 0x1, 0xef, 0xd0, 0xb, 0xff, 0x94, 0x6d,
    0xff, 0x30, 0x1, 0xcf, 0xff, 0xff, 0xf6, 0x0,
    0x0, 0x7, 0xbe, 0xda, 0x20, 0x0,

    /* U+0070 "p" */
    0x1f, 0xf0, 0x3a, 0xee, 0xa3, 0x0, 0x1f, 0xfa,
    0xff, 0xff, 0xff, 0x40, 0x1f, 0xff, 0xd6, 0x48,
    0xff, 0xd0, 0x1f, 0xfb, 0x0, 0x0, 0x7f, 0xf5,
    0x1f, 0xf6, 0x0, 0x0, 0x1f, 0xf8, 0x1f, 0xf6,
    0x0, 0x0, 0xf, 0xfa, 0x1f, 0xf6, 0x0, 0x0,
    0xe, 0xfb, 0x1f, 0xf6, 0x0, 0x0, 0xf, 0xf9,
    0x1f, 0xf6, 0x0, 0x0, 0x3f, 0xf6, 0x1f, 0xf8,
    0x0, 0x0, 0xbf, 0xf2, 0x1f, 0xff, 0xb5, 0x5b,
    0xff, 0x90, 0x1f, 0xfd, 0xff, 0xff, 0xfc, 0x10,
    0x1f, 0xf6, 0x5c, 0xfc, 0x70, 0x0, 0x1f, 0xf6,
    0x0, 0x0, 0x0, 0x0, 0x1f, 0xf6, 0x0, 0x0,
    0x0, 0x0, 0x1f, 0xf6, 0x0, 0x0, 0x0, 0x0,
    0x1f, 0xf6, 0x0, 0x0, 0x0, 0x0, 0x1f, 0xf6,
    0x0, 0x0, 0x0, 0x0,

    /* U+0071 "q" */
    0x0, 0x8, 0xdf, 0xc5, 0x1f, 0xf0, 0x2d, 0xff,
    0xff, 0xfd, 0xff, 0xc, 0xff, 0xa4, 0x5b, 0xff,
    0xf4, 0xff, 0x90, 0x0, 0xa, 0xff, 0x9f, 0xf1,
    0x0, 0x0, 0x8f, 0xfb, 0xfd, 0x0, 0x0, 0x8,
    0xff, 0xdf, 0xb0, 0x0, 0x0, 0x8f, 0xfc, 0xfd,
    0x0, 0x0, 0x8, 0xff, 0xaf, 0xf0, 0x0, 0x0,
    0x8f, 0xf6, 0xff, 0x70, 0x0, 0x1c, 0xff, 0xe,
    0xff, 0x84, 0x6d, 0xff, 0xf0, 0x4f, 0xff, 0xff,
    0xfc, 0xff, 0x0, 0x2a, 0xee, 0xa2, 0x8f, 0xf0,
    0x0, 0x0, 0x0, 0x8, 0xff, 0x0, 0x0, 0x0,
    0x0, 0x8f, 0xf0, 0x0, 0x0, 0x0, 0x8, 0xff,
    0x0, 0x0, 0x0, 0x0, 0x8f, 0xf0, 0x0, 0x0,
    0x0, 0x8, 0xff,

    /* U+0072 "r" */
    0x1f, 0xf0, 0x1a, 0xff, 0x1, 0xff, 0x3e, 0xff,
    0xc0, 0x1f, 0xfd, 0xf9, 0x65, 0x1, 0xff, 0xf5,
    0x0, 0x0, 0x1f, 0xfb, 0x0, 0x0, 0x1, 0xff,
    0x70, 0x0, 0x0, 0x1f, 0xf6, 0x0, 0x0, 0x1,
    0xff, 0x60, 0x0, 0x0, 0x1f, 0xf6, 0x0, 0x0,
    0x1, 0xff, 0x60, 0x0, 0x0, 0x1f, 0xf6, 0x0,
    0x0, 0x1, 0xff, 0x60, 0x0, 0x0, 0x1f, 0xf6,
    0x0, 0x0, 0x0,

    /* U+0073 "s" */
    0x0, 0x18, 0xdf, 0xd9, 0x20, 0x0, 0xdf, 0xff,
    0xff, 0xf4, 0x7, 0xff, 0x51, 0x39, 0xc0, 0xa,
    0xfd, 0x0, 0x0, 0x0, 0x7, 0xff, 0x50, 0x0,
    0x0, 0x1, 0xdf, 0xfd, 0x60, 0x0, 0x0, 0x8,
    0xff, 0xfd, 0x50, 0x0, 0x0, 0x18, 0xff, 0xf4,
    0x0, 0x0, 0x0, 0x1e, 0xfa, 0x2, 0x10, 0x0,
    0xb, 0xfb, 0xd, 0xe7, 0x31, 0x5f, 0xf8, 0x1b,
    0xff, 0xff, 0xff, 0xd0, 0x0, 0x5b, 0xef, 0xc8,
    0x0,

    /* U+0074 "t" */
    0x0, 0x27, 0x60, 0x0, 0x0, 0x5, 0xfd, 0x0,
    0x0, 0x0, 0x6f, 0xd0, 0x0, 0x0, 0x8, 0xfd,
    0x0, 0x0, 0x6e, 0xff, 0xff, 0xff, 0x7, 0xff,
    0xff, 0xff, 0xf0, 0x12, 0xbf, 0xd2, 0x22, 0x0,
    0xa, 0xfd, 0x0, 0x0, 0x0, 0xaf, 0xd0, 0x0,
    0x0, 0xa, 0xfd, 0x0, 0x0, 0x0, 0xaf, 0xd0,
    0x0, 0x0, 0xa, 0xfd, 0x0, 0x0, 0x0, 0xaf,
    0xd0, 0x0, 0x0, 0x9, 0xff, 0x0, 0x0, 0x0,
    0x6f, 0xf9, 0x35, 0x0, 0x0, 0xef, 0xff, 0xf1,
    0x0, 0x2, 0xbe, 0xeb, 0x20,

    /* U+0075 "u" */
    0x4f, 0xf4, 0x0, 0x0, 0xcf, 0xc4, 0xff, 0x40,
    0x0, 0xc, 0xfc, 0x4f, 0xf4, 0x0, 0x0, 0xcf,
    0xc4, 0xff, 0x40, 0x0, 0xc, 0xfc, 0x4f, 0xf4,
    0x0, 0x0, 0xcf, 0xc4, 0xff, 0x40, 0x0, 0xc,
    0xfc, 0x4f, 0xf4, 0x0, 0x0, 0xcf, 0xc4, 0xff,
    0x40, 0x0, 0xc, 0xfc, 0x3f, 0xf5, 0x0, 0x0,
    0xcf, 0xc1, 0xff, 0x90, 0x0, 0x6f, 0xfc, 0xe,
    0xff, 0x86, 0xaf, 0xff, 0xc0, 0x6f, 0xff, 0xff,
    0x97, 0xfc, 0x0, 0x6c, 0xfd, 0x60, 0x5f, 0xc0,

    /* U+0076 "v" */
    0x8f, 0xf0, 0x0, 0x0, 0xe, 0xf8, 0x3f, 0xf5,
    0x0, 0x0, 0x3f, 0xf3, 0xd, 0xf9, 0x0, 0x0,
    0x8f, 0xe0, 0x8, 0xfe, 0x0, 0x0, 0xdf, 0x90,
    0x3, 0xff, 0x30, 0x1, 0xff, 0x30, 0x0, 0xef,
    0x80, 0x6, 0xfe, 0x0, 0x0, 0x9f, 0xc0, 0xb,
    0xf9, 0x0, 0x0, 0x3f, 0xf1, 0xf, 0xf4, 0x0,
    0x0, 0xe, 0xf5, 0x4f, 0xf0, 0x0, 0x0, 0x9,
    0xfa, 0x8f, 0xa0, 0x0, 0x0, 0x4, 0xfe, 0xdf,
    0x50, 0x0, 0x0, 0x0, 0xef, 0xff, 0x0, 0x0,
    0x0, 0x0, 0x9f, 0xfb, 0x0, 0x0,

    /* U+0077 "w" */
    0x4f, 0xf4, 0x0, 0x1, 0xff, 0x70, 0x0, 0xd,
    0xf8, 0xf, 0xf7, 0x0, 0x5, 0xff, 0xb0, 0x0,
    0x1f, 0xf4, 0xc, 0xfb, 0x0, 0x9, 0xff, 0xf0,
    0x0, 0x4f, 0xf0, 0x8, 0xfe, 0x0, 0xd, 0xeb,
    0xf3, 0x0, 0x8f, 0xc0, 0x4, 0xff, 0x20, 0x1f,
    0xb8, 0xf7, 0x0, 0xcf, 0x80, 0x0, 0xff, 0x60,
    0x5f, 0x84, 0xfb, 0x0, 0xff, 0x40, 0x0, 0xcf,
    0xa0, 0x9f, 0x51, 0xfe, 0x3, 0xff, 0x10, 0x0,
    0x8f, 0xd0, 0xcf, 0x10, 0xdf, 0x26, 0xfd, 0x0,
    0x0, 0x4f, 0xf0, 0xfd, 0x0, 0x9f, 0x69, 0xf9,
    0x0, 0x0, 0xf, 0xf6, 0xf9, 0x0, 0x6f, 0x9c,
    0xf5, 0x0, 0x0, 0xc, 0xfd, 0xf6, 0x0, 0x2f,
    0xdf, 0xf1, 0x0, 0x0, 0x8, 0xff, 0xf2, 0x0,
    0xe, 0xff, 0xd0, 0x0, 0x0, 0x4, 0xff, 0xe0,
    0x0, 0xa, 0xff, 0x90, 0x0,

    /* U+0078 "x" */
    0x2f, 0xfa, 0x0, 0x0, 0xef, 0xa0, 0x8, 0xff,
    0x30, 0x6, 0xff, 0x20, 0x0, 0xef, 0xb0, 0xd,
    0xf8, 0x0, 0x0, 0x5f, 0xf4, 0x5f, 0xe1, 0x0,
    0x0, 0xc, 0xfc, 0xcf, 0x70, 0x0, 0x0, 0x3,
    0xff, 0xfd, 0x0, 0x0, 0x0, 0x0, 0xef, 0xf7,
    0x0, 0x0, 0x0, 0x7, 0xff, 0xfe, 0x0, 0x0,
    0x0, 0x1f, 0xf5, 0xff, 0x80, 0x0, 0x0, 0xaf,
    0xc0, 0x8f, 0xf2, 0x0, 0x3, 0xff, 0x40, 0xe,
    0xfb, 0x0, 0xc, 0xfc, 0x0, 0x6, 0xff, 0x50,
    0x5f, 0xf3, 0x0, 0x0, 0xcf, 0xe0,

    /* U+0079 "y" */
    0x7f, 0xf1, 0x0, 0x0, 0xe, 0xf8, 0x1f, 0xf6,
    0x0, 0x0, 0x3f, 0xf3, 0xb, 0xfb, 0x0, 0x0,
    0x8f, 0xd0, 0x5, 0xff, 0x10, 0x0, 0xcf, 0x80,
    0x0, 0xff, 0x60, 0x1, 0xff, 0x30, 0x0, 0x9f,
    0xb0, 0x6, 0xfd, 0x0, 0x0, 0x3f, 0xf1, 0xb,
    0xf8, 0x0, 0x0, 0xd, 0xf6, 0xf, 0xf3, 0x0,
    0x0, 0x7, 0xfb, 0x3f, 0xd0, 0x0, 0x0, 0x1,
    0xff, 0x8f, 0x80, 0x0, 0x0, 0x0, 0xbf, 0xff,
    0x30, 0x0, 0x0, 0x0, 0x5f, 0xfe, 0x0, 0x0,
    0x0, 0x0, 0xf, 0xf8, 0x0, 0x0, 0x0, 0x0,
    0x3f, 0xf3, 0x0, 0x0, 0x0, 0x0, 0xbf, 0xc0,
    0x0, 0x0, 0x2, 0x38, 0xff, 0x50, 0x0, 0x0,
    0xc, 0xff, 0xf9, 0x0, 0x0, 0x0, 0xc, 0xfc,
    0x60, 0x0, 0x0, 0x0,

    /* U+007A "z" */
    0x8, 0xff, 0xff, 0xff, 0xff, 0x0, 0x8f, 0xff,
    0xff, 0xff, 0xd0, 0x1, 0x22, 0x22, 0x9f, 0xf4,
    0x0, 0x0, 0x0, 0x1f, 0xfa, 0x0, 0x0, 0x0,
    0xb, 0xfe, 0x10, 0x0, 0x0, 0x5, 0xff, 0x60,
    0x0, 0x0, 0x1, 0xef, 0xc0, 0x0, 0x0, 0x0,
    0x9f, 0xf2, 0x0, 0x0, 0x0, 0x4f, 0xf7, 0x0,
    0x0, 0x0, 0xd, 0xfd, 0x0, 0x0, 0x0, 0x8,
    0xff, 0x51, 0x11, 0x11, 0x1, 0xff, 0xff, 0xff,
    0xff, 0xf2, 0x2f, 0xff, 0xff, 0xff, 0xff, 0x20,

    /* U+007B "{" */
    0x0, 0x3, 0xcf, 0xf0, 0x0, 0xef, 0xb7, 0x0,
    0x2f, 0xe0, 0x0, 0x4, 0xfd, 0x0, 0x0, 0x4f,
    0xd0, 0x0, 0x3, 0xfd, 0x0, 0x0, 0x2f, 0xd0,
    0x0, 0x1, 0xfe, 0x0, 0x0, 0x1f, 0xe0, 0x0,
    0x6, 0xfc, 0x0, 0x1c, 0xfe, 0x30, 0x2, 0xff,
    0xa0, 0x0, 0x1, 0xbf, 0xa0, 0x0, 0x2, 0xfd,
    0x0, 0x0, 0x1f, 0xe0, 0x0, 0x2, 0xfd, 0x0,
    0x0, 0x3f, 0xd0, 0x0, 0x3, 0xfd, 0x0, 0x0,
    0x4f, 0xc0, 0x0, 0x3, 0xfd, 0x0, 0x0, 0x1f,
    0xf6, 0x20, 0x0, 0x8f, 0xff, 0x0, 0x0, 0x24,
    0x50,

    /* U+007C "|" */
    0xbf, 0xbf, 0xbf, 0xbf, 0xbf, 0xbf, 0xbf, 0xbf,
    0xbf, 0xbf, 0xbf, 0xbf, 0xbf, 0xbf, 0xbf, 0xbf,
    0xbf, 0xbf, 0xbf, 0xbf, 0xbf, 0xbf, 0xbf, 0xbf,
    0xbf, 0xbf,

    /* U+007D "}" */
    0x1f, 0xfb, 0x20, 0x0, 0x8c, 0xfb, 0x0, 0x0,
    0x1f, 0xf0, 0x0, 0x0, 0xff, 0x10, 0x0, 0xf,
    0xf1, 0x0, 0x0, 0xff, 0x0, 0x0, 0xf, 0xf0,
    0x0, 0x0, 0xfe, 0x0, 0x0, 0xf, 0xe0, 0x0,
    0x0, 0xef, 0x30, 0x0, 0x7, 0xff, 0xb0, 0x0,
    0x2d, 0xff, 0x0, 0xd, 0xf8, 0x10, 0x0, 0xff,
    0x0, 0x0, 0x1f, 0xe0, 0x0, 0x0, 0xff, 0x0,
    0x0, 0xf, 0xf0, 0x0, 0x0, 0xff, 0x0, 0x0,
    0xf, 0xf1, 0x0, 0x0, 0xff, 0x0, 0x2, 0x8f,
    0xe0, 0x1, 0xff, 0xf5, 0x0, 0x5, 0x41, 0x0,
    0x0,

    /* U+007E "~" */
    0x0, 0x6e, 0xe9, 0x10, 0x0, 0x20, 0x8, 0xff,
    0xff, 0xe4, 0x7, 0xf6, 0xd, 0xd2, 0x19, 0xff,
    0xff, 0xe2, 0x0, 0x20, 0x0, 0x4c, 0xfb, 0x20,

    /* U+00B7 "·" */
    0x0, 0x33, 0x0, 0xb, 0xff, 0xb0, 0x5f, 0xff,
    0xf5, 0x7f, 0xff, 0xf7, 0x3f, 0xff, 0xf3, 0x6,
    0xee, 0x60,

    /* U+2026 "…" */
    0x3, 0x0, 0x0, 0x0, 0x11, 0x0, 0x0, 0x0,
    0x30, 0x8f, 0xe0, 0x0, 0x3, 0xff, 0x30, 0x0,
    0xe, 0xf8, 0xcf, 0xf2, 0x0, 0x7, 0xff, 0x70,
    0x0, 0x2f, 0xfc, 0x5e, 0x90, 0x0, 0x1, 0xcc,
    0x10, 0x0, 0x9, 0xe5,

    /* U+2192 "→" */
    0x0, 0x0, 0x0, 0x0, 0x0, 0x0, 0x0, 0x2,
    0x0, 0x0, 0x0, 0x0, 0x0, 0x0, 0x0, 0x0,
    0x0, 0x0, 0xaf, 0x50, 0x0, 0x0, 0x0, 0x0,
    0x0, 0x0, 0x0, 0x0, 0x0, 0x4f, 0xf4, 0x0,
    0x0, 0x0, 0x0, 0x0, 0x0, 0x0, 0x0, 0x0,
    0x6, 0xff, 0x40, 0x0, 0x0, 0x0, 0x0, 0x0,
    0x0, 0x0, 0x0, 0x0, 0x6f, 0xf7, 0x0, 0x1f,
    0xff, 0xff, 0xff, 0xff, 0xff, 0xff, 0xff, 0xff,
    0xff, 0xb0, 0x1c, 0xcc, 0xcc, 0xcc, 0xcc, 0xcc,
    0xcc, 0xcc, 0xcf, 0xff, 0x60, 0x0, 0x0, 0x0,
    0x0, 0x0, 0x0, 0x0, 0x0, 0x9f, 0xe3, 0x0,
    0x0, 0x0, 0x0, 0x0, 0x0, 0x0, 0x0, 0xa,
    0xfd, 0x10, 0x0, 0x0, 0x0, 0x0, 0x0, 0x0,
    0x0, 0x0, 0x8f, 0xd1, 0x0, 0x0, 0x0, 0x0,
    0x0, 0x0, 0x0, 0x0, 0x0, 0x6d, 0x20, 0x0,
    0x0, 0x0, 0x0, 0x0, 0x0, 0x0, 0x0, 0x0,
    0x0, 0x0, 0x0, 0x0,

    /* U+3001 "、" */
    0x0, 0x0, 0x0, 0x1, 0xc8, 0x0, 0x0, 0xbf,
    0xf9, 0x0, 0x1, 0xcf, 0xf9, 0x0, 0x0, 0xbf,
    0xf8, 0x0, 0x0, 0xcf, 0xf6, 0x0, 0x1, 0xdc,
    0x10, 0x0, 0x1, 0x0,

    /* U+3002 "。" */
    0x0, 0x3, 0x52, 0x0, 0x1, 0xcf, 0xff, 0x70,
    0xa, 0xd2, 0x6, 0xf4, 0xf, 0x50, 0x0, 0xb9,
    0x2f, 0x30, 0x0, 0x9b, 0xf, 0x70, 0x0, 0xd8,
    0x6, 0xf8, 0x6c, 0xe1, 0x0, 0x6d, 0xfb, 0x20,

    /* U+4E00 "一" */
    0x1e, 0xee, 0xee, 0xee, 0xee, 0xee, 0xee, 0xee,
    0xee, 0xee, 0xe2, 0x1f, 0xff, 0xff, 0xff, 0xff,
    0xff, 0xff, 0xff, 0xff, 0xff, 0xf2, 0x5, 0x55,
    0x55, 0x55, 0x55, 0x55, 0x55, 0x55, 0x55, 0x55,
    0x50,

    /* U+4E0A "上" */
    0x0, 0x0, 0x0, 0x0, 0x11, 0x0, 0x0, 0x0,
    0x0, 0x0, 0x0, 0x0, 0x0, 0x0, 0xcf, 0x60,
    0x0, 0x0, 0x0, 0x0, 0x0, 0x0, 0x0, 0x0,
    0xcf, 0x60, 0x0, 0x0, 0x0, 0x0, 0x0, 0x0,
    0x0, 0x0, 0xcf, 0x60, 0x0, 0x0, 0x0, 0x0,
    0x0, 0x0, 0x0, 0x0, 0xcf, 0x60, 0x0, 0x0,
    0x0, 0x0, 0x0, 0x0, 0x0, 0x0, 0xcf, 0x60,
    0x0, 0x0, 0x0, 0x0, 0x0, 0x0, 0x0, 0x0,
    0xcf, 0x60, 0x0, 0x0, 0x0, 0x0, 0x0, 0x0,
    0x0, 0x0, 0xcf, 0xfe, 0xee, 0xee, 0xee, 0x60,
    0x0, 0x0, 0x0, 0x0, 0xcf, 0xff, 0xff, 0xff,
    0xff, 0x70, 0x0, 0x0, 0x0, 0x0, 0xcf, 0x82,
    0x22, 0x22, 0x22, 0x10, 0x0, 0x0, 0x0, 0x0,
    0xcf, 0x60, 0x0, 0x0, 0x0, 0x0, 0x0, 0x0,
    0x0, 0x0, 0xcf, 0x60, 0x0, 0x0, 0x0, 0x0,
    0x0, 0x0, 0x0, 0x0, 0xcf, 0x60, 0x0, 0x0,
    0x0, 0x0, 0x0, 0x0, 0x0, 0x0, 0xcf, 0x60,
    0x0, 0x0, 0x0, 0x0, 0x0, 0x0, 0x0, 0x0,
    0xcf, 0x60, 0x0, 0x0, 0x0, 0x0, 0x0, 0x0,
    0x0, 0x0, 0xcf, 0x60, 0x0, 0x0, 0x0, 0x0,
    0x0, 0x0, 0x0, 0x0, 0xcf, 0x60, 0x0, 0x0,
    0x0, 0x0, 0x22, 0x22, 0x22, 0x22, 0xdf, 0x72,
    0x22, 0x22, 0x22, 0x22, 0xef, 0xff, 0xff, 0xff,
    0xff, 0xff, 0xff, 0xff, 0xff, 0xff, 0xef, 0xff,
    0xff, 0xff, 0xff, 0xff, 0xff, 0xff, 0xff, 0xfe,

    /* U+4E0B "下" */
    0xbf, 0xff, 0xff, 0xff, 0xff, 0xff, 0xff, 0xff,
    0xff, 0xfe, 0xbf, 0xff, 0xff, 0xff, 0xff, 0xff,
    0xff, 0xff, 0xff, 0xfe, 0x12, 0x22, 0x22, 0x22,
    0x8f, 0xc2, 0x22, 0x22, 0x22, 0x22, 0x0, 0x0,
    0x0, 0x0, 0x7f, 0xb0, 0x0, 0x0, 0x0, 0x0,
    0x0, 0x0, 0x0, 0x0, 0x7f, 0xb0, 0x0, 0x0,
    0x0, 0x0, 0x0, 0x0, 0x0, 0x0, 0x7f, 0xc4,
    0x0, 0x0, 0x0, 0x0, 0x0, 0x0, 0x0, 0x0,
    0x7f, 0xff, 0xb3, 0x0, 0x0, 0x0, 0x0, 0x0,
    0x0, 0x0, 0x7f, 0xff, 0xff, 0xa2, 0x0, 0x0,
    0x0, 0x0, 0x0, 0x0, 0x7f, 0xb2, 0xcf, 0xff,
    0x70, 0x0, 0x0, 0x0, 0x0, 0x0, 0x7f, 0xb0,
    0x5, 0xef, 0xfd, 0x20, 0x0, 0x0, 0x0, 0x0,
    0x7f, 0xb0, 0x0, 0x1a, 0xff, 0x80, 0x0, 0x0,
    0x0, 0x0, 0x7f, 0xb0, 0x0, 0x0, 0x6b, 0x0,
    0x0, 0x0, 0x0, 0x0, 0x7f, 0xb0, 0x0, 0x0,
    0x0, 0x0, 0x0, 0x0, 0x0, 0x0, 0x7f, 0xb0,
    0x0, 0x0, 0x0, 0x0, 0x0, 0x0, 0x0, 0x0,
    0x7f, 0xb0, 0x0, 0x0, 0x0, 0x0, 0x0, 0x0,
    0x0, 0x0, 0x7f, 0xb0, 0x0, 0x0, 0x0, 0x0,
    0x0, 0x0, 0x0, 0x0, 0x7f, 0xb0, 0x0, 0x0,
    0x0, 0x0, 0x0, 0x0, 0x0, 0x0, 0x7f, 0xb0,
    0x0, 0x0, 0x0, 0x0, 0x0, 0x0, 0x0, 0x0,
    0x7f, 0xb0, 0x0, 0x0, 0x0, 0x0,

    /* U+4E0D "不" */
    0x0, 0x0, 0x0, 0x0, 0x0, 0x0, 0x0, 0x0,
    0x0, 0x0, 0x0, 0xb, 0xff, 0xff, 0xff, 0xff,
    0xff, 0xff, 0xff, 0xff, 0xff, 0x40, 0xb, 0xff,
    0xff, 0xff, 0xff, 0xff, 0xff, 0xff, 0xff, 0xff,
    0x40, 0x0, 0x0, 0x0, 0x0, 0x1, 0xbf, 0xf2,
    0x0, 0x0, 0x0, 0x0, 0x0, 0x0, 0x0, 0x0,
    0x5, 0xff, 0x70, 0x0, 0x0, 0x0, 0x0, 0x0,
    0x0, 0x0, 0x0, 0x1e, 0xfe, 0x0, 0x0, 0x0,
    0x0, 0x0, 0x0, 0x0, 0x0, 0x1, 0xdf, 0xfe,
    0x5, 0x0, 0x0, 0x0, 0x0, 0x0, 0x0, 0x0,
    0xc, 0xff, 0xfe, 0x9f, 0xc2, 0x0, 0x0, 0x0,
    0x0, 0x0, 0x1, 0xbf, 0xfb, 0xfe, 0x3e, 0xff,
    0x50, 0x0, 0x0, 0x0, 0x0, 0x2d, 0xff, 0x55,
    0xfe, 0x1, 0xcf, 0xfa, 0x0, 0x0, 0x0, 0x5,
    0xef, 0xf5, 0x5, 0xfe, 0x0, 0x9, 0xff, 0xc1,
    0x0, 0x2, 0xbf, 0xfe, 0x40, 0x5, 0xfe, 0x0,
    0x0, 0x6f, 0xfe, 0x20, 0x1f, 0xff, 0xa1, 0x0,
    0x5, 0xfe, 0x0, 0x0, 0x4, 0xff, 0xc0, 0x8,
    0xe5, 0x0, 0x0, 0x5, 0xfe, 0x0, 0x0, 0x0,
    0x4c, 0x10, 0x0, 0x10, 0x0, 0x0, 0x5, 0xfe,
    0x0, 0x0, 0x0, 0x0, 0x0, 0x0, 0x0, 0x0,
    0x0, 0x5, 0xfe, 0x0, 0x0, 0x0, 0x0, 0x0,
    0x0, 0x0, 0x0, 0x0, 0x5, 0xfe, 0x0, 0x0,
    0x0, 0x0, 0x0, 0x0, 0x0, 0x0, 0x0, 0x5,
    0xfe, 0x0, 0x0, 0x0, 0x0, 0x0, 0x0, 0x0,
    0x0, 0x0, 0x5, 0xfe, 0x0, 0x0, 0x0, 0x0,
    0x0, 0x0, 0x0, 0x0, 0x0, 0x5, 0xfe, 0x0,
    0x0, 0x0, 0x0, 0x0,

    /* U+4E2A "个" */
    0x0, 0x0, 0x0, 0x0, 0x0, 0x3, 0x0, 0x0,
    0x0, 0x0, 0x0, 0x0, 0x0, 0x0, 0x0, 0x0,
    0xaf, 0x90, 0x0, 0x0, 0x0, 0x0, 0x0, 0x0,
    0x0, 0x0, 0x6, 0xff, 0x70, 0x0, 0x0, 0x0,
    0x0, 0x0, 0x0, 0x0, 0x0, 0x4f, 0xff, 0xf5,
    0x0, 0x0, 0x0, 0x0, 0x0, 0x0, 0x0, 0x5,
    0xff, 0xa9, 0xff, 0x60, 0x0, 0x0, 0x0, 0x0,
    0x0, 0x0, 0x7f, 0xf9, 0x0, 0x9f, 0xf9, 0x0,
    0x0, 0x0, 0x0, 0x0, 0x1b, 0xff, 0x90, 0x0,
    0x8, 0xff, 0xc2, 0x0, 0x0, 0x0, 0x6, 0xff,
    0xf8, 0x0, 0xaa, 0x0, 0x6f, 0xff, 0x70, 0x0,
    0x7, 0xef, 0xfe, 0x50, 0x1, 0xff, 0x0, 0x3,
    0xdf, 0xfe, 0x60, 0x1d, 0xff, 0xb1, 0x0, 0x1,
    0xff, 0x0, 0x0, 0x9, 0xff, 0xe1, 0x3, 0xc4,
    0x0, 0x0, 0x1, 0xff, 0x0, 0x0, 0x0, 0x3b,
    0x30, 0x0, 0x0, 0x0, 0x0, 0x1, 0xff, 0x0,
    0x0, 0x0, 0x0, 0x0, 0x0, 0x0, 0x0, 0x0,
    0x1, 0xff, 0x0, 0x0, 0x0, 0x0, 0x0, 0x0,
    0x0, 0x0, 0x0, 0x1, 0xff, 0x0, 0x0, 0x0,
    0x0, 0x0, 0x0, 0x0, 0x0, 0x0, 0x1, 0xff,
    0x0, 0x0, 0x0, 0x0, 0x0, 0x0, 0x0, 0x0,
    0x0, 0x1, 0xff, 0x0, 0x0, 0x0, 0x0, 0x0,
    0x0, 0x0, 0x0, 0x0, 0x1, 0xff, 0x0, 0x0,
    0x0, 0x0, 0x0, 0x0, 0x0, 0x0, 0x0, 0x1,
    0xff, 0x0, 0x0, 0x0, 0x0, 0x0, 0x0, 0x0,
    0x0, 0x0, 0x1, 0xff, 0x0, 0x0, 0x0, 0x0,
    0x0, 0x0, 0x0, 0x0, 0x0, 0x1, 0xff, 0x0,
    0x0, 0x0, 0x0, 0x0, 0x0, 0x0, 0x0, 0x0,
    0x1, 0xff, 0x0, 0x0, 0x0, 0x0, 0x0,

    /* U+4E2D "中" */
    0x0, 0x0, 0x0, 0x0, 0x66, 0x0, 0x0, 0x0,
    0x0, 0x0, 0x0, 0x0, 0x2, 0xff, 0x0, 0x0,
    0x0, 0x0, 0x0, 0x0, 0x0, 0x2, 0xff, 0x0,
    0x0, 0x0, 0x0, 0x0, 0x0, 0x0, 0x2, 0xff,
    0x0, 0x0, 0x0, 0x0, 0xee, 0xee, 0xee, 0xee,
    0xff, 0xee, 0xee, 0xee, 0xee, 0xff, 0xff, 0xff,
    0xff, 0xff, 0xff, 0xff, 0xff, 0xff, 0xff, 0x31,
    0x11, 0x13, 0xff, 0x21, 0x11, 0x14, 0xff, 0xff,
    0x10, 0x0, 0x2, 0xff, 0x0, 0x0, 0x3, 0xff,
    0xff, 0x10, 0x0, 0x2, 0xff, 0x0, 0x0, 0x3,
    0xff, 0xff, 0x10, 0x0, 0x2, 0xff, 0x0, 0x0,
    0x3, 0xff, 0xff, 0x10, 0x0, 0x2, 0xff, 0x0,
    0x0, 0x3, 0xff, 0xff, 0x31, 0x11, 0x13, 0xff,
    0x11, 0x11, 0x14, 0xff, 0xff, 0xff, 0xff, 0xff,
    0xff, 0xff, 0xff, 0xff, 0xff, 0xff, 0xff, 0xff,
    0xff, 0xff, 0xff, 0xff, 0xff, 0xff, 0xdd, 0x10,
    0x0, 0x2, 0xff, 0x0, 0x0, 0x2, 0xbb, 0x0,
    0x0, 0x0, 0x2, 0xff, 0x0, 0x0, 0x0, 0x0,
    0x0, 0x0, 0x0, 0x2, 0xff, 0x0, 0x0, 0x0,
    0x0, 0x0, 0x0, 0x0, 0x2, 0xff, 0x0, 0x0,
    0x0, 0x0, 0x0, 0x0, 0x0, 0x2, 0xff, 0x0,
    0x0, 0x0, 0x0, 0x0, 0x0, 0x0, 0x2, 0xff,
    0x0, 0x0, 0x0, 0x0, 0x0, 0x0, 0x0, 0x2,
    0xff, 0x0, 0x0, 0x0, 0x0,

    /* U+4E32 "串" */
    0x0, 0x0, 0x0, 0x1, 0x66, 0x0, 0x0, 0x0,
    0x0, 0x0, 0x0, 0x0, 0x4, 0xff, 0x0, 0x0,
    0x0, 0x0, 0x0, 0x0, 0x0, 0x5, 0xff, 0x0,
    0x0, 0x0, 0x0, 0xf, 0xff, 0xff, 0xff, 0xff,
    0xff, 0xff, 0xff, 0xe0, 0xf, 0xfc, 0xcc, 0xcd,
    0xff, 0xcc, 0xcc, 0xdf, 0xe0, 0xf, 0xf1, 0x0,
    0x4, 0xff, 0x0, 0x0, 0x5f, 0xe0, 0xf, 0xf1,
    0x0, 0x4, 0xff, 0x0, 0x0, 0x5f, 0xe0, 0xf,
    0xfc, 0xcc, 0xcd, 0xff, 0xcc, 0xcc, 0xdf, 0xe0,
    0xf, 0xff, 0xff, 0xff, 0xff, 0xff, 0xff, 0xff,
    0xe0, 0x0, 0x0, 0x0, 0x5, 0xff, 0x0, 0x0,
    0x0, 0x0, 0x0, 0x0, 0x0, 0x5, 0xff, 0x0,
    0x0, 0x0, 0x0, 0xef, 0xff, 0xff, 0xff, 0xff,
    0xff, 0xff, 0xff, 0xfe, 0xef, 0xed, 0xdd, 0xde,
    0xff, 0xdd, 0xdd, 0xde, 0xfe, 0xef, 0x30, 0x0,
    0x4, 0xff, 0x0, 0x0, 0x5, 0xfe, 0xef, 0x30,
    0x0, 0x4, 0xff, 0x0, 0x0, 0x5, 0xfe, 0xef,
    0xdc, 0xcc, 0xcd, 0xff, 0xcc, 0xcc, 0xcd, 0xfe,
    0xef, 0xff, 0xff, 0xff, 0xff, 0xff, 0xff, 0xff,
    0xfe, 0xef, 0x41, 0x11, 0x15, 0xff, 0x11, 0x11,
    0x16, 0xfe, 0x55, 0x10, 0x0, 0x4, 0xff, 0x0,
    0x0, 0x2, 0x54, 0x0, 0x0, 0x0, 0x4, 0xff,
    0x0, 0x0, 0x0, 0x0, 0x0, 0x0, 0x0, 0x4,
    0xff, 0x0, 0x0, 0x0, 0x0,

    /* U+4E45 "久" */
    0x0, 0x0, 0x0, 0x7, 0x40, 0x0, 0x0, 0x0,
    0x0, 0x0, 0x0, 0x0, 0x0, 0x0, 0x3f, 0xf3,
    0x0, 0x0, 0x0, 0x0, 0x0, 0x0, 0x0, 0x0,
    0x0, 0x9f, 0xd0, 0x0, 0x0, 0x0, 0x0, 0x0,
    0x0, 0x0, 0x0, 0x0, 0xef, 0x81, 0x11, 0x12,
    0x0, 0x0, 0x0, 0x0, 0x0, 0x0, 0x7, 0xff,
    0xff, 0xff, 0xff, 0xe2, 0x0, 0x0, 0x0, 0x0,
    0x0, 0x1f, 0xff, 0xff, 0xff, 0xff, 0xf1, 0x0,
    0x0, 0x0, 0x0, 0x0, 0x9f, 0xe1, 0x0, 0x0,
    0x9f, 0xb0, 0x0, 0x0, 0x0, 0x0, 0x4, 0xff,
    0x60, 0x0, 0x1, 0xff, 0x60, 0x0, 0x0, 0x0,
    0x0, 0x1e, 0xfb, 0x0, 0x0, 0x7, 0xff, 0x10,
    0x0, 0x0, 0x0, 0x1, 0xdf, 0xf2, 0x0, 0x0,
    0xe, 0xf9, 0x0, 0x0, 0x0, 0x0, 0x1e, 0xff,
    0x40, 0x0, 0x0, 0x5f, 0xf6, 0x0, 0x0, 0x0,
    0x0, 0x8, 0xf5, 0x0, 0x0, 0x2, 0xff, 0xfe,
    0x0, 0x0, 0x0, 0x0, 0x0, 0x20, 0x0, 0x0,
    0xc, 0xfe, 0xef, 0x60, 0x0, 0x0, 0x0, 0x0,
    0x0, 0x0, 0x0, 0x8f, 0xf4, 0x6f, 0xe1, 0x0,
    0x0, 0x0, 0x0, 0x0, 0x0, 0x7, 0xff, 0x90,
    0xd, 0xfc, 0x0, 0x0, 0x0, 0x0, 0x0, 0x0,
    0x9f, 0xfb, 0x0, 0x3, 0xff, 0x90, 0x0, 0x0,
    0x0, 0x0, 0xb, 0xff, 0xb0, 0x0, 0x0, 0x6f,
    0xfa, 0x0, 0x0, 0x0, 0x5, 0xef, 0xfb, 0x0,
    0x0, 0x0, 0x8, 0xff, 0xb2, 0x0, 0x4, 0xdf,
    0xff, 0x70, 0x0, 0x0, 0x0, 0x0, 0x7f, 0xff,
    0x80, 0xa, 0xff, 0xc3, 0x0, 0x0, 0x0, 0x0,
    0x0, 0x5, 0xef, 0xc0, 0x0, 0xa5, 0x0, 0x0,
    0x0, 0x0, 0x0, 0x0, 0x0, 0x18, 0x20,

    /* U+4E4B "之" */
    0x0, 0x0, 0x0, 0x0, 0x5, 0x0, 0x0, 0x0,
    0x0, 0x0, 0x0, 0x0, 0x0, 0x0, 0xc, 0xf8,
    0x0, 0x0, 0x0, 0x0, 0x0, 0x0, 0x0, 0x0,
    0x0, 0x5f, 0xf3, 0x0, 0x0, 0x0, 0x0, 0x0,
    0x0, 0x0, 0x0, 0x0, 0xbf, 0xd0, 0x0, 0x0,
    0x0, 0x0, 0x1, 0x11, 0x11, 0x11, 0x14, 0xf8,
    0x21, 0x11, 0x20, 0x0, 0x0, 0xdf, 0xff, 0xff,
    0xff, 0xff, 0xff, 0xff, 0xff, 0xc2, 0x0, 0xc,
    0xee, 0xee, 0xee, 0xee, 0xee, 0xee, 0xef, 0xfd,
    0x0, 0x0, 0x0, 0x0, 0x0, 0x0, 0x0, 0x0,
    0x9, 0xff, 0x20, 0x0, 0x0, 0x0, 0x0, 0x0,
    0x0, 0x0, 0x8, 0xff, 0x50, 0x0, 0x0, 0x0,
    0x0, 0x0, 0x0, 0x0, 0x7, 0xff, 0x60, 0x0,
    0x0, 0x0, 0x0, 0x0, 0x0, 0x0, 0x8, 0xff,
    0x60, 0x0, 0x0, 0x0, 0x0, 0x0, 0x0, 0x0,
    0x9, 0xff, 0x70, 0x0, 0x0, 0x0, 0x0, 0x0,
    0x0, 0x0, 0x1b, 0xff, 0x50, 0x0, 0x0, 0x0,
    0x0, 0x0, 0x0, 0x0, 0x3d, 0xfe, 0x30, 0x0,
    0x0, 0x0, 0x0, 0x0, 0x0, 0x0, 0x7f, 0xfc,
    0x10, 0x0, 0x0, 0x0, 0x0, 0x0, 0x0, 0x4,
    0xdf, 0xf8, 0x0, 0x0, 0x0, 0x0, 0x0, 0x0,
    0x0, 0x8f, 0xff, 0xd3, 0x0, 0x0, 0x0, 0x0,
    0x0, 0x0, 0x1, 0xcf, 0xfd, 0xfe, 0x94, 0x0,
    0x0, 0x0, 0x0, 0x2, 0x31, 0xcf, 0xe2, 0x5,
    0xff, 0xff, 0xfe, 0xde, 0xef, 0xff, 0xff, 0x4,
    0xf4, 0x0, 0x0, 0x6c, 0xff, 0xff, 0xff, 0xff,
    0xff, 0xb0, 0x2, 0x0, 0x0, 0x0, 0x0, 0x12,
    0x22, 0x21, 0x10, 0x0, 0x0,

    /* U+4E86 "了" */
    0x0, 0x0, 0x0, 0x0, 0x0, 0x0, 0x0, 0x0,
    0x0, 0xdf, 0xff, 0xff, 0xff, 0xff, 0xff, 0xff,
    0xff, 0xc2, 0xef, 0xff, 0xff, 0xff, 0xff, 0xff,
    0xff, 0xff, 0xf7, 0x11, 0x11, 0x11, 0x11, 0x11,
    0x11, 0x2c, 0xff, 0x70, 0x0, 0x0, 0x0, 0x0,
    0x0, 0x2, 0xdf, 0xf6, 0x0, 0x0, 0x0, 0x0,
    0x0, 0x0, 0x6f, 0xfe, 0x30, 0x0, 0x0, 0x0,
    0x0, 0x0, 0x2c, 0xff, 0xa1, 0x0, 0x0, 0x0,
    0x0, 0x0, 0x0, 0xff, 0xe5, 0x0, 0x0, 0x0,
    0x0, 0x0, 0x0, 0x0, 0xff, 0x30, 0x0, 0x0,
    0x0, 0x0, 0x0, 0x0, 0x0, 0xff, 0x20, 0x0,
    0x0, 0x0, 0x0, 0x0, 0x0, 0x0, 0xff, 0x20,
    0x0, 0x0, 0x0, 0x0, 0x0, 0x0, 0x0, 0xff,
    0x20, 0x0, 0x0, 0x0, 0x0, 0x0, 0x0, 0x0,
    0xff, 0x20, 0x0, 0x0, 0x0, 0x0, 0x0, 0x0,
    0x0, 0xff, 0x20, 0x0, 0x0, 0x0, 0x0, 0x0,
    0x0, 0x0, 0xff, 0x20, 0x0, 0x0, 0x0, 0x0,
    0x0, 0x0, 0x0, 0xff, 0x20, 0x0, 0x0, 0x0,
    0x0, 0x0, 0x0, 0x0, 0xff, 0x20, 0x0, 0x0,
    0x0, 0x0, 0x0, 0x11, 0x2, 0xff, 0x20, 0x0,
    0x0, 0x0, 0x0, 0x4, 0xff, 0xff, 0xff, 0x0,
    0x0, 0x0, 0x0, 0x0, 0x0, 0xef, 0xfd, 0xb3,
    0x0, 0x0, 0x0, 0x0,

    /* U+4E8B "事" */
    0x0, 0x0, 0x0, 0x0, 0x1, 0x77, 0x0, 0x0,
    0x0, 0x0, 0x0, 0x0, 0x0, 0x0, 0x0, 0x2,
    0xff, 0x0, 0x0, 0x0, 0x0, 0x0, 0x9, 0xff,
    0xff, 0xff, 0xff, 0xff, 0xff, 0xff, 0xff, 0xff,
    0x90, 0x6, 0xbb, 0xbb, 0xbb, 0xbb, 0xff, 0xbb,
    0xbb, 0xbb, 0xbb, 0x70, 0x0, 0x0, 0x22, 0x22,
    0x24, 0xff, 0x22, 0x22, 0x22, 0x0, 0x0, 0x0,
    0x4, 0xff, 0xff, 0xff, 0xff, 0xff, 0xff, 0xff,
    0x60, 0x0, 0x0, 0x4, 0xfc, 0x33, 0x35, 0xff,
    0x33, 0x33, 0xcf, 0x60, 0x0, 0x0, 0x4, 0xfd,
    0x66, 0x68, 0xff, 0x66, 0x66, 0xdf, 0x60, 0x0,
    0x0, 0x4, 0xff, 0xff, 0xff, 0xff, 0xff, 0xff,
    0xff, 0x60, 0x0, 0x0, 0x0, 0x0, 0x0, 0x2,
    0xff, 0x0, 0x0, 0x0, 0x0, 0x0, 0x0, 0xd,
    0xff, 0xff, 0xff, 0xff, 0xff, 0xff, 0xff, 0xb0,
    0x0, 0x0, 0x7, 0x77, 0x77, 0x79, 0xff, 0x77,
    0x77, 0xaf, 0xc0, 0x0, 0x0, 0x0, 0x0, 0x0,
    0x2, 0xff, 0x0, 0x0, 0x4f, 0xc0, 0x0, 0xf,
    0xff, 0xff, 0xff, 0xff, 0xff, 0xff, 0xff, 0xff,
    0xff, 0xf1, 0x9, 0x99, 0x99, 0x99, 0x9a, 0xff,
    0x99, 0x99, 0xbf, 0xe9, 0x90, 0x0, 0x0, 0x0,
    0x0, 0x2, 0xff, 0x0, 0x0, 0x4f, 0xc0, 0x0,
    0x0, 0x1f, 0xff, 0xff, 0xff, 0xff, 0xff, 0xff,
    0xff, 0xc0, 0x0, 0x0, 0x8, 0x88, 0x88, 0x89,
    0xff, 0x88, 0x88, 0xbf, 0xc0, 0x0, 0x0, 0x0,
    0x0, 0x0, 0x2, 0xff, 0x0, 0x0, 0x14, 0x30,
    0x0, 0x0, 0x0, 0x0, 0x4a, 0xac, 0xfd, 0x0,
    0x0, 0x0, 0x0, 0x0, 0x0, 0x0, 0x0, 0x1f,
    0xfe, 0xc3, 0x0, 0x0, 0x0, 0x0, 0x0,

    /* U+4E9B "些" */
    0x0, 0x0, 0x1, 0x76, 0x0, 0x0, 0x77, 0x0,
    0x0, 0x0, 0x0, 0x0, 0x0, 0x3, 0xfd, 0x0,
    0x0, 0xff, 0x0, 0x0, 0x0, 0x0, 0x0, 0x0,
    0x3, 0xfd, 0x0, 0x0, 0xff, 0x0, 0x0, 0x40,
    0x0, 0x0, 0xcf, 0x23, 0xfd, 0x0, 0x0, 0xff,
    0x0, 0x6d, 0xf8, 0x0, 0x0, 0xcf, 0x23, 0xff,
    0xff, 0xe0, 0xff, 0x9f, 0xff, 0xe8, 0x0, 0x0,
    0xcf, 0x23, 0xff, 0xee, 0xd0, 0xff, 0xff, 0xb5,
    0x0, 0x0, 0x0, 0xcf, 0x23, 0xfd, 0x0, 0x0,
    0xff, 0x50, 0x0, 0x0, 0x0, 0x0, 0xcf, 0x23,
    0xfd, 0x0, 0x0, 0xff, 0x0, 0x0, 0x9, 0x40,
    0x0, 0xcf, 0x23, 0xfd, 0x0, 0x0, 0xff, 0x0,
    0x0, 0xe, 0xf0, 0x0, 0xcf, 0x23, 0xfe, 0x46,
    0x81, 0xff, 0x40, 0x0, 0x3f, 0xe0, 0x8, 0xef,
    0xdf, 0xff, 0xff, 0xf2, 0xcf, 0xff, 0xff, 0xff,
    0x90, 0xf, 0xff, 0xff, 0xfd, 0xb8, 0x60, 0x3b,
    0xee, 0xee, 0xea, 0x10, 0x8, 0x75, 0x31, 0x0,
    0x0, 0x0, 0x0, 0x0, 0x0, 0x0, 0x0, 0x0,
    0x1, 0x33, 0x33, 0x33, 0x33, 0x33, 0x33, 0x33,
    0x20, 0x0, 0x0, 0x4, 0xff, 0xff, 0xff, 0xff,
    0xff, 0xff, 0xff, 0x90, 0x0, 0x0, 0x3, 0xcc,
    0xcc, 0xcc, 0xcc, 0xcc, 0xcc, 0xcc, 0x70, 0x0,
    0x0, 0x0, 0x0, 0x0, 0x0, 0x0, 0x0, 0x0,
    0x0, 0x0, 0x0, 0x0, 0x0, 0x0, 0x0, 0x0,
    0x0, 0x0, 0x0, 0x0, 0x0, 0x0, 0x0, 0x0,
    0x0, 0x0, 0x0, 0x0, 0x0, 0x0, 0x0, 0x0,
    0x0, 0xc, 0xff, 0xff, 0xff, 0xff, 0xff, 0xff,
    0xff, 0xff, 0xff, 0xe0, 0xc, 0xff, 0xff, 0xff,
    0xff, 0xff, 0xff, 0xff, 0xff, 0xff, 0xe0,

    /* U+4EA4 "交" */
    0x0, 0x0, 0x0, 0x0, 0x0, 0x0, 0x0, 0x0,
    0x0, 0x0, 0x0, 0x0, 0x0, 0x0, 0x0, 0x9e,
    0x20, 0x0, 0x0, 0x0, 0x0, 0x0, 0x0, 0x0,
    0x0, 0xc, 0xfa, 0x0, 0x0, 0x0, 0x0, 0x0,
    0x0, 0x0, 0x0, 0x0, 0x3f, 0xf2, 0x0, 0x0,
    0x0, 0x0, 0xb, 0xdd, 0xdd, 0xdd, 0xdd, 0xff,
    0xdd, 0xdd, 0xdd, 0xdd, 0x40, 0xdf, 0xff, 0xff,
    0xff, 0xff, 0xff, 0xff, 0xff, 0xff, 0xf5, 0x2,
    0x22, 0x22, 0x53, 0x22, 0x22, 0x22, 0x53, 0x22,
    0x22, 0x0, 0x0, 0x0, 0x3f, 0xf4, 0x0, 0x0,
    0x6f, 0xd2, 0x0, 0x0, 0x0, 0x0, 0x4f, 0xf9,
    0x0, 0x0, 0x1, 0xcf, 0xf6, 0x0, 0x0, 0x0,
    0x8f, 0xf9, 0x0, 0x0, 0x0, 0x0, 0x9f, 0xf9,
    0x0, 0x3, 0xdf, 0xf8, 0x15, 0x0, 0x0, 0x2,
    0x62, 0x6f, 0xfa, 0x0, 0x5f, 0xe4, 0xe, 0xf3,
    0x0, 0x0, 0xaf, 0xc0, 0x5f, 0xe3, 0x0, 0x41,
    0x0, 0x6f, 0xc0, 0x0, 0x2f, 0xf3, 0x0, 0x52,
    0x0, 0x0, 0x0, 0x0, 0xdf, 0x70, 0xc, 0xfb,
    0x0, 0x0, 0x0, 0x0, 0x0, 0x0, 0x4, 0xff,
    0x49, 0xfe, 0x10, 0x0, 0x0, 0x0, 0x0, 0x0,
    0x0, 0x7, 0xff, 0xff, 0x30, 0x0, 0x0, 0x0,
    0x0, 0x0, 0x0, 0x0, 0x2e, 0xff, 0xb0, 0x0,
    0x0, 0x0, 0x0, 0x0, 0x0, 0x1, 0x9f, 0xff,
    0xff, 0xe7, 0x0, 0x0, 0x0, 0x0, 0x0, 0x49,
    0xff, 0xf8, 0x13, 0xcf, 0xfe, 0x73, 0x0, 0x0,
    0x6b, 0xff, 0xff, 0xb2, 0x0, 0x0, 0x5e, 0xff,
    0xff, 0xb5, 0xa, 0xff, 0xd8, 0x30, 0x0, 0x0,
    0x0, 0x5, 0xbf, 0xff, 0x30, 0x18, 0x20, 0x0,
    0x0, 0x0, 0x0, 0x0, 0x0, 0x3, 0x50,

    /* U+4EAE "亮" */
    0x0, 0x0, 0x0, 0x0, 0x4a, 0x80, 0x0, 0x0,
    0x0, 0x0, 0x0, 0x0, 0x0, 0x0, 0x3f, 0xf1,
    0x0, 0x0, 0x0, 0x0, 0xbc, 0xcc, 0xcc, 0xcc,
    0xcf, 0xfd, 0xcc, 0xcc, 0xcc, 0xc8, 0xef, 0xff,
    0xff, 0xff, 0xff, 0xff, 0xff, 0xff, 0xff, 0xf9,
    0x0, 0x0, 0x0, 0x0, 0x0, 0x0, 0x0, 0x0,
    0x0, 0x0, 0x0, 0xb, 0xff, 0xff, 0xff, 0xff,
    0xff, 0xff, 0xa0, 0x0, 0x0, 0xb, 0xfa, 0x77,
    0x77, 0x77, 0x77, 0xbf, 0xb0, 0x0, 0x0, 0xb,
    0xf5, 0x0, 0x0, 0x0, 0x0, 0x7f, 0xb0, 0x0,
    0x0, 0xb, 0xff, 0xff, 0xff, 0xff, 0xff, 0xff,
    0xb0, 0x0, 0x0, 0x5, 0x77, 0x77, 0x77, 0x77,
    0x77, 0x77, 0x50, 0x0, 0x0, 0x0, 0x0, 0x0,
    0x0, 0x0, 0x0, 0x0, 0x0, 0x0, 0x9f, 0xff,
    0xff, 0xff, 0xff, 0xff, 0xff, 0xff, 0xff, 0xf4,
    0x9f, 0xb8, 0x88, 0x88, 0x88, 0x88, 0x88, 0x88,
    0x8e, 0xf4, 0x9f, 0x60, 0x0, 0x11, 0x11, 0x11,
    0x11, 0x0, 0xb, 0xf4, 0x8d, 0x50, 0x9, 0xff,
    0xff, 0xff, 0xff, 0x60, 0x9, 0xd4, 0x0, 0x0,
    0xb, 0xfc, 0xaa, 0xaa, 0xef, 0x60, 0x0, 0x0,
    0x0, 0x0, 0xe, 0xf3, 0x0, 0x0, 0xbf, 0x60,
    0x0, 0x0, 0x0, 0x0, 0x7f, 0xe0, 0x0, 0x0,
    0xbf, 0x60, 0x3, 0xe6, 0x0, 0x7, 0xff, 0x60,
    0x0, 0x0, 0xbf, 0x70, 0x5, 0xf8, 0x6b, 0xff,
    0xf8, 0x0, 0x0, 0x0, 0xaf, 0xfc, 0xce, 0xf5,
    0x4f, 0xfb, 0x30, 0x0, 0x0, 0x0, 0x2c, 0xff,
    0xff, 0xa0, 0x4, 0x0, 0x0, 0x0, 0x0, 0x0,
    0x0, 0x0, 0x0, 0x0,

    /* U+4EE5 "以" */
    0x0, 0x0, 0x0, 0x0, 0x0, 0x0, 0x0, 0x7,
    0xa4, 0x0, 0x0, 0xd, 0xf6, 0x0, 0x3, 0x0,
    0x0, 0x0, 0xcf, 0x70, 0x0, 0x0, 0xdf, 0x60,
    0xc, 0xf4, 0x0, 0x0, 0xd, 0xf6, 0x0, 0x0,
    0xd, 0xf6, 0x0, 0x7f, 0xe1, 0x0, 0x0, 0xef,
    0x40, 0x0, 0x0, 0xdf, 0x60, 0x0, 0xcf, 0xb0,
    0x0, 0xf, 0xf3, 0x0, 0x0, 0xd, 0xf6, 0x0,
    0x2, 0xff, 0x40, 0x1, 0xff, 0x10, 0x0, 0x0,
    0xdf, 0x60, 0x0, 0x9, 0xfc, 0x0, 0x3f, 0xf0,
    0x0, 0x0, 0xd, 0xf6, 0x0, 0x0, 0x18, 0x0,
    0x6, 0xfc, 0x0, 0x0, 0x0, 0xdf, 0x60, 0x0,
    0x0, 0x0, 0x0, 0xaf, 0x90, 0x0, 0x0, 0xd,
    0xf6, 0x0, 0x0, 0x0, 0x0, 0xd, 0xf5, 0x0,
    0x0, 0x0, 0xdf, 0x60, 0x0, 0x0, 0x0, 0x3,
    0xff, 0x10, 0x0, 0x0, 0xd, 0xf6, 0x0, 0x2,
    0x10, 0x0, 0x9f, 0xb0, 0x0, 0x0, 0x0, 0xdf,
    0x60, 0x3a, 0xf5, 0x0, 0x1f, 0xf6, 0x0, 0x0,
    0x0, 0xd, 0xf9, 0xbf, 0xff, 0x60, 0xa, 0xff,
    0xc0, 0x0, 0x0, 0x0, 0xff, 0xff, 0xf9, 0x20,
    0x6, 0xff, 0xff, 0xc0, 0x0, 0x0, 0xaf, 0xff,
    0xa2, 0x0, 0x5, 0xff, 0x92, 0xff, 0xb0, 0x0,
    0x1e, 0xfb, 0x20, 0x0, 0x8, 0xff, 0xb0, 0x3,
    0xff, 0xa0, 0x0, 0x55, 0x0, 0x0, 0x5d, 0xff,
    0xc0, 0x0, 0x5, 0xff, 0x70, 0x0, 0x0, 0x0,
    0x3f, 0xff, 0x80, 0x0, 0x0, 0x9, 0xfd, 0x0,
    0x0, 0x0, 0x0, 0x4b, 0x20, 0x0, 0x0, 0x0,
    0x8, 0x0,

    /* U+4EF6 "件" */
    0x0, 0x0, 0x2, 0x0, 0x0, 0x0, 0x2, 0x20,
    0x0, 0x0, 0x0, 0x0, 0x0, 0xdf, 0x30, 0x20,
    0x0, 0xff, 0x0, 0x0, 0x0, 0x0, 0x0, 0x4f,
    0xd0, 0xf, 0xf1, 0xf, 0xf0, 0x0, 0x0, 0x0,
    0x0, 0xc, 0xf6, 0x4, 0xfd, 0x0, 0xff, 0x0,
    0x0, 0x0, 0x0, 0x5, 0xfe, 0x0, 0x8f, 0xa1,
    0x2f, 0xf2, 0x11, 0x11, 0x0, 0x0, 0xdf, 0x70,
    0xd, 0xff, 0xff, 0xff, 0xff, 0xff, 0xe0, 0x0,
    0x9f, 0xf3, 0x3, 0xff, 0xff, 0xff, 0xff, 0xff,
    0xfd, 0x0, 0x5f, 0xff, 0x30, 0xaf, 0x90, 0x0,
    0xff, 0x0, 0x0, 0x0, 0x3f, 0xff, 0xf3, 0x3f,
    0xf2, 0x0, 0xf, 0xf0, 0x0, 0x0, 0x5, 0xfc,
    0xcf, 0x30, 0x67, 0x0, 0x0, 0xff, 0x0, 0x0,
    0x0, 0x9, 0x1c, 0xf3, 0x0, 0x0, 0x0, 0xf,
    0xf0, 0x0, 0x0, 0x0, 0x0, 0xcf, 0x33, 0xff,
    0xff, 0xff, 0xff, 0xff, 0xff, 0xfe, 0x0, 0xc,
    0xf3, 0x3f, 0xff, 0xff, 0xff, 0xff, 0xff, 0xff,
    0xe0, 0x0, 0xcf, 0x30, 0x11, 0x11, 0x12, 0xff,
    0x21, 0x11, 0x11, 0x0, 0xc, 0xf3, 0x0, 0x0,
    0x0, 0xf, 0xf0, 0x0, 0x0, 0x0, 0x0, 0xcf,
    0x30, 0x0, 0x0, 0x0, 0xff, 0x0, 0x0, 0x0,
    0x0, 0xc, 0xf3, 0x0, 0x0, 0x0, 0xf, 0xf0,
    0x0, 0x0, 0x0, 0x0, 0xcf, 0x30, 0x0, 0x0,
    0x0, 0xff, 0x0, 0x0, 0x0, 0x0, 0xc, 0xf3,
    0x0, 0x0, 0x0, 0xf, 0xf0, 0x0, 0x0, 0x0,
    0x0, 0xcf, 0x30, 0x0, 0x0, 0x0, 0xff, 0x0,
    0x0, 0x0, 0x0, 0xc, 0xf3, 0x0, 0x0, 0x0,
    0xf, 0xf0, 0x0, 0x0, 0x0,

    /* U+4F1A "会" */
    0x0, 0x0, 0x0, 0x0, 0x0, 0x27, 0x0, 0x0,
    0x0, 0x0, 0x0, 0x0, 0x0, 0x0, 0x0, 0x1,
    0xef, 0xa0, 0x0, 0x0, 0x0, 0x0, 0x0, 0x0,
    0x0, 0x0, 0x1d, 0xff, 0xa0, 0x0, 0x0, 0x0,
    0x0, 0x0, 0x0, 0x0, 0x3, 0xef, 0xed, 0xfc,
    0x10, 0x0, 0x0, 0x0, 0x0, 0x0, 0x0, 0x6f,
    0xfd, 0x10, 0xbf, 0xf6, 0x0, 0x0, 0x0, 0x0,
    0x0, 0x2c, 0xff, 0xc1, 0x0, 0x9, 0xff, 0xc3,
    0x0, 0x0, 0x0, 0x29, 0xff, 0xf8, 0x0, 0x0,
    0x0, 0x4e, 0xff, 0xb4, 0x0, 0xa, 0xff, 0xfe,
    0xfe, 0xee, 0xee, 0xee, 0xee, 0xbf, 0xff, 0xd1,
    0x7, 0xfd, 0x52, 0xff, 0xff, 0xff, 0xff, 0xff,
    0x41, 0x9f, 0x60, 0x0, 0x40, 0x0, 0x0, 0x0,
    0x0, 0x0, 0x0, 0x0, 0x1, 0x0, 0x0, 0x0,
    0x0, 0x0, 0x0, 0x0, 0x0, 0x0, 0x0, 0x0,
    0x0, 0x0, 0xcc, 0xcc, 0xcc, 0xcc, 0xcc, 0xcc,
    0xcc, 0xcc, 0xcc, 0x20, 0x0, 0xff, 0xff, 0xff,
    0xff, 0xff, 0xff, 0xff, 0xff, 0xff, 0x30, 0x0,
    0x33, 0x33, 0x3a, 0xff, 0x73, 0x33, 0x44, 0x33,
    0x33, 0x0, 0x0, 0x0, 0x0, 0x4f, 0xf8, 0x0,
    0x4, 0xed, 0x10, 0x0, 0x0, 0x0, 0x0, 0x2,
    0xff, 0x90, 0x0, 0x0, 0xcf, 0xd1, 0x0, 0x0,
    0x0, 0x0, 0x2e, 0xfa, 0x0, 0x0, 0x0, 0x1c,
    0xfd, 0x0, 0x0, 0x0, 0x4, 0xef, 0xe6, 0x78,
    0x9a, 0xbc, 0xdf, 0xff, 0xb0, 0x0, 0x0, 0x1f,
    0xff, 0xff, 0xff, 0xff, 0xff, 0xff, 0xef, 0xf7,
    0x0, 0x0, 0xb, 0xfd, 0xb9, 0x87, 0x64, 0x32,
    0x10, 0x7, 0xfd, 0x0, 0x0, 0x1, 0x0, 0x0,
    0x0, 0x0, 0x0, 0x0, 0x0, 0x60, 0x0,

    /* U+4F20 "传" */
    0x0, 0x0, 0x3, 0x10, 0x0, 0x0, 0x32, 0x0,
    0x0, 0x0, 0x0, 0x0, 0x0, 0xef, 0x30, 0x0,
    0xf, 0xf1, 0x0, 0x0, 0x0, 0x0, 0x0, 0x6f,
    0xc0, 0x0, 0x4, 0xfe, 0x0, 0x0, 0x0, 0x0,
    0x0, 0xd, 0xf4, 0x7f, 0xff, 0xff, 0xff, 0xff,
    0xff, 0xd0, 0x0, 0x7, 0xfc, 0x6, 0xee, 0xef,
    0xfe, 0xee, 0xee, 0xec, 0x0, 0x1, 0xff, 0x40,
    0x0, 0x0, 0xff, 0x10, 0x0, 0x0, 0x0, 0x0,
    0xbf, 0xf1, 0x0, 0x0, 0x4f, 0xd0, 0x0, 0x0,
    0x0, 0x0, 0x7f, 0xff, 0x1b, 0xff, 0xff, 0xff,
    0xff, 0xff, 0xff, 0xfe, 0x6f, 0xff, 0xf1, 0xbf,
    0xff, 0xff, 0xff, 0xff, 0xff, 0xff, 0xe9, 0xfa,
    0xef, 0x10, 0x0, 0x2f, 0xf0, 0x0, 0x0, 0x0,
    0x0, 0x1a, 0xe, 0xf1, 0x0, 0x7, 0xfa, 0x0,
    0x0, 0x0, 0x0, 0x0, 0x0, 0xef, 0x10, 0x0,
    0xdf, 0xfe, 0xee, 0xee, 0xee, 0x60, 0x0, 0xe,
    0xf1, 0x0, 0x2f, 0xff, 0xff, 0xff, 0xff, 0xf7,
    0x0, 0x0, 0xef, 0x10, 0x0, 0x0, 0x0, 0x0,
    0x3e, 0xf9, 0x0, 0x0, 0xe, 0xf1, 0x0, 0x0,
    0x0, 0x0, 0x1d, 0xfb, 0x0, 0x0, 0x0, 0xef,
    0x10, 0x0, 0x3, 0xc4, 0xc, 0xfc, 0x0, 0x0,
    0x0, 0xe, 0xf1, 0x0, 0x0, 0xaf, 0xfd, 0xfd,
    0x10, 0x0, 0x0, 0x0, 0xef, 0x10, 0x0, 0x0,
    0x6f, 0xff, 0x50, 0x0, 0x0, 0x0, 0xe, 0xf1,
    0x0, 0x0, 0x0, 0x2d, 0xff, 0x50, 0x0, 0x0,
    0x0, 0xef, 0x10, 0x0, 0x0, 0x0, 0x1b, 0xff,
    0x20, 0x0, 0x0, 0xe, 0xf1, 0x0, 0x0, 0x0,
    0x0, 0xa, 0x60, 0x0, 0x0, 0x0, 0x0, 0x0,
    0x0, 0x0, 0x0, 0x0, 0x0, 0x0, 0x0,

    /* U+4F4D "位" */
    0x0, 0x0, 0x0, 0x0, 0x0, 0x0, 0x0, 0x0,
    0x0, 0x0, 0x0, 0x0, 0x0, 0x0, 0x94, 0x0,
    0x0, 0x4c, 0x90, 0x0, 0x0, 0x0, 0x0, 0x0,
    0x6, 0xfc, 0x0, 0x0, 0x3f, 0xe0, 0x0, 0x0,
    0x0, 0x0, 0x0, 0xd, 0xf4, 0x0, 0x0, 0xe,
    0xf4, 0x0, 0x0, 0x0, 0x0, 0x0, 0x5f, 0xd0,
    0x0, 0x0, 0x9, 0xa3, 0x0, 0x0, 0x0, 0x0,
    0x0, 0xdf, 0x50, 0xde, 0xee, 0xee, 0xee, 0xee,
    0xee, 0x30, 0x0, 0x7, 0xff, 0x0, 0xef, 0xff,
    0xff, 0xff, 0xff, 0xff, 0x30, 0x0, 0x3f, 0xfe,
    0x0, 0x11, 0x11, 0x11, 0x11, 0x11, 0x11, 0x0,
    0x1, 0xdf, 0xfe, 0x0, 0x3, 0x95, 0x0, 0x0,
    0x1d, 0xb0, 0x0, 0xc, 0xff, 0xfe, 0x0, 0x5,
    0xfa, 0x0, 0x0, 0x4f, 0xe0, 0x0, 0xc, 0xf7,
    0xfe, 0x0, 0x2, 0xfd, 0x0, 0x0, 0x6f, 0xb0,
    0x0, 0x4, 0x72, 0xfe, 0x0, 0x0, 0xff, 0x0,
    0x0, 0x8f, 0x80, 0x0, 0x0, 0x2, 0xfe, 0x0,
    0x0, 0xdf, 0x30, 0x0, 0xbf, 0x50, 0x0, 0x0,
    0x2, 0xfe, 0x0, 0x0, 0xaf, 0x60, 0x0, 0xef,
    0x20, 0x0, 0x0, 0x2, 0xfe, 0x0, 0x0, 0x8f,
    0x80, 0x1, 0xfe, 0x0, 0x0, 0x0, 0x2, 0xfe,
    0x0, 0x0, 0x5f, 0xb0, 0x4, 0xfb, 0x0, 0x0,
    0x0, 0x2, 0xfe, 0x0, 0x0, 0x4f, 0xd0, 0x7,
    0xf7, 0x0, 0x0, 0x0, 0x2, 0xfe, 0x0, 0x0,
    0x2e, 0x90, 0xb, 0xf3, 0x0, 0x0, 0x0, 0x2,
    0xfe, 0x0, 0x0, 0x11, 0x0, 0x1f, 0xf1, 0x0,
    0x0, 0x0, 0x2, 0xfe, 0xc, 0xff, 0xff, 0xff,
    0xff, 0xff, 0xff, 0xf1, 0x0, 0x2, 0xfe, 0xb,
    0xff, 0xff, 0xff, 0xff, 0xff, 0xff, 0xf1, 0x0,
    0x2, 0xfe, 0x0, 0x0, 0x0, 0x0, 0x0, 0x0,
    0x0, 0x0,

    /* U+4F4F "住" */
    0x0, 0x0, 0x0, 0x10, 0x0, 0x0, 0x4, 0x10,
    0x0, 0x0, 0x0, 0x0, 0x0, 0x4, 0xfb, 0x0,
    0x0, 0xaf, 0x90, 0x0, 0x0, 0x0, 0x0, 0x0,
    0xb, 0xf8, 0x0, 0x0, 0x3f, 0xf2, 0x0, 0x0,
    0x0, 0x0, 0x0, 0x3f, 0xf1, 0x0, 0x0, 0xb,
    0xf9, 0x0, 0x0, 0x0, 0x0, 0x0, 0xbf, 0x90,
    0x11, 0x11, 0x16, 0xb5, 0x11, 0x11, 0x10, 0x0,
    0x5, 0xff, 0x25, 0xff, 0xff, 0xff, 0xff, 0xff,
    0xff, 0xf0, 0x0, 0x1e, 0xfe, 0x5, 0xdd, 0xdd,
    0xdf, 0xfe, 0xdd, 0xdd, 0xd0, 0x0, 0xbf, 0xfe,
    0x0, 0x0, 0x0, 0xb, 0xf5, 0x0, 0x0, 0x0,
    0x9, 0xff, 0xfe, 0x0, 0x0, 0x0, 0xb, 0xf5,
    0x0, 0x0, 0x0, 0xe, 0xfa, 0xfe, 0x0, 0x0,
    0x0, 0xb, 0xf5, 0x0, 0x0, 0x0, 0x6, 0x93,
    0xfe, 0x0, 0x0, 0x0, 0xb, 0xf5, 0x0, 0x0,
    0x0, 0x0, 0x2, 0xfe, 0x0, 0x9e, 0xee, 0xef,
    0xff, 0xee, 0xee, 0x50, 0x0, 0x2, 0xfe, 0x0,
    0xaf, 0xff, 0xff, 0xff, 0xff, 0xff, 0x60, 0x0,
    0x2, 0xfe, 0x0, 0x0, 0x0, 0xb, 0xf6, 0x0,
    0x0, 0x0, 0x0, 0x2, 0xfe, 0x0, 0x0, 0x0,
    0xb, 0xf5, 0x0, 0x0, 0x0, 0x0, 0x2, 0xfe,
    0x0, 0x0, 0x0, 0xb, 0xf5, 0x0, 0x0, 0x0,
    0x0, 0x2, 0xfe, 0x0, 0x0, 0x0, 0xb, 0xf5,
    0x0, 0x0, 0x0, 0x0, 0x2, 0xfe, 0x0, 0x0,
    0x0, 0xb, 0xf5, 0x0, 0x0, 0x0, 0x0, 0x2,
    0xfe, 0xd, 0xee, 0xee, 0xef, 0xff, 0xee, 0xee,
    0xe5, 0x0, 0x2, 0xfe, 0xe, 0xff, 0xff, 0xff,
    0xff, 0xff, 0xff, 0xf5, 0x0, 0x2, 0xfe, 0x0,
    0x0, 0x0, 0x0, 0x0, 0x0, 0x0, 0x0,

    /* U+4F60 "你" */
    0x0, 0x0, 0x2, 0x0, 0x0, 0x10, 0x0, 0x0,
    0x0, 0x0, 0x0, 0x0, 0x0, 0xfe, 0x10, 0x6f,
    0xb0, 0x0, 0x0, 0x0, 0x0, 0x0, 0x0, 0x6f,
    0xc0, 0xb, 0xf8, 0x0, 0x0, 0x0, 0x0, 0x0,
    0x0, 0xd, 0xf4, 0x1, 0xff, 0x30, 0x0, 0x0,
    0x0, 0x0, 0x0, 0x7, 0xfd, 0x0, 0x5f, 0xf3,
    0x33, 0x33, 0x33, 0x34, 0x10, 0x1, 0xef, 0x50,
    0xb, 0xff, 0xff, 0xff, 0xff, 0xff, 0xfe, 0x0,
    0xbf, 0xf1, 0x3, 0xff, 0xbb, 0xbf, 0xfb, 0xbb,
    0xcf, 0xb0, 0x6f, 0xff, 0x10, 0xcf, 0x90, 0x0,
    0xff, 0x10, 0x6, 0xf8, 0x4f, 0xff, 0xf1, 0x7f,
    0xf1, 0x0, 0xf, 0xf1, 0x0, 0x9f, 0x4b, 0xfb,
    0xef, 0x13, 0xe6, 0x0, 0x0, 0xff, 0x10, 0x7,
    0xc1, 0x3d, 0x1d, 0xf1, 0x1, 0x7, 0x82, 0xf,
    0xf1, 0x4b, 0x50, 0x0, 0x10, 0xdf, 0x10, 0x0,
    0xff, 0x20, 0xff, 0x15, 0xfc, 0x0, 0x0, 0xd,
    0xf1, 0x0, 0x4f, 0xd0, 0xf, 0xf1, 0xe, 0xf3,
    0x0, 0x0, 0xdf, 0x10, 0x9, 0xf8, 0x0, 0xff,
    0x10, 0x8f, 0xa0, 0x0, 0xd, 0xf1, 0x1, 0xff,
    0x20, 0xf, 0xf1, 0x2, 0xff, 0x0, 0x0, 0xdf,
    0x10, 0x8f, 0xb0, 0x0, 0xff, 0x10, 0xd, 0xf5,
    0x0, 0xd, 0xf1, 0x2f, 0xf4, 0x0, 0xf, 0xf1,
    0x0, 0x8f, 0x90, 0x0, 0xdf, 0x10, 0x8a, 0x0,
    0x0, 0xff, 0x10, 0x4, 0xc5, 0x0, 0xd, 0xf1,
    0x0, 0x0, 0x0, 0x1f, 0xf1, 0x0, 0x0, 0x0,
    0x0, 0xdf, 0x10, 0x0, 0x6, 0xff, 0xfe, 0x0,
    0x0, 0x0, 0x0, 0xd, 0xf1, 0x0, 0x0, 0x1f,
    0xfc, 0x40, 0x0, 0x0, 0x0, 0x0, 0x0, 0x0,
    0x0, 0x0, 0x0, 0x0, 0x0, 0x0, 0x0,

    /* U+4FDD "保" */
    0x0, 0x0, 0x0, 0x95, 0x0, 0x0, 0x0, 0x0,
    0x0, 0x0, 0x0, 0x0, 0x0, 0x5, 0xfd, 0x2c,
    0xcc, 0xcc, 0xcc, 0xcc, 0xcc, 0x10, 0x0, 0x0,
    0xc, 0xf6, 0x2f, 0xff, 0xff, 0xff, 0xff, 0xff,
    0x10, 0x0, 0x0, 0x4f, 0xe0, 0x2f, 0xd0, 0x0,
    0x0, 0x0, 0xff, 0x10, 0x0, 0x0, 0xdf, 0x60,
    0x2f, 0xd0, 0x0, 0x0, 0x0, 0xef, 0x10, 0x0,
    0x7, 0xfe, 0x0, 0x2f, 0xd0, 0x0, 0x0, 0x0,
    0xef, 0x10, 0x0, 0x2f, 0xfd, 0x0, 0x2f, 0xd0,
    0x0, 0x0, 0x0, 0xff, 0x10, 0x1, 0xdf, 0xfd,
    0x0, 0x2f, 0xff, 0xff, 0xff, 0xff, 0xff, 0x10,
    0xc, 0xff, 0xfd, 0x0, 0x1d, 0xdd, 0xdf, 0xfd,
    0xdd, 0xdd, 0x10, 0x1f, 0xf6, 0xfd, 0x0, 0x0,
    0x0, 0xe, 0xf2, 0x0, 0x0, 0x0, 0x7, 0x51,
    0xfd, 0x0, 0x0, 0x0, 0xe, 0xf2, 0x0, 0x0,
    0x0, 0x0, 0x1, 0xfd, 0xb, 0xee, 0xee, 0xef,
    0xfe, 0xee, 0xee, 0xe4, 0x0, 0x1, 0xfd, 0xd,
    0xff, 0xff, 0xff, 0xff, 0xff, 0xff, 0xf4, 0x0,
    0x1, 0xfd, 0x0, 0x0, 0x4, 0xff, 0xff, 0xb0,
    0x0, 0x0, 0x0, 0x1, 0xfd, 0x0, 0x0, 0x2f,
    0xff, 0xfe, 0xf8, 0x0, 0x0, 0x0, 0x1, 0xfd,
    0x0, 0x1, 0xdf, 0x6e, 0xf4, 0xef, 0x50, 0x0,
    0x0, 0x1, 0xfd, 0x0, 0x1d, 0xfa, 0xe, 0xf2,
    0x4f, 0xf5, 0x0, 0x0, 0x1, 0xfd, 0x4, 0xef,
    0xd0, 0xe, 0xf2, 0x7, 0xff, 0x80, 0x0, 0x1,
    0xfd, 0x4f, 0xfc, 0x10, 0xe, 0xf2, 0x0, 0x8f,
    0xf9, 0x0, 0x1, 0xfd, 0x8, 0xa0, 0x0, 0xe,
    0xf2, 0x0, 0x6, 0xd1, 0x0, 0x1, 0xed, 0x0,
    0x0, 0x0, 0xe, 0xf2, 0x0, 0x0, 0x0,

    /* U+505A "做" */
    0x0, 0x0, 0x16, 0x20, 0x7, 0x60, 0x0, 0x8,
    0x70, 0x0, 0x0, 0x0, 0x0, 0x8f, 0x90, 0x1f,
    0xe0, 0x0, 0xf, 0xf0, 0x0, 0x0, 0x0, 0x0,
    0xef, 0x40, 0x1f, 0xe0, 0x0, 0x3f, 0xc0, 0x0,
    0x0, 0x0, 0x5, 0xfe, 0x0, 0x1f, 0xe0, 0x0,
    0x6f, 0x90, 0x0, 0x0, 0x0, 0xc, 0xf8, 0x22,
    0x4f, 0xe2, 0x21, 0x9f, 0x82, 0x22, 0x20, 0x0,
    0x3f, 0xf2, 0xef, 0xff, 0xff, 0xf8, 0xdf, 0xff,
    0xff, 0xf3, 0x0, 0xcf, 0xf0, 0xab, 0xbf, 0xfb,
    0xb8, 0xfe, 0x99, 0xdf, 0xa1, 0x6, 0xff, 0xf0,
    0x0, 0x1f, 0xe0, 0x8, 0xfc, 0x0, 0xcf, 0x0,
    0x2f, 0xff, 0xf0, 0x0, 0x1f, 0xe0, 0x1f, 0xfe,
    0x0, 0xed, 0x0, 0x7f, 0xcd, 0xf0, 0x0, 0x1f,
    0xe0, 0x6f, 0xff, 0x10, 0xfb, 0x0, 0xd, 0x1d,
    0xf0, 0x5b, 0xcf, 0xfb, 0xce, 0x6f, 0x44, 0xf8,
    0x0, 0x0, 0xd, 0xf0, 0x6f, 0xff, 0xff, 0xf3,
    0x1f, 0x98, 0xf5, 0x0, 0x0, 0xd, 0xf0, 0x6f,
    0x60, 0xa, 0xf2, 0xd, 0xdd, 0xf0, 0x0, 0x0,
    0xd, 0xf0, 0x6f, 0x50, 0xa, 0xf2, 0x9, 0xff,
    0xa0, 0x0, 0x0, 0xd, 0xf0, 0x6f, 0x50, 0xa,
    0xf2, 0x3, 0xff, 0x50, 0x0, 0x0, 0xd, 0xf0,
    0x6f, 0x50, 0xa, 0xf2, 0x2, 0xff, 0x20, 0x0,
    0x0, 0xd, 0xf0, 0x6f, 0x72, 0x2b, 0xf2, 0xc,
    0xff, 0xb0, 0x0, 0x0, 0xd, 0xf0, 0x6f, 0xff,
    0xff, 0xf3, 0x9f, 0xde, 0xf7, 0x0, 0x0, 0xd,
    0xf0, 0x6f, 0xc9, 0x99, 0xbd, 0xfe, 0x24, 0xff,
    0x80, 0x0, 0xd, 0xf0, 0x5b, 0x40, 0x0, 0xcf,
    0xe3, 0x0, 0x7f, 0xf2, 0x0, 0xd, 0xf0, 0x0,
    0x0, 0x0, 0x2b, 0x10, 0x0, 0x6, 0x60,

    /* U+513F "儿" */
    0x0, 0x0, 0x0, 0x33, 0x0, 0x0, 0x0, 0x44,
    0x0, 0x0, 0x0, 0x0, 0x0, 0x3, 0xfd, 0x0,
    0x0, 0x2, 0xfe, 0x0, 0x0, 0x0, 0x0, 0x0,
    0x3, 0xfd, 0x0, 0x0, 0x2, 0xfe, 0x0, 0x0,
    0x0, 0x0, 0x0, 0x3, 0xfd, 0x0, 0x0, 0x2,
    0xfe, 0x0, 0x0, 0x0, 0x0, 0x0, 0x3, 0xfd,
    0x0, 0x0, 0x2, 0xfe, 0x0, 0x0, 0x0, 0x0,
    0x0, 0x3, 0xfd, 0x0, 0x0, 0x2, 0xfe, 0x0,
    0x0, 0x0, 0x0, 0x0, 0x3, 0xfd, 0x0, 0x0,
    0x2, 0xfe, 0x0, 0x0, 0x0, 0x0, 0x0, 0x3,
    0xfd, 0x0, 0x0, 0x2, 0xfe, 0x0, 0x0, 0x0,
    0x0, 0x0, 0x4, 0xfd, 0x0, 0x0, 0x2, 0xfe,
    0x0, 0x0, 0x0, 0x0, 0x0, 0x4, 0xfc, 0x0,
    0x0, 0x2, 0xfe, 0x0, 0x0, 0x0, 0x0, 0x0,
    0x5, 0xfb, 0x0, 0x0, 0x2, 0xfe, 0x0, 0x0,
    0x0, 0x0, 0x0, 0x8, 0xfa, 0x0, 0x0, 0x2,
    0xfe, 0x0, 0x0, 0x0, 0x0, 0x0, 0xc, 0xf6,
    0x0, 0x0, 0x2, 0xfe, 0x0, 0x0, 0x0, 0x0,
    0x0, 0xf, 0xf2, 0x0, 0x0, 0x2, 0xfe, 0x0,
    0x2, 0x0, 0x0, 0x0, 0x6f, 0xe0, 0x0, 0x0,
    0x2, 0xfe, 0x0, 0xa, 0xd3, 0x0, 0x1, 0xef,
    0x80, 0x0, 0x0, 0x2, 0xfe, 0x0, 0xa, 0xf4,
    0x0, 0xb, 0xfe, 0x10, 0x0, 0x0, 0x2, 0xfe,
    0x0, 0xb, 0xf2, 0x0, 0xaf, 0xf5, 0x0, 0x0,
    0x0, 0x2, 0xff, 0x10, 0xe, 0xf0, 0xd, 0xff,
    0x70, 0x0, 0x0, 0x0, 0x0, 0xff, 0xff, 0xff,
    0xb0, 0x5, 0xf6, 0x0, 0x0, 0x0, 0x0, 0x0,
    0x6e, 0xff, 0xfd, 0x20, 0x0, 0x10, 0x0, 0x0,
    0x0, 0x0, 0x0, 0x0, 0x0, 0x0, 0x0,

    /* U+5148 "先" */
    0x0, 0x0, 0x0, 0x0, 0x4, 0x51, 0x0, 0x0,
    0x0, 0x0, 0x0, 0x0, 0xb, 0xa3, 0x0, 0xdf,
    0x30, 0x0, 0x0, 0x0, 0x0, 0x0, 0x2, 0xff,
    0x10, 0xd, 0xf3, 0x0, 0x0, 0x0, 0x0, 0x0,
    0x0, 0x7f, 0xd1, 0x11, 0xef, 0x51, 0x11, 0x11,
    0x10, 0x0, 0x0, 0xc, 0xff, 0xff, 0xff, 0xff,
    0xff, 0xff, 0xff, 0x40, 0x0, 0x3, 0xff, 0xee,
    0xee, 0xff, 0xee, 0xee, 0xee, 0xe3, 0x0, 0x0,
    0xbf, 0x90, 0x0, 0xd, 0xf3, 0x0, 0x0, 0x0,
    0x0, 0x0, 0x5f, 0xf2, 0x0, 0x0, 0xdf, 0x30,
    0x0, 0x0, 0x0, 0x0, 0x4, 0xc7, 0x0, 0x0,
    0xd, 0xf3, 0x0, 0x0, 0x0, 0x0, 0x0, 0x0,
    0x0, 0x0, 0x0, 0xef, 0x40, 0x0, 0x0, 0x0,
    0x0, 0x8f, 0xff, 0xff, 0xff, 0xff, 0xff, 0xff,
    0xff, 0xff, 0xfe, 0x8, 0xff, 0xff, 0xff, 0xff,
    0xff, 0xff, 0xff, 0xff, 0xff, 0xe0, 0x0, 0x0,
    0x1, 0xff, 0x0, 0x1, 0xff, 0x0, 0x0, 0x0,
    0x0, 0x0, 0x0, 0x4f, 0xd0, 0x0, 0x1f, 0xf0,
    0x0, 0x0, 0x0, 0x0, 0x0, 0x8, 0xfb, 0x0,
    0x1, 0xff, 0x0, 0x0, 0x0, 0x0, 0x0, 0x0,
    0xef, 0x60, 0x0, 0x1f, 0xf0, 0x0, 0x1, 0x0,
    0x0, 0x0, 0x6f, 0xe0, 0x0, 0x1, 0xff, 0x0,
    0x0, 0xca, 0x10, 0x0, 0x5f, 0xf8, 0x0, 0x0,
    0x1f, 0xf0, 0x0, 0xd, 0xf1, 0x0, 0x7f, 0xfc,
    0x0, 0x0, 0x1, 0xff, 0x10, 0x1, 0xff, 0x6,
    0xef, 0xfc, 0x10, 0x0, 0x0, 0xe, 0xff, 0xff,
    0xff, 0xa0, 0x3f, 0xe7, 0x0, 0x0, 0x0, 0x0,
    0x5d, 0xff, 0xff, 0xc2, 0x0, 0x30, 0x0, 0x0,
    0x0, 0x0, 0x0, 0x0, 0x0, 0x0, 0x0,

    /* U+514B "克" */
    0x0, 0x0, 0x0, 0x0, 0xb, 0xc2, 0x0, 0x0,
    0x0, 0x0, 0x0, 0x0, 0x0, 0x0, 0x0, 0xef,
    0x30, 0x0, 0x0, 0x0, 0x0, 0x3b, 0xbb, 0xbb,
    0xbb, 0xbf, 0xfc, 0xbb, 0xbb, 0xbb, 0xb9, 0x4,
    0xff, 0xff, 0xff, 0xff, 0xff, 0xff, 0xff, 0xff,
    0xff, 0xc0, 0x2, 0x22, 0x22, 0x22, 0x2e, 0xf5,
    0x22, 0x22, 0x22, 0x22, 0x0, 0x0, 0x0, 0x0,
    0x0, 0xef, 0x30, 0x0, 0x0, 0x0, 0x0, 0x0,
    0x9, 0xaa, 0xaa, 0xaf, 0xfb, 0xaa, 0xaa, 0xa5,
    0x0, 0x0, 0x0, 0xef, 0xff, 0xff, 0xff, 0xff,
    0xff, 0xff, 0x70, 0x0, 0x0, 0xe, 0xf4, 0x22,
    0x22, 0x22, 0x22, 0x2b, 0xf7, 0x0, 0x0, 0x0,
    0xef, 0x10, 0x0, 0x0, 0x0, 0x0, 0x9f, 0x70,
    0x0, 0x0, 0xe, 0xf1, 0x0, 0x0, 0x0, 0x0,
    0x9, 0xf7, 0x0, 0x0, 0x0, 0xef, 0xcc, 0xcc,
    0xcc, 0xcc, 0xcc, 0xef, 0x70, 0x0, 0x0, 0xe,
    0xff, 0xff, 0xff, 0xff, 0xff, 0xff, 0xf7, 0x0,
    0x0, 0x0, 0x0, 0xc, 0xf7, 0x0, 0x8f, 0xa0,
    0x0, 0x0, 0x0, 0x0, 0x0, 0x0, 0xff, 0x40,
    0x7, 0xf9, 0x0, 0x0, 0x0, 0x0, 0x0, 0x0,
    0x4f, 0xf0, 0x0, 0x7f, 0x90, 0x0, 0x2, 0x0,
    0x0, 0x0, 0xd, 0xfa, 0x0, 0x7, 0xf9, 0x0,
    0x0, 0x9d, 0x30, 0x0, 0xa, 0xff, 0x20, 0x0,
    0x7f, 0x90, 0x0, 0xa, 0xf4, 0x1, 0x6e, 0xff,
    0x70, 0x0, 0x7, 0xfb, 0x0, 0x0, 0xdf, 0x29,
    0xff, 0xff, 0x50, 0x0, 0x0, 0x4f, 0xff, 0xff,
    0xff, 0xd0, 0x3f, 0xd7, 0x10, 0x0, 0x0, 0x0,
    0x9e, 0xff, 0xff, 0xd4, 0x0, 0x20, 0x0, 0x0,
    0x0, 0x0, 0x0, 0x0, 0x0, 0x0, 0x0,

    /* U+5165 "入" */
    0x0, 0x0, 0x0, 0x1, 0x0, 0x0, 0x0, 0x0,
    0x0, 0x0, 0x0, 0x0, 0x0, 0x0, 0x1e, 0x60,
    0x0, 0x0, 0x0, 0x0, 0x0, 0x0, 0x0, 0x0,
    0x0, 0x8f, 0xf8, 0x0, 0x0, 0x0, 0x0, 0x0,
    0x0, 0x0, 0x0, 0x0, 0x9, 0xff, 0x70, 0x0,
    0x0, 0x0, 0x0, 0x0, 0x0, 0x0, 0x0, 0x0,
    0x8f, 0xf4, 0x0, 0x0, 0x0, 0x0, 0x0, 0x0,
    0x0, 0x0, 0x0, 0xa, 0xfe, 0x0, 0x0, 0x0,
    0x0, 0x0, 0x0, 0x0, 0x0, 0x0, 0x5, 0xff,
    0x80, 0x0, 0x0, 0x0, 0x0, 0x0, 0x0, 0x0,
    0x0, 0xa, 0xff, 0xf1, 0x0, 0x0, 0x0, 0x0,
    0x0, 0x0, 0x0, 0x0, 0xf, 0xff, 0xfa, 0x0,
    0x0, 0x0, 0x0, 0x0, 0x0, 0x0, 0x0, 0x4f,
    0xf6, 0xff, 0x30, 0x0, 0x0, 0x0, 0x0, 0x0,
    0x0, 0x0, 0xaf, 0xd0, 0xaf, 0xc0, 0x0, 0x0,
    0x0, 0x0, 0x0, 0x0, 0x2, 0xff, 0x60, 0x2f,
    0xf6, 0x0, 0x0, 0x0, 0x0, 0x0, 0x0, 0xb,
    0xff, 0x10, 0x9, 0xfe, 0x10, 0x0, 0x0, 0x0,
    0x0, 0x0, 0x3f, 0xf7, 0x0, 0x1, 0xff, 0x90,
    0x0, 0x0, 0x0, 0x0, 0x1, 0xdf, 0xd0, 0x0,
    0x0, 0x7f, 0xf4, 0x0, 0x0, 0x0, 0x0, 0xc,
    0xff, 0x40, 0x0, 0x0, 0xd, 0xfe, 0x20, 0x0,
    0x0, 0x0, 0xbf, 0xf7, 0x0, 0x0, 0x0, 0x2,
    0xff, 0xe2, 0x0, 0x0, 0x2d, 0xff, 0x80, 0x0,
    0x0, 0x0, 0x0, 0x5f, 0xff, 0x50, 0x7, 0xff,
    0xf9, 0x0, 0x0, 0x0, 0x0, 0x0, 0x7, 0xff,
    0xf2, 0x8, 0xff, 0x50, 0x0, 0x0, 0x0, 0x0,
    0x0, 0x0, 0x6f, 0xb0, 0x0, 0x62, 0x0, 0x0,
    0x0, 0x0, 0x0, 0x0, 0x0, 0x2, 0x40,

    /* U+5168 "全" */
    0x0, 0x0, 0x0, 0x0, 0x0, 0x0, 0x0, 0x0,
    0x0, 0x0, 0x0, 0x0, 0x0, 0x0, 0x0, 0x0,
    0x7c, 0x40, 0x0, 0x0, 0x0, 0x0, 0x0, 0x0,
    0x0, 0x0, 0x4, 0xff, 0x90, 0x0, 0x0, 0x0,
    0x0, 0x0, 0x0, 0x0, 0x0, 0x2e, 0xff, 0xf7,
    0x0, 0x0, 0x0, 0x0, 0x0, 0x0, 0x0, 0x3,
    0xef, 0xa4, 0xff, 0x70, 0x0, 0x0, 0x0, 0x0,
    0x0, 0x0, 0x4f, 0xfa, 0x0, 0x3f, 0xfa, 0x0,
    0x0, 0x0, 0x0, 0x0, 0x8, 0xff, 0xa0, 0x0,
    0x3, 0xff, 0xd3, 0x0, 0x0, 0x0, 0x3, 0xdf,
    0xf7, 0x0, 0x0, 0x0, 0x2d, 0xff, 0x91, 0x0,
    0x2, 0xaf, 0xfe, 0x40, 0x0, 0x0, 0x0, 0x0,
    0x9f, 0xff, 0x70, 0x1e, 0xff, 0xed, 0xbb, 0xbb,
    0xbb, 0xbb, 0xbb, 0xbf, 0xef, 0xf7, 0x3, 0xc3,
    0x7f, 0xff, 0xff, 0xff, 0xff, 0xff, 0xff, 0x19,
    0xc0, 0x0, 0x0, 0x1, 0x11, 0x11, 0xef, 0x61,
    0x11, 0x11, 0x0, 0x0, 0x0, 0x0, 0x0, 0x0,
    0x0, 0xef, 0x40, 0x0, 0x0, 0x0, 0x0, 0x0,
    0x0, 0x0, 0x0, 0x0, 0xef, 0x40, 0x0, 0x0,
    0x0, 0x0, 0x0, 0x0, 0x3c, 0xcc, 0xcc, 0xff,
    0xdc, 0xcc, 0xcb, 0x0, 0x0, 0x0, 0x0, 0x4f,
    0xff, 0xff, 0xff, 0xff, 0xff, 0xfe, 0x0, 0x0,
    0x0, 0x0, 0x0, 0x0, 0x0, 0xef, 0x50, 0x0,
    0x0, 0x0, 0x0, 0x0, 0x0, 0x0, 0x0, 0x0,
    0xef, 0x40, 0x0, 0x0, 0x0, 0x0, 0x0, 0x0,
    0x0, 0x0, 0x0, 0xef, 0x40, 0x0, 0x0, 0x0,
    0x0, 0x0, 0x0, 0x0, 0x0, 0x0, 0xef, 0x40,
    0x0, 0x0, 0x0, 0x0, 0x1, 0xdd, 0xdd, 0xdd,
    0xdd, 0xff, 0xed, 0xdd, 0xdd, 0xdd, 0x90, 0x1,
    0xff, 0xff, 0xff, 0xff, 0xff, 0xff, 0xff, 0xff,
    0xff, 0xa0,

    /* U+5173 "关" */
    0x0, 0x0, 0x4, 0x0, 0x0, 0x0, 0x0, 0x33,
    0x0, 0x0, 0x0, 0x0, 0xb, 0xf6, 0x0, 0x0,
    0x0, 0xc, 0xfa, 0x0, 0x0, 0x0, 0x0, 0x5f,
    0xf2, 0x0, 0x0, 0x4, 0xff, 0x20, 0x0, 0x0,
    0x0, 0x0, 0xbf, 0xa0, 0x0, 0x0, 0xcf, 0x80,
    0x0, 0x0, 0x0, 0x0, 0x3, 0xf8, 0x0, 0x0,
    0x6f, 0xe0, 0x0, 0x0, 0x0, 0xf, 0xff, 0xff,
    0xff, 0xff, 0xff, 0xff, 0xff, 0xfa, 0x0, 0x0,
    0xff, 0xff, 0xff, 0xff, 0xff, 0xff, 0xff, 0xff,
    0xa0, 0x0, 0x1, 0x11, 0x11, 0x11, 0xdf, 0x91,
    0x11, 0x11, 0x10, 0x0, 0x0, 0x0, 0x0, 0x0,
    0xd, 0xf8, 0x0, 0x0, 0x0, 0x0, 0x0, 0x0,
    0x0, 0x0, 0x0, 0xdf, 0x80, 0x0, 0x0, 0x0,
    0x0, 0x2, 0x22, 0x22, 0x22, 0x2e, 0xf9, 0x22,
    0x22, 0x22, 0x22, 0x5, 0xff, 0xff, 0xff, 0xff,
    0xff, 0xff, 0xff, 0xff, 0xff, 0xd0, 0x4d, 0xdd,
    0xdd, 0xdd, 0xef, 0xff, 0xed, 0xdd, 0xdd, 0xdc,
    0x0, 0x0, 0x0, 0x0, 0x9, 0xff, 0xf7, 0x0,
    0x0, 0x0, 0x0, 0x0, 0x0, 0x0, 0x2, 0xff,
    0xdf, 0xf3, 0x0, 0x0, 0x0, 0x0, 0x0, 0x0,
    0x2, 0xef, 0xe1, 0xaf, 0xe3, 0x0, 0x0, 0x0,
    0x0, 0x0, 0x4, 0xef, 0xf4, 0x0, 0xdf, 0xf5,
    0x0, 0x0, 0x0, 0x0, 0x2a, 0xff, 0xf4, 0x0,
    0x1, 0xdf, 0xfb, 0x20, 0x0, 0x4, 0xaf, 0xff,
    0xc2, 0x0, 0x0, 0x1, 0xbf, 0xff, 0xc7, 0x18,
    0xff, 0xfe, 0x60, 0x0, 0x0, 0x0, 0x0, 0x5e,
    0xff, 0xe1, 0xb, 0xc5, 0x0, 0x0, 0x0, 0x0,
    0x0, 0x0, 0x5, 0xb5, 0x0, 0x0, 0x0, 0x0,
    0x0, 0x0, 0x0, 0x0, 0x0, 0x0, 0x0,

    /* U+518D "再" */
    0x0, 0x11, 0x11, 0x11, 0x11, 0x11, 0x11, 0x11,
    0x11, 0x11, 0x0, 0x5, 0xff, 0xff, 0xff, 0xff,
    0xff, 0xff, 0xff, 0xff, 0xff, 0x60, 0x5, 0xdd,
    0xdd, 0xdd, 0xdd, 0xff, 0xdd, 0xdd, 0xdd, 0xdd,
    0x50, 0x0, 0x0, 0x0, 0x0, 0x1, 0xff, 0x0,
    0x0, 0x0, 0x0, 0x0, 0x0, 0x7, 0xbb, 0xbb,
    0xbc, 0xff, 0xbb, 0xbb, 0xbb, 0x70, 0x0, 0x0,
    0xa, 0xff, 0xff, 0xff, 0xff, 0xff, 0xff, 0xff,
    0xa0, 0x0, 0x0, 0xa, 0xf8, 0x22, 0x23, 0xff,
    0x22, 0x22, 0x8f, 0xa0, 0x0, 0x0, 0xa, 0xf6,
    0x0, 0x1, 0xff, 0x0, 0x0, 0x6f, 0xa0, 0x0,
    0x0, 0xa, 0xfc, 0x99, 0x9a, 0xff, 0x99, 0x99,
    0xcf, 0xa0, 0x0, 0x0, 0xa, 0xff, 0xff, 0xff,
    0xff, 0xff, 0xff, 0xff, 0xa0, 0x0, 0x0, 0xa,
    0xf8, 0x22, 0x24, 0xff, 0x22, 0x22, 0x8f, 0xa0,
    0x0, 0x0, 0xa, 0xf6, 0x0, 0x1, 0xff, 0x0,
    0x0, 0x6f, 0xa0, 0x0, 0x0, 0xa, 0xf7, 0x0,
    0x2, 0xff, 0x0, 0x0, 0x7f, 0xa0, 0x0, 0x3f,
    0xff, 0xff, 0xff, 0xff, 0xff, 0xff, 0xff, 0xff,
    0xff, 0xf3, 0x2d, 0xdf, 0xfe, 0xdd, 0xdd, 0xdd,
    0xdd, 0xdd, 0xef, 0xfd, 0xd3, 0x0, 0xa, 0xf6,
    0x0, 0x0, 0x0, 0x0, 0x0, 0x6f, 0xa0, 0x0,
    0x0, 0xa, 0xf6, 0x0, 0x0, 0x0, 0x0, 0x0,
    0x6f, 0xa0, 0x0, 0x0, 0xa, 0xf6, 0x0, 0x0,
    0x0, 0x0, 0x0, 0x7f, 0xa0, 0x0, 0x0, 0xa,
    0xf6, 0x0, 0x0, 0x0, 0xe, 0xff, 0xff, 0x70,
    0x0, 0x0, 0xa, 0xf6, 0x0, 0x0, 0x0, 0x9,
    0xff, 0xd9, 0x0, 0x0,

    /* U+5199 "写" */
    0x3, 0x33, 0x33, 0x33, 0x33, 0x33, 0x33, 0x33,
    0x33, 0x33, 0x2f, 0xff, 0xff, 0xff, 0xff, 0xff,
    0xff, 0xff, 0xff, 0xfd, 0x2f, 0xfb, 0xbb, 0xbb,
    0xbb, 0xbb, 0xbb, 0xbb, 0xbc, 0xfd, 0x2f, 0xe0,
    0x6, 0xd9, 0x0, 0x0, 0x0, 0x0, 0x4, 0xfd,
    0x2f, 0xe0, 0x9, 0xf8, 0x0, 0x0, 0x0, 0x0,
    0x4, 0xfd, 0x15, 0x50, 0xd, 0xfe, 0xdd, 0xdd,
    0xdd, 0xdd, 0xd2, 0x55, 0x0, 0x0, 0xf, 0xff,
    0xff, 0xff, 0xff, 0xff, 0xf0, 0x0, 0x0, 0x0,
    0x3f, 0xd0, 0x0, 0x0, 0x0, 0x0, 0x0, 0x0,
    0x0, 0x0, 0x7f, 0xa0, 0x0, 0x0, 0x0, 0x0,
    0x0, 0x0, 0x0, 0x0, 0xbf, 0xec, 0xcc, 0xcc,
    0xcc, 0xcc, 0xca, 0x0, 0x0, 0x0, 0xff, 0xff,
    0xff, 0xff, 0xff, 0xff, 0xfb, 0x0, 0x0, 0x0,
    0x0, 0x0, 0x0, 0x0, 0x0, 0x8, 0xf9, 0x0,
    0x0, 0x0, 0x0, 0x0, 0x0, 0x0, 0x0, 0x9,
    0xf7, 0x0, 0xb, 0xdd, 0xdd, 0xdd, 0xdd, 0xdd,
    0xd9, 0xb, 0xf6, 0x0, 0xd, 0xff, 0xff, 0xff,
    0xff, 0xff, 0xfb, 0xd, 0xf3, 0x0, 0x0, 0x0,
    0x0, 0x0, 0x0, 0x0, 0x0, 0xf, 0xf1, 0x0,
    0x0, 0x0, 0x0, 0x0, 0x0, 0x0, 0x0, 0x4f,
    0xe0, 0x0, 0x0, 0x0, 0x0, 0x0, 0x0, 0x0,
    0x0, 0xaf, 0x90, 0x0, 0x0, 0x0, 0x0, 0x0,
    0x5, 0xfe, 0xde, 0xff, 0x30, 0x0, 0x0, 0x0,
    0x0, 0x0, 0x0, 0xef, 0xff, 0xd5, 0x0, 0x0,
    0x0, 0x0, 0x0, 0x0, 0x0, 0x0, 0x0, 0x0,
    0x0, 0x0,

    /* U+51C6 "准" */
    0x0, 0x0, 0x0, 0x0, 0x2, 0x40, 0x0, 0x41,
    0x0, 0x0, 0x0, 0x1, 0x80, 0x0, 0x0, 0x9,
    0xf6, 0x8, 0xfa, 0x0, 0x0, 0x0, 0xc, 0xf9,
    0x0, 0x0, 0xf, 0xf0, 0x1, 0xff, 0x30, 0x0,
    0x0, 0x3, 0xff, 0x30, 0x0, 0x6f, 0xa0, 0x0,
    0x9f, 0x80, 0x0, 0x0, 0x0, 0xaf, 0xc0, 0x0,
    0xdf, 0xdc, 0xcc, 0xdf, 0xcc, 0xcc, 0x90, 0x0,
    0x2f, 0xf5, 0x6, 0xff, 0xff, 0xff, 0xff, 0xff,
    0xff, 0xc0, 0x0, 0xa, 0xf6, 0x1e, 0xfd, 0x0,
    0x0, 0xef, 0x20, 0x0, 0x0, 0x0, 0x2, 0x10,
    0xaf, 0xfd, 0x0, 0x0, 0xef, 0x10, 0x0, 0x0,
    0x0, 0x0, 0x7, 0xff, 0xfd, 0x11, 0x11, 0xef,
    0x31, 0x11, 0x0, 0x0, 0x0, 0x3f, 0xf7, 0xff,
    0xff, 0xff, 0xff, 0xff, 0xff, 0x50, 0x0, 0x0,
    0x9, 0x81, 0xff, 0xbb, 0xbb, 0xff, 0xcb, 0xbb,
    0x40, 0x0, 0x0, 0x30, 0x1, 0xfd, 0x0, 0x0,
    0xef, 0x10, 0x0, 0x0, 0x0, 0x1, 0xfd, 0x1,
    0xfd, 0x0, 0x0, 0xef, 0x10, 0x0, 0x0, 0x0,
    0x8, 0xfc, 0x1, 0xff, 0xff, 0xff, 0xff, 0xff,
    0xff, 0x50, 0x0, 0xe, 0xf6, 0x1, 0xff, 0xdd,
    0xdd, 0xff, 0xdd, 0xdd, 0x40, 0x0, 0x5f, 0xf0,
    0x1, 0xfd, 0x0, 0x0, 0xef, 0x10, 0x0, 0x0,
    0x0, 0xdf, 0x90, 0x1, 0xfd, 0x0, 0x0, 0xef,
    0x10, 0x0, 0x0, 0x5, 0xff, 0x20, 0x1, 0xff,
    0xbb, 0xbb, 0xff, 0xcb, 0xbb, 0xb2, 0xc, 0xfb,
    0x0, 0x1, 0xff, 0xff, 0xff, 0xff, 0xff, 0xff,
    0xf2, 0x1, 0x73, 0x0, 0x1, 0xfe, 0x22, 0x22,
    0x22, 0x22, 0x22, 0x20, 0x0, 0x0, 0x0, 0x1,
    0xfd, 0x0, 0x0, 0x0, 0x0, 0x0, 0x0,

    /* U+51FA "出" */
    0x0, 0x0, 0x0, 0x1, 0x55, 0x0, 0x0, 0x0,
    0x0, 0x0, 0x0, 0x0, 0x3, 0xff, 0x0, 0x0,
    0x0, 0x0, 0x9, 0xb3, 0x0, 0x3, 0xff, 0x0,
    0x0, 0x4b, 0xa0, 0xd, 0xf5, 0x0, 0x3, 0xff,
    0x0, 0x0, 0x5f, 0xe0, 0xd, 0xf5, 0x0, 0x3,
    0xff, 0x0, 0x0, 0x5f, 0xe0, 0xd, 0xf5, 0x0,
    0x3, 0xff, 0x0, 0x0, 0x5f, 0xe0, 0xd, 0xf5,
    0x0, 0x3, 0xff, 0x0, 0x0, 0x5f, 0xe0, 0xd,
    0xf5, 0x0, 0x3, 0xff, 0x0, 0x0, 0x5f, 0xe0,
    0xd, 0xff, 0xff, 0xff, 0xff, 0xff, 0xff, 0xff,
    0xe0, 0xd, 0xff, 0xff, 0xff, 0xff, 0xff, 0xff,
    0xff, 0xe0, 0x1, 0x11, 0x11, 0x14, 0xff, 0x21,
    0x11, 0x11, 0x10, 0x55, 0x20, 0x0, 0x3, 0xff,
    0x0, 0x0, 0x3, 0x65, 0xef, 0x60, 0x0, 0x3,
    0xff, 0x0, 0x0, 0x7, 0xfc, 0xef, 0x60, 0x0,
    0x3, 0xff, 0x0, 0x0, 0x7, 0xfc, 0xef, 0x60,
    0x0, 0x3, 0xff, 0x0, 0x0, 0x7, 0xfc, 0xef,
    0x60, 0x0, 0x3, 0xff, 0x0, 0x0, 0x7, 0xfc,
    0xef, 0x60, 0x0, 0x3, 0xff, 0x0, 0x0, 0x7,
    0xfc, 0xef, 0x83, 0x33, 0x36, 0xff, 0x43, 0x33,
    0x39, 0xfc, 0xef, 0xff, 0xff, 0xff, 0xff, 0xff,
    0xff, 0xff, 0xfc, 0xbc, 0xcc, 0xcc, 0xcc, 0xcc,
    0xcc, 0xcc, 0xce, 0xfc, 0x0, 0x0, 0x0, 0x0,
    0x0, 0x0, 0x0, 0x7, 0xfc,

    /* U+51FB "击" */
    0x0, 0x0, 0x0, 0x0, 0x4, 0x51, 0x0, 0x0,
    0x0, 0x0, 0x0, 0x0, 0x0, 0x0, 0xd, 0xf5,
    0x0, 0x0, 0x0, 0x0, 0x0, 0x0, 0x0, 0x0,
    0xd, 0xf5, 0x0, 0x0, 0x0, 0x0, 0x0, 0x11,
    0x11, 0x11, 0x1d, 0xf6, 0x11, 0x11, 0x11, 0x0,
    0x0, 0xef, 0xff, 0xff, 0xff, 0xff, 0xff, 0xff,
    0xff, 0x60, 0x0, 0xef, 0xff, 0xff, 0xff, 0xff,
    0xff, 0xff, 0xff, 0x60, 0x0, 0x0, 0x0, 0x0,
    0xd, 0xf5, 0x0, 0x0, 0x0, 0x0, 0x0, 0x0,
    0x0, 0x0, 0xd, 0xf5, 0x0, 0x0, 0x0, 0x0,
    0x1, 0x11, 0x11, 0x11, 0x1d, 0xf6, 0x11, 0x11,
    0x11, 0x11, 0x8f, 0xff, 0xff, 0xff, 0xff, 0xff,
    0xff, 0xff, 0xff, 0xfe, 0x8f, 0xff, 0xff, 0xff,
    0xff, 0xff, 0xff, 0xff, 0xff, 0xfe, 0x0, 0x0,
    0x0, 0x0, 0xd, 0xf5, 0x0, 0x0, 0x0, 0x0,
    0x0, 0x56, 0x30, 0x0, 0xd, 0xf5, 0x0, 0x0,
    0x66, 0x0, 0x0, 0xbf, 0x70, 0x0, 0xd, 0xf5,
    0x0, 0x1, 0xff, 0x0, 0x0, 0xbf, 0x70, 0x0,
    0xd, 0xf5, 0x0, 0x1, 0xff, 0x0, 0x0, 0xbf,
    0x70, 0x0, 0xd, 0xf5, 0x0, 0x1, 0xff, 0x0,
    0x0, 0xbf, 0x70, 0x0, 0xd, 0xf5, 0x0, 0x1,
    0xff, 0x0, 0x0, 0xbf, 0x81, 0x11, 0x1d, 0xf6,
    0x11, 0x12, 0xff, 0x0, 0x0, 0xbf, 0xff, 0xff,
    0xff, 0xff, 0xff, 0xff, 0xff, 0x0, 0x0, 0xbe,
    0xee, 0xee, 0xee, 0xee, 0xee, 0xee, 0xff, 0x0,
    0x0, 0x0, 0x0, 0x0, 0x0, 0x0, 0x0, 0x1,
    0xff, 0x0,

    /* U+5230 "到" */
    0x0, 0x0, 0x0, 0x0, 0x0, 0x0, 0x0, 0x0,
    0x9, 0xa1, 0x6d, 0xdd, 0xdd, 0xdd, 0xdd, 0xdc,
    0x6, 0x50, 0xe, 0xf1, 0x6d, 0xde, 0xff, 0xdd,
    0xdd, 0xdc, 0xf, 0xe0, 0xe, 0xf1, 0x0, 0xa,
    0xf8, 0x2, 0x90, 0x0, 0xf, 0xe0, 0xe, 0xf1,
    0x0, 0x2f, 0xe0, 0x8, 0xf9, 0x0, 0xf, 0xe0,
    0xe, 0xf1, 0x0, 0xcf, 0x50, 0x0, 0xdf, 0x50,
    0xf, 0xe0, 0xe, 0xf1, 0x9, 0xff, 0x89, 0xbc,
    0xef, 0xe1, 0xf, 0xe0, 0xe, 0xf1, 0xc, 0xff,
    0xff, 0xff, 0xed, 0xfa, 0xf, 0xe0, 0xe, 0xf1,
    0x4, 0x75, 0x33, 0x20, 0x0, 0xc3, 0xf, 0xe0,
    0xe, 0xf1, 0x0, 0x0, 0xb, 0xf3, 0x0, 0x0,
    0xf, 0xe0, 0xe, 0xf1, 0x0, 0x0, 0xb, 0xf3,
    0x0, 0x0, 0xf, 0xe0, 0xe, 0xf1, 0xd, 0xee,
    0xef, 0xff, 0xee, 0xe6, 0xf, 0xe0, 0xe, 0xf1,
    0xd, 0xee, 0xef, 0xfe, 0xee, 0xe6, 0xf, 0xe0,
    0xe, 0xf1, 0x0, 0x0, 0xb, 0xf3, 0x0, 0x0,
    0xf, 0xe0, 0xe, 0xf1, 0x0, 0x0, 0xb, 0xf3,
    0x0, 0x0, 0xf, 0xd0, 0xe, 0xf1, 0x0, 0x0,
    0xb, 0xf3, 0x15, 0x88, 0x0, 0x0, 0xe, 0xf1,
    0x0, 0x2, 0x5d, 0xff, 0xff, 0xfc, 0x0, 0x0,
    0xe, 0xf1, 0x7d, 0xff, 0xff, 0xff, 0xeb, 0x84,
    0x0, 0x0, 0xf, 0xf1, 0x7f, 0xfe, 0xb8, 0x52,
    0x0, 0x0, 0x0, 0xdf, 0xff, 0xf0, 0x24, 0x10,
    0x0, 0x0, 0x0, 0x0, 0x0, 0x8f, 0xfc, 0x50,
    0x0, 0x0, 0x0, 0x0, 0x0, 0x0, 0x0, 0x0,
    0x0, 0x0,

    /* U+524D "前" */
    0x0, 0x0, 0x23, 0x0, 0x0, 0x0, 0x0, 0x33,
    0x0, 0x0, 0x0, 0x5, 0xfe, 0x20, 0x0, 0x0,
    0x0, 0xdf, 0x90, 0x0, 0x0, 0x0, 0xbf, 0xc0,
    0x0, 0x0, 0x6, 0xfe, 0x10, 0x0, 0x0, 0x0,
    0x2f, 0xe3, 0x0, 0x0, 0x1e, 0xf6, 0x0, 0x0,
    0xef, 0xff, 0xff, 0xff, 0xff, 0xff, 0xff, 0xff,
    0xff, 0xfe, 0xcd, 0xdd, 0xdd, 0xdd, 0xdd, 0xdd,
    0xdd, 0xdd, 0xdd, 0xdc, 0x0, 0x0, 0x0, 0x0,
    0x0, 0x0, 0x0, 0x0, 0x0, 0x0, 0x3, 0x44,
    0x44, 0x44, 0x43, 0x0, 0x11, 0x0, 0x5b, 0x60,
    0x9, 0xff, 0xff, 0xff, 0xfb, 0x0, 0xef, 0x0,
    0x7f, 0x90, 0x9, 0xfa, 0x77, 0x79, 0xfb, 0x0,
    0xef, 0x0, 0x7f, 0x90, 0x9, 0xf5, 0x0, 0x4,
    0xfb, 0x0, 0xef, 0x0, 0x7f, 0x90, 0x9, 0xfd,
    0xbb, 0xbc, 0xfb, 0x0, 0xef, 0x0, 0x7f, 0x90,
    0x9, 0xfe, 0xdd, 0xde, 0xfb, 0x0, 0xef, 0x0,
    0x7f, 0x90, 0x9, 0xf5, 0x0, 0x4, 0xfb, 0x0,
    0xef, 0x0, 0x7f, 0x90, 0x9, 0xf8, 0x33, 0x37,
    0xfb, 0x0, 0xef, 0x0, 0x7f, 0x90, 0x9, 0xff,
    0xff, 0xff, 0xfb, 0x0, 0xef, 0x0, 0x7f, 0x90,
    0x9, 0xf9, 0x44, 0x47, 0xfb, 0x0, 0xdf, 0x0,
    0x7f, 0x90, 0x9, 0xf5, 0x0, 0x4, 0xfb, 0x0,
    0x0, 0x0, 0x7f, 0x90, 0x9, 0xf5, 0x0, 0x4,
    0xfb, 0x0, 0x0, 0x0, 0x8f, 0x90, 0x9, 0xf5,
    0x9, 0xce, 0xfa, 0x0, 0x8, 0xfe, 0xff, 0x60,
    0x9, 0xf5, 0x6, 0xff, 0xc2, 0x0, 0x2, 0xff,
    0xd9, 0x0, 0x0, 0x0, 0x0, 0x0, 0x0, 0x0,
    0x0, 0x0, 0x0, 0x0,

    /* U+52A8 "动" */
    0x0, 0x0, 0x0, 0x0, 0x0, 0x0, 0x2, 0x20,
    0x0, 0x0, 0x0, 0x0, 0x0, 0x0, 0x0, 0x0,
    0xf, 0xf1, 0x0, 0x0, 0x2c, 0xcc, 0xcc, 0xcc,
    0xc5, 0x0, 0xf, 0xf0, 0x0, 0x0, 0x2f, 0xff,
    0xff, 0xff, 0xf6, 0x0, 0xf, 0xf0, 0x0, 0x0,
    0x0, 0x0, 0x0, 0x0, 0x0, 0x0, 0xf, 0xf0,
    0x0, 0x0, 0x0, 0x0, 0x0, 0x0, 0x0, 0x9b,
    0xbf, 0xfb, 0xbb, 0xba, 0x0, 0x0, 0x0, 0x0,
    0x0, 0xcf, 0xff, 0xff, 0xff, 0xfe, 0xcd, 0xdd,
    0xdd, 0xdd, 0xda, 0x22, 0x4f, 0xe2, 0x24, 0xfe,
    0xef, 0xff, 0xff, 0xff, 0xfc, 0x0, 0x3f, 0xc0,
    0x3, 0xfd, 0x0, 0x2f, 0xf1, 0x0, 0x0, 0x0,
    0x5f, 0xb0, 0x3, 0xfc, 0x0, 0x5f, 0xb0, 0x0,
    0x0, 0x0, 0x6f, 0x90, 0x4, 0xfc, 0x0, 0x9f,
    0x70, 0x4e, 0x60, 0x0, 0x8f, 0x80, 0x5, 0xfb,
    0x0, 0xdf, 0x30, 0x1f, 0xc0, 0x0, 0xcf, 0x50,
    0x5, 0xfa, 0x2, 0xfd, 0x0, 0xc, 0xf3, 0x0,
    0xff, 0x20, 0x6, 0xfa, 0x7, 0xf7, 0x0, 0x19,
    0xf9, 0x3, 0xfe, 0x0, 0x7, 0xf9, 0xe, 0xf7,
    0x9d, 0xff, 0xfe, 0x9, 0xfa, 0x0, 0x8, 0xf7,
    0x7f, 0xff, 0xff, 0xfb, 0xef, 0x4f, 0xf4, 0x0,
    0xa, 0xf6, 0x6f, 0xfb, 0x73, 0x0, 0x79, 0x9f,
    0xe0, 0x0, 0xd, 0xf4, 0x14, 0x0, 0x0, 0x0,
    0x3, 0xff, 0x70, 0x0, 0x2f, 0xf2, 0x0, 0x0,
    0x0, 0x0, 0xd, 0xfc, 0x9, 0xff, 0xff, 0xd0,
    0x0, 0x0, 0x0, 0x0, 0x3, 0xe2, 0x4, 0xff,
    0xfc, 0x20, 0x0, 0x0, 0x0, 0x0, 0x0, 0x0,
    0x0, 0x0, 0x0, 0x0,

    /* U+5355 "单" */
    0x0, 0x0, 0x4, 0x0, 0x0, 0x0, 0x0, 0x41,
    0x0, 0x0, 0x0, 0x0, 0xbf, 0x80, 0x0, 0x0,
    0x2, 0xff, 0x50, 0x0, 0x0, 0x0, 0x2f, 0xf4,
    0x0, 0x0, 0xa, 0xfc, 0x0, 0x0, 0x0, 0x0,
    0x7, 0xfd, 0x0, 0x0, 0x4f, 0xf2, 0x0, 0x0,
    0x0, 0xac, 0xcc, 0xfd, 0xcc, 0xcc, 0xef, 0xec,
    0xcc, 0x0, 0x0, 0xdf, 0xff, 0xff, 0xff, 0xff,
    0xff, 0xff, 0xff, 0x10, 0x0, 0xdf, 0x20, 0x0,
    0x1f, 0xf0, 0x0, 0x0, 0xff, 0x10, 0x0, 0xdf,
    0x30, 0x0, 0x2f, 0xf1, 0x0, 0x1, 0xff, 0x10,
    0x0, 0xdf, 0xff, 0xff, 0xff, 0xff, 0xff, 0xff,
    0xff, 0x10, 0x0, 0xdf, 0xa9, 0x99, 0xaf, 0xf9,
    0x99, 0x99, 0xff, 0x10, 0x0, 0xdf, 0x20, 0x0,
    0x1f, 0xf0, 0x0, 0x0, 0xff, 0x10, 0x0, 0xdf,
    0xcb, 0xbb, 0xbf, 0xfb, 0xbb, 0xbb, 0xff, 0x10,
    0x0, 0xdf, 0xff, 0xff, 0xff, 0xff, 0xff, 0xff,
    0xff, 0x10, 0x0, 0x0, 0x0, 0x0, 0x2f, 0xf1,
    0x0, 0x0, 0x0, 0x0, 0x0, 0x0, 0x0, 0x0,
    0x1f, 0xf0, 0x0, 0x0, 0x0, 0x0, 0xce, 0xee,
    0xee, 0xee, 0xef, 0xfe, 0xee, 0xee, 0xee, 0xed,
    0xdf, 0xff, 0xff, 0xff, 0xff, 0xff, 0xff, 0xff,
    0xff, 0xfe, 0x0, 0x0, 0x0, 0x0, 0x1f, 0xf0,
    0x0, 0x0, 0x0, 0x0, 0x0, 0x0, 0x0, 0x0,
    0x1f, 0xf0, 0x0, 0x0, 0x0, 0x0, 0x0, 0x0,
    0x0, 0x0, 0x1f, 0xf0, 0x0, 0x0, 0x0, 0x0,
    0x0, 0x0, 0x0, 0x0, 0x1f, 0xf0, 0x0, 0x0,
    0x0, 0x0,

    /* U+5382 "厂" */
    0x0, 0x2, 0x22, 0x22, 0x22, 0x22, 0x22, 0x22,
    0x22, 0x22, 0x10, 0x0, 0xef, 0xff, 0xff, 0xff,
    0xff, 0xff, 0xff, 0xff, 0xfa, 0x0, 0xe, 0xff,
    0xff, 0xff, 0xff, 0xff, 0xff, 0xff, 0xff, 0xa0,
    0x0, 0xef, 0x50, 0x0, 0x0, 0x0, 0x0, 0x0,
    0x0, 0x0, 0x0, 0xe, 0xf4, 0x0, 0x0, 0x0,
    0x0, 0x0, 0x0, 0x0, 0x0, 0x0, 0xef, 0x40,
    0x0, 0x0, 0x0, 0x0, 0x0, 0x0, 0x0, 0x0,
    0xe, 0xf4, 0x0, 0x0, 0x0, 0x0, 0x0, 0x0,
    0x0, 0x0, 0x0, 0xef, 0x40, 0x0, 0x0, 0x0,
    0x0, 0x0, 0x0, 0x0, 0x0, 0xe, 0xf4, 0x0,
    0x0, 0x0, 0x0, 0x0, 0x0, 0x0, 0x0, 0x0,
    0xff, 0x30, 0x0, 0x0, 0x0, 0x0, 0x0, 0x0,
    0x0, 0x0, 0xf, 0xf3, 0x0, 0x0, 0x0, 0x0,
    0x0, 0x0, 0x0, 0x0, 0x1, 0xff, 0x10, 0x0,
    0x0, 0x0, 0x0, 0x0, 0x0, 0x0, 0x0, 0x3f,
    0xf0, 0x0, 0x0, 0x0, 0x0, 0x0, 0x0, 0x0,
    0x0, 0x5, 0xfd, 0x0, 0x0, 0x0, 0x0, 0x0,
    0x0, 0x0, 0x0, 0x0, 0x9f, 0xa0, 0x0, 0x0,
    0x0, 0x0, 0x0, 0x0, 0x0, 0x0, 0xd, 0xf6,
    0x0, 0x0, 0x0, 0x0, 0x0, 0x0, 0x0, 0x0,
    0x3, 0xff, 0x20, 0x0, 0x0, 0x0, 0x0, 0x0,
    0x0, 0x0, 0x0, 0xbf, 0xc0, 0x0, 0x0, 0x0,
    0x0, 0x0, 0x0, 0x0, 0x0, 0x1e, 0xf5, 0x0,
    0x0, 0x0, 0x0, 0x0, 0x0, 0x0, 0x0, 0x0,
    0x18, 0x0, 0x0, 0x0, 0x0, 0x0, 0x0, 0x0,
    0x0, 0x0,

    /* U+53BB "去" */
    0x0, 0x0, 0x0, 0x0, 0x5, 0x50, 0x0, 0x0,
    0x0, 0x0, 0x0, 0x0, 0x0, 0x0, 0x1, 0xff,
    0x10, 0x0, 0x0, 0x0, 0x0, 0x0, 0x0, 0x0,
    0x0, 0x1f, 0xf1, 0x0, 0x0, 0x0, 0x0, 0x0,
    0x2, 0x22, 0x22, 0x23, 0xff, 0x32, 0x22, 0x22,
    0x20, 0x0, 0x3, 0xff, 0xff, 0xff, 0xff, 0xff,
    0xff, 0xff, 0xff, 0x60, 0x0, 0x3f, 0xff, 0xff,
    0xff, 0xff, 0xff, 0xff, 0xff, 0xf5, 0x0, 0x0,
    0x0, 0x0, 0x0, 0x1f, 0xf1, 0x0, 0x0, 0x0,
    0x0, 0x0, 0x0, 0x0, 0x0, 0x1, 0xff, 0x10,
    0x0, 0x0, 0x0, 0x0, 0x0, 0x0, 0x0, 0x0,
    0x1f, 0xf1, 0x0, 0x0, 0x0, 0x0, 0x4, 0x44,
    0x44, 0x44, 0x45, 0xff, 0x54, 0x44, 0x44, 0x44,
    0x40, 0xef, 0xff, 0xff, 0xff, 0xff, 0xff, 0xff,
    0xff, 0xff, 0xff, 0xb, 0xcc, 0xcc, 0xcd, 0xff,
    0xdc, 0xcc, 0xcc, 0xcc, 0xcc, 0xc0, 0x0, 0x0,
    0x0, 0xbf, 0xd0, 0x0, 0x0, 0x0, 0x0, 0x0,
    0x0, 0x0, 0x0, 0x5f, 0xf3, 0x0, 0x6, 0xea,
    0x0, 0x0, 0x0, 0x0, 0x0, 0x1e, 0xf8, 0x0,
    0x0, 0x3f, 0xf7, 0x0, 0x0, 0x0, 0x0, 0xb,
    0xfc, 0x0, 0x0, 0x0, 0x6f, 0xf4, 0x0, 0x0,
    0x0, 0x7, 0xfe, 0x10, 0x0, 0x0, 0x0, 0xaf,
    0xe1, 0x0, 0x0, 0x6, 0xff, 0x64, 0x56, 0x78,
    0x9a, 0xbd, 0xff, 0xb0, 0x0, 0x5, 0xff, 0xff,
    0xff, 0xff, 0xff, 0xff, 0xff, 0xff, 0x50, 0x0,
    0x2f, 0xff, 0xed, 0xba, 0x97, 0x65, 0x42, 0x1a,
    0xfe, 0x0, 0x0, 0x41, 0x0, 0x0, 0x0, 0x0,
    0x0, 0x0, 0x2b, 0x20, 0x0,

    /* U+53CC "双" */
    0x0, 0x0, 0x0, 0x0, 0x0, 0x0, 0x0, 0x0,
    0x0, 0x0, 0x0, 0x9, 0xee, 0xee, 0xee, 0xfc,
    0x2e, 0xee, 0xee, 0xee, 0xee, 0x30, 0xa, 0xff,
    0xff, 0xff, 0xfd, 0x2f, 0xff, 0xff, 0xff, 0xff,
    0x30, 0x0, 0x0, 0x0, 0x5, 0xfb, 0xb, 0xf4,
    0x0, 0x1, 0xff, 0x0, 0x0, 0x0, 0x0, 0x7,
    0xf8, 0x8, 0xf7, 0x0, 0x4, 0xfe, 0x0, 0x0,
    0x94, 0x0, 0xa, 0xf6, 0x5, 0xfa, 0x0, 0x7,
    0xfa, 0x0, 0x6, 0xff, 0x20, 0xd, 0xf3, 0x2,
    0xfd, 0x0, 0xb, 0xf6, 0x0, 0x0, 0xaf, 0xd1,
    0x1f, 0xf0, 0x0, 0xef, 0x10, 0xf, 0xf2, 0x0,
    0x0, 0xc, 0xfb, 0x6f, 0xb0, 0x0, 0xbf, 0x60,
    0x5f, 0xe0, 0x0, 0x0, 0x2, 0xef, 0xff, 0x60,
    0x0, 0x5f, 0xb0, 0xcf, 0x80, 0x0, 0x0, 0x0,
    0x5f, 0xff, 0x20, 0x0, 0xf, 0xf4, 0xff, 0x20,
    0x0, 0x0, 0x0, 0xa, 0xff, 0x10, 0x0, 0xa,
    0xfe, 0xfb, 0x0, 0x0, 0x0, 0x0, 0xe, 0xff,
    0xb0, 0x0, 0x4, 0xff, 0xf3, 0x0, 0x0, 0x0,
    0x0, 0x7f, 0xff, 0xf5, 0x0, 0x1, 0xff, 0xc0,
    0x0, 0x0, 0x0, 0x1, 0xff, 0x5a, 0xfe, 0x0,
    0xc, 0xff, 0xf4, 0x0, 0x0, 0x0, 0xb, 0xfc,
    0x1, 0xff, 0x30, 0xbf, 0xfd, 0xfe, 0x20, 0x0,
    0x0, 0x9f, 0xf2, 0x0, 0x73, 0x2c, 0xff, 0x51,
    0xef, 0xd2, 0x0, 0x9, 0xff, 0x60, 0x0, 0x7,
    0xff, 0xf5, 0x0, 0x3f, 0xff, 0x60, 0x1d, 0xf6,
    0x0, 0x0, 0xb, 0xfd, 0x30, 0x0, 0x3, 0xef,
    0xb0, 0x2, 0x60, 0x0, 0x0, 0x1, 0x80, 0x0,
    0x0, 0x0, 0x19, 0x10,

    /* U+53D1 "发" */
    0x0, 0x0, 0x1, 0x0, 0x3, 0xc9, 0x10, 0x1,
    0x50, 0x0, 0x0, 0x0, 0x0, 0x7f, 0xc0, 0x6,
    0xff, 0x0, 0xe, 0xf6, 0x0, 0x0, 0x0, 0x0,
    0xdf, 0x60, 0x9, 0xfd, 0x0, 0x4, 0xff, 0x40,
    0x0, 0x0, 0x2, 0xff, 0x0, 0xb, 0xfa, 0x0,
    0x0, 0x6f, 0xd0, 0x0, 0x0, 0xa, 0xf9, 0x0,
    0xe, 0xf7, 0x0, 0x0, 0x6, 0x0, 0x0, 0x0,
    0x5f, 0xff, 0xee, 0xef, 0xff, 0xee, 0xee, 0xee,
    0xee, 0x80, 0x0, 0x4f, 0xff, 0xff, 0xff, 0xff,
    0xff, 0xff, 0xff, 0xff, 0x90, 0x0, 0x4, 0x11,
    0x0, 0xcf, 0xb0, 0x0, 0x0, 0x0, 0x0, 0x0,
    0x0, 0x0, 0x0, 0x2, 0xff, 0x50, 0x0, 0x0,
    0x0, 0x0, 0x0, 0x0, 0x0, 0x0, 0x9, 0xff,
    0xdd, 0xdd, 0xdd, 0xdd, 0x70, 0x0, 0x0, 0x0,
    0x0, 0x1f, 0xff, 0xff, 0xff, 0xff, 0xff, 0x90,
    0x0, 0x0, 0x0, 0x0, 0xaf, 0xff, 0x42, 0x22,
    0x25, 0xff, 0x20, 0x0, 0x0, 0x0, 0x4, 0xff,
    0xef, 0x90, 0x0, 0xc, 0xfa, 0x0, 0x0, 0x0,
    0x0, 0x2e, 0xfc, 0x1d, 0xf5, 0x0, 0x7f, 0xf2,
    0x0, 0x0, 0x0, 0x1, 0xdf, 0xe1, 0x2, 0xff,
    0x56, 0xff, 0x50, 0x0, 0x0, 0x0, 0x2d, 0xff,
    0x30, 0x0, 0x5f, 0xff, 0xf7, 0x0, 0x0, 0x0,
    0x6, 0xff, 0xe4, 0x0, 0x0, 0x3e, 0xff, 0xe3,
    0x0, 0x0, 0x0, 0x2f, 0xfc, 0x20, 0x0, 0x2a,
    0xff, 0xee, 0xff, 0xb4, 0x0, 0x0, 0x4, 0x90,
    0x2, 0x8d, 0xff, 0xf8, 0x10, 0x8f, 0xff, 0xfb,
    0x61, 0x0, 0x0, 0x5, 0xff, 0xe9, 0x20, 0x0,
    0x2, 0x9e, 0xff, 0xc0, 0x0, 0x0, 0x0, 0x74,
    0x0, 0x0, 0x0, 0x0, 0x0, 0x38, 0x20,

    /* U+53D6 "取" */
    0x7, 0x77, 0x77, 0x77, 0x77, 0x70, 0x0, 0x0,
    0x0, 0x0, 0x0, 0xf, 0xff, 0xff, 0xff, 0xff,
    0xf1, 0x0, 0x0, 0x0, 0x0, 0x0, 0x6, 0xcf,
    0x96, 0x6a, 0xfc, 0x6d, 0xff, 0xff, 0xff, 0xff,
    0x70, 0x0, 0x9f, 0x50, 0x7, 0xf9, 0xc, 0xff,
    0xee, 0xee, 0xff, 0x60, 0x0, 0x9f, 0x60, 0x7,
    0xf9, 0x0, 0xcf, 0x10, 0x0, 0xbf, 0x40, 0x0,
    0x9f, 0xff, 0xff, 0xf9, 0x0, 0x8f, 0x40, 0x0,
    0xef, 0x10, 0x0, 0x9f, 0xdc, 0xce, 0xf9, 0x0,
    0x5f, 0x80, 0x2, 0xfe, 0x0, 0x0, 0x9f, 0x50,
    0x7, 0xf9, 0x0, 0x2f, 0xb0, 0x5, 0xfa, 0x0,
    0x0, 0x9f, 0x50, 0x7, 0xf9, 0x0, 0xe, 0xf0,
    0xa, 0xf6, 0x0, 0x0, 0x9f, 0x72, 0x28, 0xf9,
    0x0, 0xa, 0xf5, 0x1f, 0xf1, 0x0, 0x0, 0x9f,
    0xff, 0xff, 0xf9, 0x0, 0x4, 0xfa, 0x6f, 0xb0,
    0x0, 0x0, 0x9f, 0xc9, 0x9c, 0xf9, 0x0, 0x0,
    0xef, 0xcf, 0x60, 0x0, 0x0, 0x9f, 0x50, 0x7,
    0xf9, 0x0, 0x0, 0x8f, 0xfe, 0x0, 0x0, 0x0,
    0x9f, 0x50, 0x7, 0xfa, 0x32, 0x0, 0x3f, 0xf7,
    0x0, 0x0, 0x0, 0x9f, 0x97, 0xad, 0xff, 0xf7,
    0x0, 0x8f, 0xf9, 0x0, 0x0, 0x1e, 0xff, 0xff,
    0xff, 0xfd, 0x83, 0x4, 0xff, 0xff, 0x50, 0x0,
    0xe, 0xfc, 0x96, 0x48, 0xf9, 0x0, 0x2e, 0xf8,
    0x7f, 0xf3, 0x0, 0x1, 0x0, 0x0, 0x7, 0xf9,
    0x4, 0xff, 0xb0, 0xa, 0xff, 0x60, 0x0, 0x0,
    0x0, 0x7, 0xf9, 0x3f, 0xfb, 0x0, 0x0, 0xaf,
    0xf2, 0x0, 0x0, 0x0, 0x7, 0xf9, 0x9, 0x80,
    0x0, 0x0, 0x8, 0x40, 0x0, 0x0, 0x0, 0x0,
    0x0, 0x0, 0x0, 0x0, 0x0, 0x0, 0x0,

    /* U+53E5 "句" */
    0x0, 0x0, 0x0, 0x30, 0x0, 0x0, 0x0, 0x0,
    0x0, 0x0, 0x0, 0x0, 0x0, 0x1f, 0xf3, 0x0,
    0x0, 0x0, 0x0, 0x0, 0x0, 0x0, 0x0, 0x8,
    0xfd, 0x0, 0x0, 0x0, 0x0, 0x0, 0x0, 0x0,
    0x0, 0x0, 0xef, 0xa3, 0x33, 0x33, 0x33, 0x33,
    0x33, 0x31, 0x0, 0x0, 0x7f, 0xff, 0xff, 0xff,
    0xff, 0xff, 0xff, 0xff, 0x50, 0x0, 0x1e, 0xfd,
    0xcc, 0xcc, 0xcc, 0xcc, 0xcc, 0xcf, 0xf5, 0x0,
    0xb, 0xfe, 0x10, 0x0, 0x0, 0x0, 0x0, 0x0,
    0xdf, 0x40, 0x6, 0xff, 0x50, 0x0, 0x0, 0x0,
    0x0, 0x0, 0xe, 0xf3, 0x5, 0xff, 0xbb, 0xbb,
    0xbb, 0xbb, 0xbb, 0x0, 0x0, 0xef, 0x31, 0xef,
    0xc2, 0xff, 0xff, 0xff, 0xff, 0xe0, 0x0, 0xf,
    0xf2, 0x2, 0xb1, 0x1f, 0xe1, 0x11, 0x14, 0xfe,
    0x0, 0x0, 0xff, 0x10, 0x0, 0x1, 0xfe, 0x0,
    0x0, 0x2f, 0xe0, 0x0, 0xf, 0xf1, 0x0, 0x0,
    0x1f, 0xe0, 0x0, 0x2, 0xfe, 0x0, 0x1, 0xff,
    0x0, 0x0, 0x1, 0xfe, 0x0, 0x0, 0x2f, 0xe0,
    0x0, 0x2f, 0xf0, 0x0, 0x0, 0x1f, 0xe0, 0x0,
    0x3, 0xfe, 0x0, 0x4, 0xfe, 0x0, 0x0, 0x1,
    0xff, 0xff, 0xff, 0xff, 0xe0, 0x0, 0x6f, 0xc0,
    0x0, 0x0, 0x1f, 0xfd, 0xdd, 0xdd, 0xdc, 0x0,
    0x8, 0xfa, 0x0, 0x0, 0x1, 0xed, 0x0, 0x0,
    0x0, 0x0, 0x0, 0xbf, 0x80, 0x0, 0x0, 0x0,
    0x0, 0x0, 0x0, 0x33, 0x21, 0x5f, 0xf4, 0x0,
    0x0, 0x0, 0x0, 0x0, 0x0, 0x6, 0xff, 0xff,
    0xfe, 0x0, 0x0, 0x0, 0x0, 0x0, 0x0, 0x0,
    0x2f, 0xff, 0xeb, 0x20, 0x0, 0x0, 0x0, 0x0,
    0x0, 0x0, 0x0, 0x0, 0x0, 0x0, 0x0,

    /* U+53EB "叫" */
    0x0, 0x0, 0x0, 0x0, 0x0, 0x0, 0x0, 0x0,
    0x2, 0x20, 0x0, 0x0, 0x0, 0x0, 0x0, 0x0,
    0x0, 0x4, 0xfe, 0x1d, 0xdd, 0xdd, 0xdd, 0x10,
    0xac, 0x30, 0x0, 0x4f, 0xe1, 0xff, 0xff, 0xff,
    0xf1, 0xd, 0xf4, 0x0, 0x4, 0xfe, 0x1f, 0xe1,
    0x11, 0xef, 0x10, 0xdf, 0x40, 0x0, 0x4f, 0xe1,
    0xfd, 0x0, 0xe, 0xf1, 0xd, 0xf4, 0x0, 0x4,
    0xfe, 0x1f, 0xd0, 0x0, 0xef, 0x10, 0xdf, 0x40,
    0x0, 0x4f, 0xe1, 0xfd, 0x0, 0xe, 0xf1, 0xd,
    0xf4, 0x0, 0x4, 0xfe, 0x1f, 0xd0, 0x0, 0xef,
    0x10, 0xdf, 0x40, 0x0, 0x4f, 0xe1, 0xfd, 0x0,
    0xe, 0xf1, 0xd, 0xf4, 0x0, 0x4, 0xfe, 0x1f,
    0xd0, 0x0, 0xef, 0x10, 0xdf, 0x40, 0x0, 0x4f,
    0xe1, 0xfd, 0x0, 0xe, 0xf1, 0xd, 0xf4, 0x0,
    0x4, 0xfe, 0x1f, 0xd0, 0x0, 0xef, 0x10, 0xdf,
    0x40, 0x0, 0x6f, 0xe1, 0xff, 0xbb, 0xbf, 0xf1,
    0xe, 0xf9, 0x9c, 0xff, 0xfe, 0x1f, 0xff, 0xff,
    0xff, 0x17, 0xff, 0xff, 0xff, 0xcf, 0xe1, 0xfe,
    0x22, 0x22, 0x20, 0xbf, 0xfc, 0x73, 0x4, 0xfe,
    0x1f, 0xd0, 0x0, 0x0, 0x2, 0x71, 0x0, 0x0,
    0x4f, 0xe0, 0x22, 0x0, 0x0, 0x0, 0x0, 0x0,
    0x0, 0x4, 0xfe, 0x0, 0x0, 0x0, 0x0, 0x0,
    0x0, 0x0, 0x0, 0x4f, 0xe0, 0x0, 0x0, 0x0,
    0x0, 0x0, 0x0, 0x0, 0x4, 0xfe, 0x0, 0x0,
    0x0, 0x0, 0x0, 0x0, 0x0, 0x0, 0x4f, 0xe0,

    /* U+53EF "可" */
    0x0, 0x0, 0x0, 0x0, 0x0, 0x0, 0x0, 0x0,
    0x0, 0x0, 0xdf, 0xff, 0xff, 0xff, 0xff, 0xff,
    0xff, 0xff, 0xff, 0xfe, 0xdf, 0xff, 0xff, 0xff,
    0xff, 0xff, 0xff, 0xff, 0xff, 0xfe, 0x0, 0x0,
    0x0, 0x0, 0x0, 0x0, 0x0, 0xe, 0xf5, 0x0,
    0x0, 0x0, 0x0, 0x0, 0x0, 0x0, 0x0, 0xe,
    0xf4, 0x0, 0x0, 0x0, 0x0, 0x0, 0x0, 0x0,
    0x0, 0xe, 0xf4, 0x0, 0x0, 0xaf, 0xff, 0xff,
    0xff, 0xf7, 0x0, 0xe, 0xf4, 0x0, 0x0, 0xaf,
    0xfe, 0xee, 0xef, 0xf7, 0x0, 0xe, 0xf4, 0x0,
    0x0, 0xaf, 0x50, 0x0, 0x9, 0xf7, 0x0, 0xe,
    0xf4, 0x0, 0x0, 0xaf, 0x50, 0x0, 0x9, 0xf7,
    0x0, 0xe, 0xf4, 0x0, 0x0, 0xaf, 0x50, 0x0,
    0x9, 0xf7, 0x0, 0xe, 0xf4, 0x0, 0x0, 0xaf,
    0x50, 0x0, 0x9, 0xf7, 0x0, 0xe, 0xf4, 0x0,
    0x0, 0xaf, 0xee, 0xee, 0xef, 0xf7, 0x0, 0xe,
    0xf4, 0x0, 0x0, 0xaf, 0xff, 0xff, 0xff, 0xf7,
    0x0, 0xe, 0xf4, 0x0, 0x0, 0xaf, 0x61, 0x11,
    0x11, 0x10, 0x0, 0xe, 0xf4, 0x0, 0x0, 0xaf,
    0x50, 0x0, 0x0, 0x0, 0x0, 0xe, 0xf4, 0x0,
    0x0, 0x0, 0x0, 0x0, 0x0, 0x0, 0x0, 0xe,
    0xf4, 0x0, 0x0, 0x0, 0x0, 0x0, 0x0, 0x12,
    0x22, 0x3f, 0xf3, 0x0, 0x0, 0x0, 0x0, 0x0,
    0x0, 0x5f, 0xff, 0xff, 0xf0, 0x0, 0x0, 0x0,
    0x0, 0x0, 0x0, 0xe, 0xff, 0xeb, 0x30, 0x0,
    0x0, 0x0, 0x0, 0x0, 0x0, 0x0, 0x0, 0x0,
    0x0, 0x0,

    /* U+540D "名" */
    0x0, 0x0, 0x0, 0x0, 0x43, 0x0, 0x0, 0x0,
    0x0, 0x0, 0x0, 0x0, 0x0, 0x4f, 0xf6, 0x0,
    0x0, 0x0, 0x0, 0x0, 0x0, 0x0, 0x3e, 0xfc,
    0x22, 0x22, 0x22, 0x30, 0x0, 0x0, 0x0, 0x3f,
    0xff, 0xff, 0xff, 0xff, 0xff, 0xd1, 0x0, 0x0,
    0x7f, 0xfd, 0xbb, 0xbb, 0xbb, 0xbf, 0xfa, 0x0,
    0x3, 0xcf, 0xf9, 0x0, 0x0, 0x0, 0x9, 0xfe,
    0x10, 0x8, 0xff, 0xe5, 0x31, 0x0, 0x0, 0x8,
    0xff, 0x30, 0x0, 0x1d, 0x80, 0x5f, 0xe4, 0x0,
    0x9, 0xff, 0x40, 0x0, 0x0, 0x0, 0x0, 0x9f,
    0xf8, 0x3d, 0xfe, 0x40, 0x0, 0x0, 0x0, 0x0,
    0x0, 0x5f, 0xff, 0xfd, 0x20, 0x0, 0x0, 0x0,
    0x0, 0x0, 0x29, 0xff, 0xf7, 0x0, 0x0, 0x0,
    0x0, 0x0, 0x15, 0xcf, 0xff, 0xfe, 0xdd, 0xdd,
    0xdd, 0xd4, 0x19, 0xdf, 0xff, 0xff, 0xff, 0xff,
    0xff, 0xff, 0xff, 0x50, 0xdf, 0xfc, 0xef, 0x40,
    0x0, 0x0, 0x0, 0xd, 0xf5, 0x4, 0x61, 0xc,
    0xf4, 0x0, 0x0, 0x0, 0x0, 0xcf, 0x50, 0x0,
    0x0, 0xcf, 0x40, 0x0, 0x0, 0x0, 0xc, 0xf5,
    0x0, 0x0, 0xc, 0xf4, 0x0, 0x0, 0x0, 0x0,
    0xcf, 0x50, 0x0, 0x0, 0xcf, 0x40, 0x0, 0x0,
    0x0, 0xd, 0xf5, 0x0, 0x0, 0xc, 0xff, 0xff,
    0xff, 0xff, 0xff, 0xff, 0x50, 0x0, 0x0, 0xcf,
    0xed, 0xdd, 0xdd, 0xdd, 0xdf, 0xf5, 0x0, 0x0,
    0xc, 0xf4, 0x0, 0x0, 0x0, 0x0, 0xcf, 0x50,
    0x0, 0x0, 0x0, 0x0, 0x0, 0x0, 0x0, 0x0,
    0x0,

    /* U+540E "后" */
    0x0, 0x0, 0x0, 0x0, 0x0, 0x0, 0x0, 0x0,
    0x35, 0x0, 0x0, 0x0, 0x0, 0x0, 0x0, 0x12,
    0x45, 0x8a, 0xcf, 0xff, 0xa0, 0x0, 0x0, 0x8,
    0xbd, 0xef, 0xff, 0xff, 0xff, 0xff, 0xda, 0x71,
    0x0, 0x0, 0xc, 0xff, 0xfe, 0xcb, 0x98, 0x74,
    0x20, 0x0, 0x0, 0x0, 0x0, 0xc, 0xf6, 0x0,
    0x0, 0x0, 0x0, 0x0, 0x0, 0x0, 0x0, 0x0,
    0xc, 0xf5, 0x0, 0x0, 0x0, 0x0, 0x0, 0x0,
    0x0, 0x0, 0x0, 0xc, 0xf8, 0x44, 0x44, 0x44,
    0x44, 0x44, 0x44, 0x44, 0x40, 0x0, 0xc, 0xff,
    0xff, 0xff, 0xff, 0xff, 0xff, 0xff, 0xff, 0xf1,
    0x0, 0xd, 0xfd, 0xbb, 0xbb, 0xbb, 0xbb, 0xbb,
    0xbb, 0xbb, 0xb1, 0x0, 0xd, 0xf4, 0x0, 0x0,
    0x0, 0x0, 0x0, 0x0, 0x0, 0x0, 0x0, 0xe,
    0xf4, 0x0, 0x0, 0x0, 0x0, 0x0, 0x0, 0x0,
    0x0, 0x0, 0xf, 0xf3, 0x1d, 0xdd, 0xdd, 0xdd,
    0xdd, 0xdd, 0xd5, 0x0, 0x0, 0xf, 0xf1, 0x1f,
    0xff, 0xff, 0xff, 0xff, 0xff, 0xf5, 0x0, 0x0,
    0x2f, 0xf0, 0x1f, 0xf0, 0x0, 0x0, 0x0, 0xd,
    0xf5, 0x0, 0x0, 0x5f, 0xd0, 0x1f, 0xf0, 0x0,
    0x0, 0x0, 0xd, 0xf5, 0x0, 0x0, 0xaf, 0xa0,
    0x1f, 0xf0, 0x0, 0x0, 0x0, 0xd, 0xf5, 0x0,
    0x0, 0xef, 0x50, 0x1f, 0xf0, 0x0, 0x0, 0x0,
    0xd, 0xf5, 0x0, 0x4, 0xff, 0x10, 0x1f, 0xf0,
    0x0, 0x0, 0x0, 0xd, 0xf5, 0x0, 0xd, 0xfb,
    0x0, 0x1f, 0xff, 0xff, 0xff, 0xff, 0xff, 0xf5,
    0x0, 0x3f, 0xf2, 0x0, 0x1f, 0xfe, 0xee, 0xee,
    0xee, 0xef, 0xf5, 0x0, 0x4, 0x90, 0x0, 0x1f,
    0xf0, 0x0, 0x0, 0x0, 0xc, 0xf5, 0x0, 0x0,
    0x0, 0x0, 0x0, 0x0, 0x0, 0x0, 0x0, 0x0,
    0x0, 0x0,

    /* U+5417 "吗" */
    0x0, 0x0, 0x0, 0x0, 0x59, 0x99, 0x99, 0x99,
    0x99, 0x10, 0x2c, 0xcc, 0xcc, 0xb0, 0x9f, 0xff,
    0xff, 0xff, 0xff, 0x20, 0x3f, 0xff, 0xff, 0xe0,
    0x34, 0x44, 0x44, 0x44, 0xff, 0x10, 0x3f, 0xb1,
    0x1f, 0xe0, 0x2, 0x31, 0x0, 0x0, 0xff, 0x0,
    0x3f, 0xa0, 0xf, 0xe0, 0xa, 0xf4, 0x0, 0x1,
    0xfe, 0x0, 0x3f, 0xa0, 0xf, 0xe0, 0xb, 0xf3,
    0x0, 0x3, 0xfc, 0x0, 0x3f, 0xa0, 0xf, 0xe0,
    0xd, 0xf1, 0x0, 0x4, 0xfa, 0x0, 0x3f, 0xa0,
    0xf, 0xe0, 0xe, 0xf0, 0x0, 0x6, 0xf8, 0x0,
    0x3f, 0xa0, 0xf, 0xe0, 0xf, 0xe0, 0x0, 0x8,
    0xf7, 0x0, 0x3f, 0xa0, 0xf, 0xe0, 0x2f, 0xff,
    0xff, 0xff, 0xff, 0xfe, 0x3f, 0xa0, 0xf, 0xe0,
    0x3c, 0xcc, 0xcc, 0xcc, 0xcd, 0xfd, 0x3f, 0xa0,
    0xf, 0xe0, 0x0, 0x0, 0x0, 0x0, 0x3, 0xfc,
    0x3f, 0xff, 0xff, 0xe0, 0x0, 0x0, 0x0, 0x0,
    0x4, 0xfb, 0x3f, 0xfd, 0xdd, 0xc3, 0xcc, 0xcc,
    0xcc, 0xcc, 0x56, 0xf9, 0x3f, 0xa0, 0x0, 0x3,
    0xff, 0xff, 0xff, 0xff, 0x68, 0xf7, 0x3d, 0x90,
    0x0, 0x0, 0x0, 0x0, 0x0, 0x0, 0xb, 0xf5,
    0x0, 0x0, 0x0, 0x0, 0x0, 0x0, 0x0, 0x0,
    0xe, 0xf2, 0x0, 0x0, 0x0, 0x0, 0x0, 0x0,
    0x0, 0x0, 0x4f, 0xe0, 0x0, 0x0, 0x0, 0x0,
    0x0, 0x0, 0x7, 0xdd, 0xff, 0x80, 0x0, 0x0,
    0x0, 0x0, 0x0, 0x0, 0x3, 0xff, 0xea, 0x0,
    0x0, 0x0, 0x0, 0x0, 0x0, 0x0, 0x0, 0x0,
    0x0, 0x0,

    /* U+5427 "吧" */
    0x0, 0x0, 0x0, 0x0, 0x6, 0x66, 0x66, 0x66,
    0x66, 0x66, 0x2, 0xcc, 0xcc, 0xcc, 0x1, 0xff,
    0xff, 0xff, 0xff, 0xff, 0xe0, 0x2f, 0xff, 0xff,
    0xf0, 0x1f, 0xf8, 0x8e, 0xf8, 0x89, 0xfe, 0x2,
    0xfc, 0x11, 0xef, 0x1, 0xfe, 0x0, 0xcf, 0x10,
    0x1f, 0xe0, 0x2f, 0xb0, 0xe, 0xf0, 0x1f, 0xe0,
    0xc, 0xf1, 0x1, 0xfe, 0x2, 0xfb, 0x0, 0xef,
    0x1, 0xfe, 0x0, 0xcf, 0x10, 0x1f, 0xe0, 0x2f,
    0xb0, 0xe, 0xf0, 0x1f, 0xe0, 0xc, 0xf1, 0x1,
    0xfe, 0x2, 0xfb, 0x0, 0xef, 0x1, 0xfe, 0x0,
    0xcf, 0x10, 0x1f, 0xe0, 0x2f, 0xb0, 0xe, 0xf0,
    0x1f, 0xe0, 0xc, 0xf1, 0x1, 0xfe, 0x2, 0xfb,
    0x0, 0xef, 0x1, 0xff, 0xaa, 0xff, 0xba, 0xbf,
    0xe0, 0x2f, 0xb0, 0xe, 0xf0, 0x1f, 0xff, 0xff,
    0xff, 0xff, 0xfe, 0x2, 0xfb, 0x0, 0xef, 0x1,
    0xff, 0x33, 0x33, 0x33, 0x5f, 0xe0, 0x2f, 0xfe,
    0xef, 0xf0, 0x1f, 0xe0, 0x0, 0x0, 0x1, 0x99,
    0x2, 0xff, 0xff, 0xff, 0x1, 0xfe, 0x0, 0x0,
    0x0, 0x0, 0x0, 0x2f, 0xb0, 0x0, 0x0, 0x1f,
    0xe0, 0x0, 0x0, 0x0, 0x4, 0x2, 0xda, 0x0,
    0x0, 0x1, 0xfe, 0x0, 0x0, 0x0, 0x2, 0xfb,
    0x0, 0x0, 0x0, 0x0, 0x1f, 0xe0, 0x0, 0x0,
    0x0, 0x4f, 0xa0, 0x0, 0x0, 0x0, 0x0, 0xff,
    0x20, 0x0, 0x0, 0xa, 0xf7, 0x0, 0x0, 0x0,
    0x0, 0xc, 0xff, 0xee, 0xee, 0xef, 0xff, 0x10,
    0x0, 0x0, 0x0, 0x0, 0x2b, 0xef, 0xff, 0xff,
    0xfd, 0x50,

    /* U+542C "听" */
    0x0, 0x0, 0x0, 0x0, 0x0, 0x0, 0x0, 0x0,
    0x28, 0x20, 0x0, 0x0, 0x0, 0x0, 0x0, 0x0,
    0x0, 0x48, 0xdf, 0xfe, 0x20, 0x2d, 0xdd, 0xdd,
    0xd1, 0x1, 0x9d, 0xff, 0xff, 0xea, 0x50, 0x3,
    0xff, 0xff, 0xff, 0x10, 0x3f, 0xfe, 0xa7, 0x30,
    0x0, 0x0, 0x3f, 0xd2, 0x2e, 0xf1, 0x3, 0xff,
    0x0, 0x0, 0x0, 0x0, 0x3, 0xfc, 0x0, 0xef,
    0x10, 0x3f, 0xf0, 0x0, 0x0, 0x0, 0x0, 0x3f,
    0xc0, 0xe, 0xf1, 0x3, 0xff, 0x0, 0x0, 0x0,
    0x0, 0x3, 0xfc, 0x0, 0xef, 0x10, 0x3f, 0xfb,
    0xbb, 0xbb, 0xbb, 0xb4, 0x3f, 0xc0, 0xe, 0xf1,
    0x3, 0xff, 0xff, 0xff, 0xff, 0xff, 0x53, 0xfc,
    0x0, 0xef, 0x10, 0x3f, 0xf4, 0x44, 0x8f, 0xd4,
    0x41, 0x3f, 0xc0, 0xe, 0xf1, 0x4, 0xfe, 0x0,
    0x5, 0xfc, 0x0, 0x3, 0xfc, 0x0, 0xef, 0x10,
    0x5f, 0xd0, 0x0, 0x5f, 0xc0, 0x0, 0x3f, 0xc0,
    0xe, 0xf1, 0x7, 0xfc, 0x0, 0x5, 0xfc, 0x0,
    0x3, 0xff, 0xdd, 0xff, 0x10, 0x9f, 0x90, 0x0,
    0x5f, 0xc0, 0x0, 0x3f, 0xff, 0xff, 0xf1, 0xc,
    0xf7, 0x0, 0x5, 0xfc, 0x0, 0x3, 0xfd, 0x22,
    0x22, 0x1, 0xff, 0x40, 0x0, 0x5f, 0xc0, 0x0,
    0x3e, 0xb0, 0x0, 0x0, 0x5f, 0xf0, 0x0, 0x5,
    0xfc, 0x0, 0x0, 0x0, 0x0, 0x0, 0xc, 0xfa,
    0x0, 0x0, 0x5f, 0xc0, 0x0, 0x0, 0x0, 0x0,
    0x6, 0xff, 0x50, 0x0, 0x5, 0xfc, 0x0, 0x0,
    0x0, 0x0, 0x0, 0xdf, 0xc0, 0x0, 0x0, 0x5f,
    0xc0, 0x0, 0x0, 0x0, 0x0, 0x1, 0xb3, 0x0,
    0x0, 0x5, 0xfc, 0x0, 0x0, 0x0, 0x0, 0x0,
    0x0, 0x0, 0x0, 0x0, 0x0, 0x0, 0x0,

    /* U+542F "启" */
    0x0, 0x0, 0x0, 0x0, 0x3, 0x96, 0x0, 0x0,
    0x0, 0x0, 0x0, 0x0, 0x0, 0x0, 0x5, 0xff,
    0x10, 0x0, 0x0, 0x0, 0x0, 0x0, 0x0, 0x0,
    0x0, 0xef, 0x70, 0x0, 0x0, 0x0, 0x0, 0x9,
    0xbb, 0xbb, 0xbb, 0xef, 0xeb, 0xbb, 0xbb, 0xb2,
    0x0, 0xc, 0xff, 0xff, 0xff, 0xff, 0xff, 0xff,
    0xff, 0xf2, 0x0, 0xc, 0xf7, 0x33, 0x33, 0x33,
    0x33, 0x33, 0x3f, 0xf2, 0x0, 0xc, 0xf5, 0x0,
    0x0, 0x0, 0x0, 0x0, 0xe, 0xf2, 0x0, 0xc,
    0xf5, 0x0, 0x0, 0x0, 0x0, 0x0, 0xe, 0xf2,
    0x0, 0xd, 0xfe, 0xee, 0xee, 0xee, 0xee, 0xee,
    0xef, 0xf2, 0x0, 0xd, 0xff, 0xff, 0xff, 0xff,
    0xff, 0xff, 0xff, 0xf2, 0x0, 0xd, 0xf4, 0x0,
    0x0, 0x0, 0x0, 0x0, 0x0, 0x0, 0x0, 0xe,
    0xf3, 0x0, 0x0, 0x0, 0x0, 0x0, 0x0, 0x0,
    0x0, 0xf, 0xf2, 0xef, 0xff, 0xff, 0xff, 0xff,
    0xff, 0xf9, 0x0, 0x1f, 0xf0, 0xef, 0xff, 0xff,
    0xff, 0xff, 0xff, 0xf9, 0x0, 0x4f, 0xd0, 0xef,
    0x10, 0x0, 0x0, 0x0, 0x7, 0xf9, 0x0, 0x8f,
    0xb0, 0xef, 0x10, 0x0, 0x0, 0x0, 0x7, 0xf9,
    0x0, 0xdf, 0x60, 0xef, 0x10, 0x0, 0x0, 0x0,
    0x7, 0xf9, 0x3, 0xff, 0x20, 0xef, 0x53, 0x33,
    0x33, 0x33, 0x39, 0xf9, 0xb, 0xfc, 0x0, 0xef,
    0xff, 0xff, 0xff, 0xff, 0xff, 0xf9, 0x3f, 0xf4,
    0x0, 0xef, 0xba, 0xaa, 0xaa, 0xaa, 0xad, 0xf9,
    0x6, 0xb0, 0x0, 0xef, 0x10, 0x0, 0x0, 0x0,
    0x7, 0xf9, 0x0, 0x0, 0x0, 0x0, 0x0, 0x0,
    0x0, 0x0, 0x0, 0x0,

    /* U+5462 "呢" */
    0x0, 0x0, 0x0, 0x0, 0xcc, 0xcc, 0xcc, 0xcc,
    0xcc, 0xc0, 0xad, 0xdd, 0xdd, 0x10, 0xff, 0xff,
    0xff, 0xff, 0xff, 0xf0, 0xcf, 0xff, 0xff, 0x10,
    0xfe, 0x0, 0x0, 0x0, 0xe, 0xf0, 0xcf, 0x42,
    0xcf, 0x10, 0xfe, 0x0, 0x0, 0x0, 0xe, 0xf0,
    0xcf, 0x10, 0xbf, 0x10, 0xfe, 0x0, 0x0, 0x0,
    0xe, 0xf0, 0xcf, 0x10, 0xbf, 0x10, 0xff, 0xff,
    0xff, 0xff, 0xff, 0xf0, 0xcf, 0x10, 0xbf, 0x10,
    0xff, 0xcc, 0xcc, 0xcc, 0xcc, 0xc0, 0xcf, 0x10,
    0xbf, 0x10, 0xfe, 0x1, 0x10, 0x0, 0x0, 0x0,
    0xcf, 0x10, 0xbf, 0x10, 0xfe, 0xd, 0xf1, 0x0,
    0x0, 0x0, 0xcf, 0x10, 0xbf, 0x10, 0xfd, 0xd,
    0xf1, 0x0, 0x2d, 0xa0, 0xcf, 0x10, 0xbf, 0x11,
    0xfd, 0xd, 0xf1, 0x18, 0xff, 0xd3, 0xcf, 0x10,
    0xbf, 0x12, 0xfc, 0xd, 0xfa, 0xff, 0xe6, 0x0,
    0xcf, 0xdd, 0xff, 0x14, 0xf9, 0xd, 0xff, 0xb5,
    0x0, 0x0, 0xcf, 0xff, 0xff, 0x17, 0xf7, 0xd,
    0xf3, 0x0, 0x0, 0x0, 0xcf, 0x42, 0x22, 0xb,
    0xf4, 0xd, 0xf1, 0x0, 0x0, 0x40, 0xbe, 0x10,
    0x0, 0x1f, 0xf0, 0xd, 0xf1, 0x0, 0x0, 0xfb,
    0x0, 0x0, 0x0, 0x7f, 0xa0, 0xd, 0xf1, 0x0,
    0x1, 0xfa, 0x0, 0x0, 0x1, 0xff, 0x40, 0xd,
    0xf2, 0x0, 0x4, 0xf8, 0x0, 0x0, 0xb, 0xfa,
    0x0, 0xb, 0xff, 0xed, 0xef, 0xf4, 0x0, 0x0,
    0x3, 0xc1, 0x0, 0x3, 0xcf, 0xff, 0xfe, 0x90,
    0x0, 0x0, 0x0, 0x0, 0x0, 0x0, 0x0, 0x0,
    0x0, 0x0,

    /* U+547C "呼" */
    0x0, 0x0, 0x0, 0x0, 0x0, 0x0, 0x0, 0x0,
    0x0, 0x0, 0x0, 0x0, 0x0, 0x0, 0x0, 0x0,
    0x2, 0x47, 0xbe, 0x40, 0x11, 0x11, 0x11, 0x7,
    0x8a, 0xcd, 0xff, 0xff, 0xff, 0xc0, 0xaf, 0xff,
    0xff, 0xd, 0xff, 0xff, 0xff, 0xb7, 0x41, 0x0,
    0xaf, 0xdc, 0xff, 0x3, 0x42, 0x10, 0xbf, 0x40,
    0x2, 0x0, 0xaf, 0x20, 0xdf, 0x3, 0xb5, 0x0,
    0xbf, 0x40, 0xf, 0xe2, 0xaf, 0x20, 0xdf, 0x2,
    0xfc, 0x0, 0xbf, 0x40, 0x4f, 0xd0, 0xaf, 0x20,
    0xdf, 0x0, 0xcf, 0x30, 0xbf, 0x40, 0xaf, 0x60,
    0xaf, 0x20, 0xdf, 0x0, 0x6f, 0x80, 0xbf, 0x41,
    0xfe, 0x0, 0xaf, 0x20, 0xdf, 0x0, 0x3f, 0xc0,
    0xbf, 0x47, 0xf7, 0x0, 0xaf, 0x20, 0xdf, 0x0,
    0x7, 0x20, 0xbf, 0x42, 0x71, 0x0, 0xaf, 0x20,
    0xdf, 0x1d, 0xdd, 0xdd, 0xff, 0xed, 0xdd, 0xdc,
    0xaf, 0x30, 0xdf, 0x2f, 0xff, 0xff, 0xff, 0xff,
    0xff, 0xfe, 0xaf, 0xff, 0xff, 0x1, 0x11, 0x11,
    0xcf, 0x61, 0x11, 0x11, 0xaf, 0xee, 0xee, 0x0,
    0x0, 0x0, 0xbf, 0x40, 0x0, 0x0, 0xaf, 0x20,
    0x0, 0x0, 0x0, 0x0, 0xbf, 0x40, 0x0, 0x0,
    0xaf, 0x20, 0x0, 0x0, 0x0, 0x0, 0xbf, 0x40,
    0x0, 0x0, 0x0, 0x0, 0x0, 0x0, 0x0, 0x0,
    0xbf, 0x40, 0x0, 0x0, 0x0, 0x0, 0x0, 0x0,
    0x0, 0x0, 0xcf, 0x40, 0x0, 0x0, 0x0, 0x0,
    0x0, 0x0, 0x1f, 0xff, 0xff, 0x20, 0x0, 0x0,
    0x0, 0x0, 0x0, 0x0, 0xb, 0xff, 0xc5, 0x0,
    0x0, 0x0, 0x0, 0x0, 0x0, 0x0, 0x0, 0x0,
    0x0, 0x0, 0x0, 0x0,

    /* U+54E6 "哦" */
    0x0, 0x0, 0x0, 0x0, 0x0, 0x0, 0x1, 0x54,
    0x0, 0x0, 0x0, 0x0, 0x0, 0x0, 0x0, 0x6,
    0xdc, 0x3f, 0xb3, 0xa2, 0x0, 0xaf, 0xff, 0xfa,
    0x26, 0xbf, 0xff, 0xa5, 0xfb, 0x3f, 0xc0, 0xa,
    0xfb, 0xaf, 0xab, 0xff, 0xfe, 0x10, 0x2f, 0xb0,
    0x9f, 0x70, 0xaf, 0x10, 0xfa, 0x24, 0x1f, 0xd0,
    0x1, 0xfc, 0x1, 0xfe, 0xa, 0xf1, 0xf, 0xa0,
    0x0, 0xfd, 0x0, 0x1f, 0xc0, 0x4, 0x10, 0xaf,
    0x10, 0xfa, 0x0, 0x1f, 0xd0, 0x2, 0xfc, 0x0,
    0x0, 0xa, 0xf1, 0xf, 0xae, 0xff, 0xff, 0xff,
    0xff, 0xff, 0xff, 0xf0, 0xaf, 0x10, 0xfa, 0xcd,
    0xdf, 0xfd, 0xdd, 0xff, 0xdd, 0xdd, 0xa, 0xf1,
    0xf, 0xa0, 0x0, 0xfd, 0x0, 0xe, 0xe0, 0x13,
    0x0, 0xaf, 0x10, 0xfa, 0x0, 0xf, 0xd0, 0x0,
    0xdf, 0x9, 0xf5, 0xa, 0xf1, 0xf, 0xa0, 0x0,
    0xfd, 0x25, 0x2c, 0xf1, 0xfe, 0x0, 0xaf, 0x10,
    0xfa, 0x14, 0x8f, 0xff, 0xf6, 0xbf, 0x9f, 0x80,
    0xa, 0xf1, 0xf, 0xaf, 0xff, 0xff, 0xc8, 0x28,
    0xff, 0xf1, 0x0, 0xaf, 0xff, 0xfa, 0xbb, 0x8f,
    0xd0, 0x0, 0x6f, 0xf8, 0x0, 0xa, 0xfa, 0xaa,
    0x60, 0x0, 0xfd, 0x0, 0x5, 0xfe, 0x0, 0x0,
    0xaf, 0x10, 0x0, 0x0, 0xf, 0xd0, 0x1, 0xef,
    0xc0, 0x28, 0x5, 0x70, 0x0, 0x0, 0x0, 0xfd,
    0x1, 0xcf, 0xff, 0x13, 0xf3, 0x0, 0x0, 0x0,
    0x0, 0x1f, 0xd2, 0xdf, 0x87, 0xf8, 0x6f, 0x0,
    0x0, 0x0, 0xc, 0xff, 0xfb, 0x9f, 0x90, 0x1e,
    0xff, 0xc0, 0x0, 0x0, 0x0, 0x7f, 0xfb, 0x20,
    0x60, 0x0, 0x4e, 0xe4, 0x0, 0x0, 0x0, 0x0,
    0x0, 0x0, 0x0, 0x0, 0x0, 0x0, 0x0,

    /* U+54EA "哪" */
    0x0, 0x0, 0x0, 0xab, 0xbb, 0xbb, 0x90, 0xbb,
    0xbb, 0xc5, 0x5c, 0xcc, 0xc6, 0xef, 0xff, 0xff,
    0xc0, 0xff, 0xff, 0xfd, 0x7f, 0xff, 0xf8, 0x3,
    0xf7, 0xe, 0xc0, 0xfb, 0x3, 0xf9, 0x7f, 0x33,
    0xf8, 0x3, 0xf7, 0xe, 0xc0, 0xfb, 0x7, 0xf5,
    0x7f, 0x11, 0xf8, 0x3, 0xf7, 0xe, 0xc0, 0xfb,
    0xa, 0xf1, 0x7f, 0x11, 0xf8, 0x8b, 0xfc, 0x9f,
    0xc0, 0xfb, 0xe, 0xc0, 0x7f, 0x11, 0xf8, 0xef,
    0xff, 0xff, 0xb0, 0xfb, 0x2f, 0x70, 0x7f, 0x11,
    0xf8, 0x25, 0xf9, 0x2f, 0xb0, 0xfb, 0x6f, 0x20,
    0x7f, 0x11, 0xf8, 0x4, 0xf6, 0xf, 0xb0, 0xfb,
    0x5f, 0x60, 0x7f, 0x11, 0xf8, 0x4, 0xf6, 0xf,
    0xb0, 0xfb, 0xc, 0xe0, 0x7f, 0x11, 0xf8, 0x5,
    0xf6, 0xf, 0xb0, 0xfb, 0x6, 0xf4, 0x7f, 0x11,
    0xf8, 0xef, 0xff, 0xff, 0xb0, 0xfb, 0x3, 0xf7,
    0x7f, 0xdd, 0xf8, 0xae, 0xfb, 0xbf, 0xb0, 0xfb,
    0x1, 0xf9, 0x7f, 0xff, 0xf8, 0xd, 0xd0, 0xf,
    0xa0, 0xfb, 0x0, 0xfa, 0x7f, 0x21, 0x10, 0x1f,
    0x90, 0x1f, 0xa0, 0xfb, 0x5, 0xf9, 0x7f, 0x10,
    0x0, 0x5f, 0x50, 0x2f, 0x90, 0xfb, 0xcf, 0xf4,
    0x0, 0x0, 0x0, 0xcf, 0x10, 0x3f, 0x80, 0xfb,
    0x6b, 0x60, 0x0, 0x0, 0x6, 0xf9, 0x0, 0x6f,
    0x70, 0xfb, 0x0, 0x0, 0x0, 0x0, 0xe, 0xf2,
    0x7c, 0xff, 0x40, 0xfb, 0x0, 0x0, 0x0, 0x0,
    0x8, 0x60, 0x5f, 0xe9, 0x0, 0xfb, 0x0, 0x0,
    0x0, 0x0, 0x0, 0x0, 0x0, 0x0, 0x0, 0x10,
    0x0, 0x0,

    /* U+5566 "啦" */
    0x0, 0x0, 0x0, 0x0, 0x64, 0x0, 0x0, 0x38,
    0x0, 0x0, 0x0, 0x0, 0x0, 0x0, 0x1f, 0xb0,
    0x0, 0x8, 0xf6, 0x0, 0x0, 0x47, 0x77, 0x74,
    0x1, 0xfb, 0x0, 0x0, 0x3f, 0xb0, 0x0, 0x8,
    0xff, 0xff, 0x90, 0x1f, 0xb0, 0x0, 0x0, 0xfd,
    0x0, 0x0, 0x8f, 0x77, 0xf9, 0x1, 0xfb, 0x1,
    0x99, 0x9c, 0x99, 0x98, 0x8, 0xf1, 0x1f, 0x9d,
    0xff, 0xff, 0x7f, 0xff, 0xff, 0xff, 0xd0, 0x8f,
    0x11, 0xf9, 0xbd, 0xff, 0xc5, 0x33, 0x33, 0x33,
    0x32, 0x8, 0xf1, 0x1f, 0x90, 0x1f, 0xb0, 0x4,
    0x90, 0x0, 0x9c, 0x30, 0x8f, 0x11, 0xf9, 0x1,
    0xfb, 0x0, 0x8f, 0x20, 0xb, 0xf2, 0x8, 0xf1,
    0x1f, 0x90, 0x1f, 0xb0, 0x6, 0xf4, 0x0, 0xdf,
    0x0, 0x8f, 0x11, 0xf9, 0x1, 0xfe, 0xc7, 0x4f,
    0x70, 0xf, 0xe0, 0x8, 0xf1, 0x1f, 0x96, 0xbf,
    0xff, 0x72, 0xf9, 0x1, 0xfb, 0x0, 0x8f, 0x11,
    0xf9, 0xff, 0xfd, 0x10, 0xf, 0xb0, 0x3f, 0x90,
    0x8, 0xfe, 0xef, 0x97, 0x5f, 0xb0, 0x0, 0xed,
    0x6, 0xf6, 0x0, 0x8f, 0xff, 0xf9, 0x1, 0xfb,
    0x0, 0xd, 0xe0, 0x8f, 0x30, 0x8, 0xf1, 0x0,
    0x0, 0x1f, 0xb0, 0x0, 0xcf, 0xb, 0xf0, 0x0,
    0x8f, 0x10, 0x0, 0x1, 0xfb, 0x0, 0xc, 0xf0,
    0xed, 0x0, 0x0, 0x10, 0x0, 0x0, 0x1f, 0xb0,
    0x0, 0x43, 0x1f, 0xa0, 0x0, 0x0, 0x0, 0x0,
    0x1, 0xfb, 0xc, 0xcc, 0xcd, 0xfe, 0xcc, 0x20,
    0x0, 0x0, 0xc, 0xef, 0xa0, 0xff, 0xff, 0xff,
    0xff, 0xf3, 0x0, 0x0, 0x0, 0xaf, 0xc2, 0x0,
    0x0, 0x0, 0x0, 0x0, 0x0,

    /* U+56DE "回" */
    0x3f, 0xff, 0xff, 0xff, 0xff, 0xff, 0xff, 0xff,
    0xff, 0xf5, 0x3f, 0xff, 0xff, 0xff, 0xff, 0xff,
    0xff, 0xff, 0xff, 0xf5, 0x3f, 0xe2, 0x22, 0x22,
    0x22, 0x22, 0x22, 0x22, 0x2e, 0xf5, 0x3f, 0xe0,
    0x0, 0x0, 0x0, 0x0, 0x0, 0x0, 0xe, 0xf5,
    0x3f, 0xe0, 0x0, 0x0, 0x0, 0x0, 0x0, 0x0,
    0xe, 0xf5, 0x3f, 0xe0, 0x1, 0xcc, 0xcc, 0xcc,
    0xcc, 0x20, 0xe, 0xf5, 0x3f, 0xe0, 0x2, 0xff,
    0xff, 0xff, 0xff, 0x20, 0xe, 0xf5, 0x3f, 0xe0,
    0x2, 0xfd, 0x0, 0x0, 0xef, 0x20, 0xe, 0xf5,
    0x3f, 0xe0, 0x2, 0xfd, 0x0, 0x0, 0xef, 0x20,
    0xe, 0xf5, 0x3f, 0xe0, 0x2, 0xfd, 0x0, 0x0,
    0xef, 0x20, 0xe, 0xf5, 0x3f, 0xe0, 0x2, 0xfd,
    0x0, 0x0, 0xef, 0x20, 0xe, 0xf5, 0x3f, 0xe0,
    0x2, 0xfd, 0x0, 0x0, 0xef, 0x20, 0xe, 0xf5,
    0x3f, 0xe0, 0x2, 0xff, 0xff, 0xff, 0xff, 0x20,
    0xe, 0xf5, 0x3f, 0xe0, 0x1, 0xcc, 0xcc, 0xcc,
    0xcc, 0x20, 0xe, 0xf5, 0x3f, 0xe0, 0x0, 0x0,
    0x0, 0x0, 0x0, 0x0, 0xe, 0xf5, 0x3f, 0xe0,
    0x0, 0x0, 0x0, 0x0, 0x0, 0x0, 0xe, 0xf5,
    0x3f, 0xe1, 0x11, 0x11, 0x11, 0x11, 0x11, 0x11,
    0x1e, 0xf5, 0x3f, 0xff, 0xff, 0xff, 0xff, 0xff,
    0xff, 0xff, 0xff, 0xf5, 0x3f, 0xfd, 0xdd, 0xdd,
    0xdd, 0xdd, 0xdd, 0xdd, 0xdf, 0xf5, 0x3f, 0xe0,
    0x0, 0x0, 0x0, 0x0, 0x0, 0x0, 0xe, 0xf5,

    /* U+5728 "在" */
    0x0, 0x0, 0x0, 0x0, 0x22, 0x0, 0x0, 0x0,
    0x0, 0x0, 0x0, 0x0, 0x0, 0x0, 0xb, 0xf9,
    0x0, 0x0, 0x0, 0x0, 0x0, 0x0, 0x0, 0x0,
    0x0, 0xff, 0x40, 0x0, 0x0, 0x0, 0x0, 0x0,
    0x1, 0x11, 0x11, 0x6f, 0xf1, 0x11, 0x11, 0x11,
    0x11, 0x11, 0x7, 0xff, 0xff, 0xff, 0xff, 0xff,
    0xff, 0xff, 0xff, 0xff, 0xe0, 0x7e, 0xee, 0xef,
    0xff, 0xee, 0xee, 0xee, 0xee, 0xee, 0xed, 0x0,
    0x0, 0x0, 0xcf, 0x90, 0x0, 0x0, 0x0, 0x0,
    0x0, 0x0, 0x0, 0x0, 0x6f, 0xf1, 0x0, 0x0,
    0x79, 0x30, 0x0, 0x0, 0x0, 0x0, 0x1f, 0xf7,
    0x0, 0x0, 0xb, 0xf5, 0x0, 0x0, 0x0, 0x0,
    0xb, 0xfd, 0x0, 0x0, 0x0, 0xbf, 0x50, 0x0,
    0x0, 0x0, 0x9, 0xff, 0x60, 0x0, 0x0, 0xc,
    0xf5, 0x0, 0x0, 0x0, 0x9, 0xff, 0xf5, 0x8,
    0xff, 0xff, 0xff, 0xff, 0xff, 0xf0, 0xb, 0xff,
    0xff, 0x50, 0x7d, 0xdd, 0xdf, 0xfe, 0xdd, 0xdd,
    0x0, 0xbf, 0x7b, 0xf5, 0x0, 0x0, 0x0, 0xbf,
    0x50, 0x0, 0x0, 0x3, 0x50, 0xbf, 0x50, 0x0,
    0x0, 0xb, 0xf5, 0x0, 0x0, 0x0, 0x0, 0xb,
    0xf5, 0x0, 0x0, 0x0, 0xbf, 0x50, 0x0, 0x0,
    0x0, 0x0, 0xbf, 0x50, 0x0, 0x0, 0xb, 0xf5,
    0x0, 0x0, 0x0, 0x0, 0xb, 0xf5, 0x0, 0x0,
    0x0, 0xbf, 0x50, 0x0, 0x0, 0x0, 0x0, 0xbf,
    0x50, 0x0, 0x0, 0xb, 0xf5, 0x0, 0x0, 0x0,
    0x0, 0xb, 0xf5, 0x5e, 0xee, 0xee, 0xff, 0xfe,
    0xee, 0xed, 0x0, 0x0, 0xbf, 0x56, 0xff, 0xff,
    0xff, 0xff, 0xff, 0xff, 0xe0,

    /* U+5907 "备" */
    0x0, 0x0, 0x0, 0x0, 0x96, 0x10, 0x0, 0x0,
    0x0, 0x0, 0x0, 0x0, 0x0, 0x0, 0x9, 0xfe,
    0x10, 0x0, 0x0, 0x0, 0x0, 0x0, 0x0, 0x0,
    0x0, 0x8f, 0xfe, 0xcc, 0xcc, 0xcc, 0xc8, 0x0,
    0x0, 0x0, 0x0, 0x9, 0xff, 0xff, 0xff, 0xff,
    0xff, 0xfd, 0x10, 0x0, 0x0, 0x3, 0xdf, 0xfe,
    0x20, 0x0, 0x1, 0xaf, 0xe2, 0x0, 0x0, 0x0,
    0xaf, 0xfd, 0xcf, 0xe5, 0x0, 0x2c, 0xfe, 0x30,
    0x0, 0x0, 0x0, 0x8f, 0x70, 0x8, 0xff, 0xc9,
    0xff, 0xc1, 0x0, 0x0, 0x0, 0x0, 0x1, 0x0,
    0x0, 0x8f, 0xff, 0xfd, 0x30, 0x0, 0x0, 0x0,
    0x0, 0x0, 0x15, 0xaf, 0xff, 0xfd, 0xff, 0xfe,
    0xa6, 0x31, 0x0, 0x9, 0xcf, 0xff, 0xff, 0xb5,
    0x0, 0x38, 0xef, 0xff, 0xff, 0xf8, 0xb, 0xff,
    0xea, 0x61, 0x0, 0x0, 0x0, 0x3, 0x7a, 0xdf,
    0xe1, 0x3, 0x54, 0xdd, 0xdd, 0xdd, 0xdd, 0xdd,
    0xdd, 0xdd, 0x80, 0x10, 0x0, 0x3, 0xff, 0xff,
    0xff, 0xff, 0xff, 0xff, 0xff, 0xa0, 0x0, 0x0,
    0x3, 0xfe, 0x0, 0x0, 0xef, 0x30, 0x0, 0x9f,
    0xa0, 0x0, 0x0, 0x3, 0xfe, 0x0, 0x0, 0xef,
    0x40, 0x0, 0xaf, 0xa0, 0x0, 0x0, 0x3, 0xff,
    0xff, 0xff, 0xff, 0xff, 0xff, 0xff, 0xa0, 0x0,
    0x0, 0x3, 0xff, 0x99, 0x99, 0xff, 0xb9, 0x99,
    0xdf, 0xa0, 0x0, 0x0, 0x3, 0xfe, 0x0, 0x0,
    0xef, 0x30, 0x0, 0x9f, 0xa0, 0x0, 0x0, 0x3,
    0xff, 0xbb, 0xbb, 0xff, 0xcb, 0xbb, 0xef, 0xa0,
    0x0, 0x0, 0x3, 0xff, 0xff, 0xff, 0xff, 0xff,
    0xff, 0xff, 0xa0, 0x0, 0x0, 0x3, 0xfe, 0x0,
    0x0, 0x0, 0x0, 0x0, 0x9f, 0xa0, 0x0,

    /* U+590D "复" */
    0x0, 0x0, 0x3, 0x82, 0x0, 0x0, 0x0, 0x0,
    0x0, 0x0, 0x0, 0x0, 0x0, 0xc, 0xf6, 0x0,
    0x0, 0x0, 0x0, 0x0, 0x0, 0x0, 0x0, 0x0,
    0x6f, 0xfb, 0xaa, 0xaa, 0xaa, 0xaa, 0xaa, 0xaa,
    0x40, 0x0, 0x3, 0xff, 0xff, 0xff, 0xff, 0xff,
    0xff, 0xff, 0xff, 0x60, 0x0, 0x3f, 0xf6, 0x0,
    0x0, 0x0, 0x0, 0x0, 0x0, 0x0, 0x0, 0x5,
    0xff, 0xa7, 0x77, 0x77, 0x77, 0x77, 0x77, 0x77,
    0x60, 0x0, 0x4, 0xf8, 0x3f, 0xff, 0xff, 0xff,
    0xff, 0xff, 0xff, 0xe0, 0x0, 0x0, 0x30, 0x3f,
    0xd0, 0x0, 0x0, 0x0, 0x0, 0x4f, 0xe0, 0x0,
    0x0, 0x0, 0x3f, 0xff, 0xff, 0xff, 0xff, 0xff,
    0xff, 0xe0, 0x0, 0x0, 0x0, 0x3f, 0xe6, 0x66,
    0x66, 0x66, 0x66, 0x8f, 0xe0, 0x0, 0x0, 0x0,
    0x3f, 0xe5, 0x55, 0x55, 0x55, 0x55, 0x8f, 0xe0,
    0x0, 0x0, 0x0, 0x3f, 0xff, 0xff, 0xff, 0xff,
    0xff, 0xff, 0xe0, 0x0, 0x0, 0x0, 0x1, 0x5f,
    0xf4, 0x11, 0x11, 0x11, 0x11, 0x10, 0x0, 0x0,
    0x0, 0x4, 0xff, 0xd9, 0x99, 0x99, 0x99, 0x98,
    0x0, 0x0, 0x0, 0x0, 0x6f, 0xff, 0xff, 0xff,
    0xff, 0xff, 0xff, 0x50, 0x0, 0x0, 0x2b, 0xff,
    0xef, 0x60, 0x0, 0x0, 0x7f, 0xf6, 0x0, 0x0,
    0x0, 0x6f, 0xd2, 0x1a, 0xfb, 0x40, 0x5c, 0xfe,
    0x50, 0x0, 0x0, 0x0, 0x3, 0x0, 0x0, 0x7f,
    0xff, 0xff, 0xa1, 0x0, 0x0, 0x0, 0x0, 0x1,
    0x36, 0x9c, 0xff, 0xff, 0xff, 0xfc, 0x96, 0x43,
    0x10, 0xd, 0xff, 0xff, 0xff, 0xc8, 0x40, 0x48,
    0xdf, 0xff, 0xff, 0xf5, 0x8, 0xdb, 0x97, 0x41,
    0x0, 0x0, 0x0, 0x1, 0x46, 0x8a, 0xa0,

    /* U+591A "多" */
    0x0, 0x0, 0x0, 0x0, 0x59, 0x50, 0x0, 0x0,
    0x0, 0x0, 0x0, 0x0, 0x0, 0x5, 0xff, 0x70,
    0x0, 0x0, 0x0, 0x0, 0x0, 0x0, 0x0, 0x7f,
    0xff, 0xcc, 0xcc, 0xcc, 0x30, 0x0, 0x0, 0x0,
    0x2b, 0xff, 0xff, 0xff, 0xff, 0xff, 0x60, 0x0,
    0x0, 0x18, 0xff, 0xc2, 0x0, 0x0, 0x2d, 0xfb,
    0x0, 0x0, 0x6, 0xff, 0xf7, 0x53, 0x0, 0x2,
    0xef, 0xc0, 0x0, 0x0, 0x0, 0xb9, 0x14, 0xff,
    0x70, 0x7f, 0xfb, 0x10, 0x0, 0x0, 0x0, 0x0,
    0x0, 0x4e, 0xff, 0xff, 0x60, 0x0, 0x0, 0x0,
    0x0, 0x0, 0x2, 0x7d, 0xff, 0xc3, 0xca, 0x40,
    0x0, 0x0, 0x0, 0x47, 0xcf, 0xff, 0xc4, 0x1c,
    0xfd, 0x10, 0x0, 0x0, 0x3f, 0xff, 0xff, 0xa3,
    0x2, 0xdf, 0xfe, 0xdd, 0xdd, 0xc4, 0xb, 0xc8,
    0x30, 0x0, 0x6f, 0xff, 0xff, 0xff, 0xff, 0xf8,
    0x0, 0x0, 0x0, 0x4d, 0xff, 0x70, 0x0, 0x0,
    0xbf, 0xe0, 0x0, 0x0, 0x6d, 0xff, 0xc3, 0x0,
    0x0, 0x9, 0xff, 0x40, 0x0, 0x6, 0xff, 0xc5,
    0x4e, 0xd2, 0x0, 0xaf, 0xf5, 0x0, 0x0, 0x0,
    0x73, 0x0, 0xa, 0xff, 0x7e, 0xff, 0x50, 0x0,
    0x0, 0x0, 0x0, 0x0, 0x0, 0xcf, 0xff, 0xd3,
    0x0, 0x0, 0x0, 0x0, 0x0, 0x16, 0xbf, 0xff,
    0xe7, 0x0, 0x0, 0x0, 0x14, 0x69, 0xbd, 0xff,
    0xff, 0xb5, 0x0, 0x0, 0x0, 0x0, 0x4f, 0xff,
    0xff, 0xfb, 0x61, 0x0, 0x0, 0x0, 0x0, 0x0,
    0xb, 0xa7, 0x42, 0x0, 0x0, 0x0, 0x0, 0x0,
    0x0, 0x0,

    /* U+592A "太" */
    0x0, 0x0, 0x0, 0x0, 0x1, 0xaa, 0x10, 0x0,
    0x0, 0x0, 0x0, 0x0, 0x0, 0x0, 0x0, 0x1,
    0xff, 0x20, 0x0, 0x0, 0x0, 0x0, 0x0, 0x0,
    0x0, 0x0, 0x2, 0xff, 0x10, 0x0, 0x0, 0x0,
    0x0, 0x0, 0x0, 0x0, 0x0, 0x2, 0xff, 0x10,
    0x0, 0x0, 0x0, 0x0, 0x0, 0x0, 0x0, 0x0,
    0x3, 0xff, 0x0, 0x0, 0x0, 0x0, 0x0, 0x0,
    0x0, 0x0, 0x0, 0x4, 0xff, 0x0, 0x0, 0x0,
    0x0, 0x0, 0x9, 0xff, 0xff, 0xff, 0xff, 0xff,
    0xff, 0xff, 0xff, 0xff, 0xe0, 0xa, 0xff, 0xff,
    0xff, 0xff, 0xff, 0xff, 0xff, 0xff, 0xff, 0xe0,
    0x1, 0x22, 0x22, 0x22, 0x2c, 0xff, 0xf4, 0x22,
    0x22, 0x22, 0x20, 0x0, 0x0, 0x0, 0x0, 0xf,
    0xff, 0xf6, 0x0, 0x0, 0x0, 0x0, 0x0, 0x0,
    0x0, 0x0, 0x4f, 0xf8, 0xfd, 0x0, 0x0, 0x0,
    0x0, 0x0, 0x0, 0x0, 0x0, 0x9f, 0xb1, 0xff,
    0x30, 0x0, 0x0, 0x0, 0x0, 0x0, 0x0, 0x2,
    0xff, 0x60, 0xaf, 0xc0, 0x0, 0x0, 0x0, 0x0,
    0x0, 0x0, 0xa, 0xfd, 0x0, 0x2f, 0xf6, 0x0,
    0x0, 0x0, 0x0, 0x0, 0x0, 0x4f, 0xf5, 0x0,
    0x8, 0xff, 0x10, 0x0, 0x0, 0x0, 0x0, 0x2,
    0xff, 0xfa, 0x0, 0x0, 0xef, 0xd1, 0x0, 0x0,
    0x0, 0x0, 0x3e, 0xfe, 0xef, 0xc1, 0x0, 0x4f,
    0xfd, 0x10, 0x0, 0x0, 0x7, 0xff, 0xe2, 0x2e,
    0xfd, 0x10, 0x5, 0xff, 0xe5, 0x0, 0x5, 0xdf,
    0xfd, 0x10, 0x2, 0xef, 0xd0, 0x0, 0x6f, 0xff,
    0xb1, 0xb, 0xff, 0x80, 0x0, 0x0, 0x3f, 0xe3,
    0x0, 0x3, 0xdf, 0xd1, 0x0, 0x92, 0x0, 0x0,
    0x0, 0x4, 0x10, 0x0, 0x0, 0x8, 0x20,

    /* U+5931 "失" */
    0x0, 0x0, 0x13, 0x0, 0x2, 0xa9, 0x0, 0x0,
    0x0, 0x0, 0x0, 0x0, 0x0, 0x7f, 0xd0, 0x3,
    0xfe, 0x0, 0x0, 0x0, 0x0, 0x0, 0x0, 0x0,
    0xdf, 0x80, 0x3, 0xfe, 0x0, 0x0, 0x0, 0x0,
    0x0, 0x0, 0x3, 0xff, 0x30, 0x3, 0xfe, 0x0,
    0x0, 0x0, 0x0, 0x0, 0x0, 0x9, 0xff, 0xff,
    0xff, 0xff, 0xff, 0xff, 0xff, 0xe0, 0x0, 0x0,
    0x1f, 0xff, 0xff, 0xff, 0xff, 0xff, 0xff, 0xff,
    0xf0, 0x0, 0x0, 0xaf, 0xe2, 0x22, 0x25, 0xff,
    0x22, 0x22, 0x22, 0x20, 0x0, 0x5, 0xff, 0x50,
    0x0, 0x4, 0xfe, 0x0, 0x0, 0x0, 0x0, 0x0,
    0x5, 0xea, 0x0, 0x0, 0x5, 0xfd, 0x0, 0x0,
    0x0, 0x0, 0x0, 0x0, 0x0, 0x0, 0x0, 0x6,
    0xfd, 0x0, 0x0, 0x0, 0x0, 0x0, 0xe, 0xff,
    0xff, 0xff, 0xff, 0xff, 0xff, 0xff, 0xff, 0xff,
    0xc0, 0xe, 0xff, 0xff, 0xff, 0xff, 0xff, 0xff,
    0xff, 0xff, 0xff, 0xd0, 0x2, 0x22, 0x22, 0x22,
    0x4f, 0xff, 0xf3, 0x22, 0x22, 0x22, 0x10, 0x0,
    0x0, 0x0, 0x0, 0xaf, 0xec, 0xf8, 0x0, 0x0,
    0x0, 0x0, 0x0, 0x0, 0x0, 0x5, 0xff, 0x63,
    0xff, 0x30, 0x0, 0x0, 0x0, 0x0, 0x0, 0x0,
    0x4f, 0xfc, 0x0, 0xaf, 0xf3, 0x0, 0x0, 0x0,
    0x0, 0x0, 0x7, 0xff, 0xd1, 0x0, 0xc, 0xff,
    0x50, 0x0, 0x0, 0x0, 0x4, 0xcf, 0xfd, 0x20,
    0x0, 0x1, 0xdf, 0xfc, 0x30, 0x0, 0x7, 0xdf,
    0xff, 0x80, 0x0, 0x0, 0x0, 0x9, 0xff, 0xfd,
    0x81, 0xb, 0xff, 0xb3, 0x0, 0x0, 0x0, 0x0,
    0x0, 0x3b, 0xff, 0xc0, 0x1, 0x82, 0x0, 0x0,
    0x0, 0x0, 0x0, 0x0, 0x0, 0x17, 0x20,

    /* U+5934 "头" */
    0x0, 0x0, 0x0, 0x0, 0x0, 0x59, 0x60, 0x0,
    0x0, 0x0, 0x0, 0x3, 0xc6, 0x0, 0x0, 0x8f,
    0xa0, 0x0, 0x0, 0x0, 0x0, 0xa, 0xff, 0xe7,
    0x0, 0x8f, 0x90, 0x0, 0x0, 0x0, 0x0, 0x0,
    0x3a, 0xff, 0xe1, 0x8f, 0x90, 0x0, 0x0, 0x0,
    0x0, 0x0, 0x0, 0x3d, 0x90, 0x9f, 0x90, 0x0,
    0x0, 0x0, 0x2, 0xa4, 0x0, 0x0, 0x0, 0x9f,
    0x80, 0x0, 0x0, 0x0, 0xa, 0xff, 0xd5, 0x0,
    0x0, 0xaf, 0x70, 0x0, 0x0, 0x0, 0x0, 0x5d,
    0xff, 0xc1, 0x0, 0xcf, 0x50, 0x0, 0x0, 0x0,
    0x0, 0x0, 0x6e, 0xd0, 0x0, 0xef, 0x40, 0x0,
    0x0, 0x0, 0x0, 0x0, 0x1, 0x10, 0x0, 0xff,
    0x20, 0x0, 0x0, 0x0, 0xad, 0xdd, 0xdd, 0xdd,
    0xdd, 0xff, 0xdd, 0xdd, 0xdd, 0xdc, 0xcf, 0xff,
    0xff, 0xff, 0xff, 0xff, 0xff, 0xff, 0xff, 0xfe,
    0x12, 0x22, 0x22, 0x22, 0x2e, 0xf7, 0x22, 0x22,
    0x22, 0x22, 0x0, 0x0, 0x0, 0x0, 0x6f, 0xe0,
    0x0, 0x0, 0x0, 0x0, 0x0, 0x0, 0x0, 0x2,
    0xef, 0x86, 0xb3, 0x0, 0x0, 0x0, 0x0, 0x0,
    0x0, 0x2e, 0xfc, 0xc, 0xff, 0xb2, 0x0, 0x0,
    0x0, 0x0, 0x6, 0xef, 0xd1, 0x0, 0x5d, 0xff,
    0xa1, 0x0, 0x0, 0x4, 0xcf, 0xfd, 0x20, 0x0,
    0x0, 0x7f, 0xfe, 0x50, 0x49, 0xef, 0xff, 0x80,
    0x0, 0x0, 0x0, 0x1, 0xbf, 0xf8, 0x6f, 0xfe,
    0x71, 0x0, 0x0, 0x0, 0x0, 0x0, 0x7, 0xf4,
    0x6, 0x30, 0x0, 0x0, 0x0, 0x0, 0x0, 0x0,
    0x0, 0x10,

    /* U+597D "好" */
    0x0, 0x3, 0x63, 0x0, 0x0, 0x0, 0x0, 0x0,
    0x0, 0x0, 0x0, 0x0, 0x9, 0xf8, 0x0, 0x0,
    0x0, 0x0, 0x0, 0x0, 0x0, 0x0, 0x0, 0xb,
    0xf5, 0x0, 0x0, 0xbf, 0xff, 0xff, 0xff, 0xfd,
    0x30, 0x0, 0xd, 0xf2, 0x0, 0x0, 0x9d, 0xdd,
    0xdd, 0xdf, 0xff, 0x20, 0x0, 0xf, 0xf1, 0x0,
    0x0, 0x0, 0x0, 0x0, 0x4f, 0xf5, 0x0, 0x4f,
    0xff, 0xff, 0xff, 0xf5, 0x0, 0x0, 0x1, 0xef,
    0x90, 0x0, 0x4e, 0xff, 0xfe, 0xef, 0xf4, 0x0,
    0x0, 0x1c, 0xfa, 0x0, 0x0, 0x0, 0x9f, 0x60,
    0xd, 0xf2, 0x0, 0x0, 0xaf, 0xb0, 0x0, 0x0,
    0x0, 0xdf, 0x20, 0xf, 0xf0, 0x0, 0x0, 0xbf,
    0x60, 0x0, 0x0, 0x0, 0xfe, 0x0, 0x3f, 0xd1,
    0x11, 0x11, 0xcf, 0x71, 0x11, 0x10, 0x4, 0xfb,
    0x0, 0x6f, 0xaa, 0xff, 0xff, 0xff, 0xff, 0xff,
    0xf1, 0x9, 0xf7, 0x0, 0xbf, 0x59, 0xdd, 0xdd,
    0xff, 0xed, 0xdd, 0xd1, 0xc, 0xfe, 0x41, 0xff,
    0x10, 0x0, 0x0, 0xbf, 0x60, 0x0, 0x0, 0x1,
    0xbf, 0xfc, 0xfb, 0x0, 0x0, 0x0, 0xbf, 0x60,
    0x0, 0x0, 0x0, 0x8, 0xff, 0xf5, 0x0, 0x0,
    0x0, 0xbf, 0x60, 0x0, 0x0, 0x0, 0x0, 0xaf,
    0xfc, 0x10, 0x0, 0x0, 0xbf, 0x60, 0x0, 0x0,
    0x0, 0x5, 0xff, 0xff, 0xd1, 0x0, 0x0, 0xbf,
    0x60, 0x0, 0x0, 0x0, 0x3f, 0xf8, 0x3f, 0xf7,
    0x0, 0x0, 0xbf, 0x60, 0x0, 0x0, 0x7, 0xff,
    0xa0, 0x4, 0xc0, 0x0, 0x0, 0xcf, 0x60, 0x0,
    0x0, 0x5f, 0xfa, 0x0, 0x0, 0x0, 0xc, 0xff,
    0xff, 0x40, 0x0, 0x0, 0xa, 0x50, 0x0, 0x0,
    0x0, 0x7, 0xff, 0xd7, 0x0, 0x0, 0x0, 0x0,
    0x0, 0x0, 0x0, 0x0, 0x0, 0x0, 0x0, 0x0,
    0x0, 0x0,

    /* U+5B57 "字" */
    0x0, 0x0, 0x0, 0x0, 0x5, 0x20, 0x0, 0x0,
    0x0, 0x0, 0x0, 0x0, 0x0, 0x0, 0xaf, 0xb0,
    0x0, 0x0, 0x0, 0x0, 0x12, 0x22, 0x22, 0x22,
    0x4f, 0xf5, 0x22, 0x22, 0x22, 0x20, 0x8f, 0xff,
    0xff, 0xff, 0xff, 0xff, 0xff, 0xff, 0xff, 0xf2,
    0x8f, 0xed, 0xdd, 0xdd, 0xdd, 0xdd, 0xdd, 0xdd,
    0xdf, 0xf2, 0x8f, 0x90, 0x0, 0x0, 0x0, 0x0,
    0x0, 0x0, 0xf, 0xf2, 0x8f, 0x90, 0x0, 0x0,
    0x0, 0x0, 0x0, 0x10, 0xf, 0xf2, 0x59, 0x60,
    0xdf, 0xff, 0xff, 0xff, 0xff, 0xf7, 0x9, 0x91,
    0x0, 0x0, 0xcd, 0xdd, 0xdd, 0xde, 0xff, 0xf6,
    0x0, 0x0, 0x0, 0x0, 0x0, 0x0, 0x0, 0x1b,
    0xfe, 0x30, 0x0, 0x0, 0x0, 0x0, 0x0, 0x0,
    0x7, 0xef, 0x90, 0x0, 0x0, 0x0, 0x0, 0x0,
    0x0, 0x0, 0x2f, 0xf3, 0x0, 0x0, 0x0, 0x0,
    0xbe, 0xee, 0xee, 0xee, 0xef, 0xfe, 0xee, 0xee,
    0xee, 0xe4, 0xcf, 0xff, 0xff, 0xff, 0xff, 0xff,
    0xff, 0xff, 0xff, 0xf4, 0x0, 0x0, 0x0, 0x0,
    0x3f, 0xf0, 0x0, 0x0, 0x0, 0x0, 0x0, 0x0,
    0x0, 0x0, 0x2f, 0xf0, 0x0, 0x0, 0x0, 0x0,
    0x0, 0x0, 0x0, 0x0, 0x2f, 0xf0, 0x0, 0x0,
    0x0, 0x0, 0x0, 0x0, 0x0, 0x0, 0x2f, 0xf0,
    0x0, 0x0, 0x0, 0x0, 0x0, 0x0, 0x1, 0x0,
    0x4f, 0xf0, 0x0, 0x0, 0x0, 0x0, 0x0, 0x0,
    0xc, 0xff, 0xff, 0xc0, 0x0, 0x0, 0x0, 0x0,
    0x0, 0x0, 0x5, 0xff, 0xea, 0x20, 0x0, 0x0,
    0x0, 0x0,

    /* U+5B58 "存" */
    0x0, 0x0, 0x0, 0x0, 0x79, 0x30, 0x0, 0x0,
    0x0, 0x0, 0x0, 0x0, 0x0, 0x0, 0x0, 0xef,
    0x60, 0x0, 0x0, 0x0, 0x0, 0x0, 0x0, 0x0,
    0x0, 0x3, 0xff, 0x10, 0x0, 0x0, 0x0, 0x0,
    0x0, 0x7, 0xee, 0xee, 0xef, 0xff, 0xee, 0xee,
    0xee, 0xee, 0xee, 0xd0, 0x7, 0xff, 0xff, 0xff,
    0xff, 0xff, 0xff, 0xff, 0xff, 0xff, 0xe0, 0x0,
    0x11, 0x11, 0x9f, 0xd1, 0x11, 0x11, 0x11, 0x11,
    0x11, 0x10, 0x0, 0x0, 0x2, 0xff, 0x50, 0x0,
    0x0, 0x0, 0x0, 0x0, 0x0, 0x0, 0x0, 0xc,
    0xfc, 0x6, 0xcc, 0xcc, 0xcc, 0xcc, 0xd4, 0x0,
    0x0, 0x0, 0x6f, 0xf3, 0x7, 0xff, 0xff, 0xff,
    0xff, 0xfa, 0x0, 0x0, 0x2, 0xef, 0x80, 0x0,
    0x11, 0x11, 0x14, 0xff, 0xa0, 0x0, 0x0, 0x1d,
    0xff, 0x30, 0x0, 0x0, 0x0, 0x5f, 0xf8, 0x0,
    0x0, 0x2, 0xdf, 0xff, 0x30, 0x0, 0x0, 0x5,
    0xff, 0x40, 0x0, 0x0, 0x1e, 0xfe, 0xef, 0x30,
    0x0, 0x0, 0x6, 0xfa, 0x0, 0x0, 0x0, 0xc,
    0xd2, 0xdf, 0x34, 0xee, 0xee, 0xef, 0xff, 0xee,
    0xee, 0xe4, 0x2, 0x10, 0xdf, 0x34, 0xff, 0xff,
    0xff, 0xff, 0xff, 0xff, 0xf4, 0x0, 0x0, 0xdf,
    0x30, 0x0, 0x0, 0x6, 0xfa, 0x0, 0x0, 0x0,
    0x0, 0x0, 0xdf, 0x30, 0x0, 0x0, 0x6, 0xfa,
    0x0, 0x0, 0x0, 0x0, 0x0, 0xdf, 0x30, 0x0,
    0x0, 0x6, 0xfa, 0x0, 0x0, 0x0, 0x0, 0x0,
    0xdf, 0x30, 0x0, 0x0, 0x6, 0xfa, 0x0, 0x0,
    0x0, 0x0, 0x0, 0xdf, 0x30, 0x0, 0xbf, 0xff,
    0xf8, 0x0, 0x0, 0x0, 0x0, 0x0, 0xdf, 0x30,
    0x0, 0x6f, 0xfe, 0xa1, 0x0, 0x0, 0x0,

    /* U+5B83 "它" */
    0x0, 0x0, 0x0, 0x0, 0x5b, 0x70, 0x0, 0x0,
    0x0, 0x0, 0x0, 0x0, 0x0, 0x0, 0x5f, 0xf1,
    0x0, 0x0, 0x0, 0x0, 0x0, 0x0, 0x0, 0x0,
    0xe, 0xf7, 0x0, 0x0, 0x0, 0x0, 0x2d, 0xdd,
    0xdd, 0xdd, 0xdf, 0xff, 0xdd, 0xdd, 0xdd, 0xd1,
    0x2f, 0xff, 0xff, 0xff, 0xff, 0xff, 0xff, 0xff,
    0xff, 0xf2, 0x2f, 0xe1, 0x11, 0x11, 0x11, 0x11,
    0x11, 0x11, 0x2f, 0xf2, 0x2f, 0xe0, 0x0, 0x0,
    0x0, 0x0, 0x0, 0x0, 0xf, 0xf2, 0x2e, 0xd0,
    0x0, 0x0, 0x0, 0x0, 0x0, 0x0, 0xe, 0xe2,
    0x0, 0x2, 0xff, 0x0, 0x0, 0x0, 0x0, 0x20,
    0x0, 0x0, 0x0, 0x2, 0xff, 0x0, 0x0, 0x0,
    0x3a, 0xfb, 0x0, 0x0, 0x0, 0x2, 0xff, 0x0,
    0x1, 0x6c, 0xff, 0xfe, 0x30, 0x0, 0x0, 0x2,
    0xff, 0x5, 0xbf, 0xff, 0xfc, 0x60, 0x0, 0x0,
    0x0, 0x2, 0xff, 0xff, 0xff, 0xd8, 0x20, 0x0,
    0x0, 0x0, 0x0, 0x2, 0xff, 0xfb, 0x72, 0x0,
    0x0, 0x0, 0x0, 0x0, 0x0, 0x2, 0xff, 0x10,
    0x0, 0x0, 0x0, 0x0, 0x0, 0x0, 0x0, 0x2,
    0xff, 0x0, 0x0, 0x0, 0x0, 0x0, 0x27, 0x10,
    0x0, 0x2, 0xff, 0x0, 0x0, 0x0, 0x0, 0x0,
    0x4f, 0xd0, 0x0, 0x2, 0xff, 0x0, 0x0, 0x0,
    0x0, 0x0, 0x7f, 0xb0, 0x0, 0x0, 0xff, 0x61,
    0x10, 0x0, 0x0, 0x13, 0xdf, 0x80, 0x0, 0x0,
    0xcf, 0xff, 0xff, 0xff, 0xff, 0xff, 0xff, 0x10,
    0x0, 0x0, 0x19, 0xdf, 0xff, 0xff, 0xff, 0xfe,
    0xc3, 0x0,

    /* U+5B8C "完" */
    0x0, 0x0, 0x0, 0x0, 0x3, 0x72, 0x0, 0x0,
    0x0, 0x0, 0x0, 0x0, 0x0, 0x0, 0x0, 0xc,
    0xfa, 0x0, 0x0, 0x0, 0x0, 0x0, 0x0, 0x0,
    0x0, 0x0, 0x5, 0xff, 0x30, 0x0, 0x0, 0x0,
    0x0, 0x6, 0xff, 0xff, 0xff, 0xff, 0xff, 0xff,
    0xff, 0xff, 0xff, 0x20, 0x6, 0xff, 0xff, 0xff,
    0xff, 0xff, 0xff, 0xff, 0xff, 0xff, 0x20, 0x6,
    0xfa, 0x0, 0x0, 0x0, 0x0, 0x0, 0x0, 0x0,
    0xff, 0x20, 0x6, 0xfa, 0x0, 0x0, 0x0, 0x0,
    0x0, 0x0, 0x0, 0xff, 0x20, 0x6, 0xfa, 0xf,
    0xff, 0xff, 0xff, 0xff, 0xff, 0xb0, 0xff, 0x20,
    0x0, 0x11, 0xd, 0xdd, 0xdd, 0xdd, 0xdd, 0xdd,
    0x90, 0x11, 0x0, 0x0, 0x0, 0x0, 0x0, 0x0,
    0x0, 0x0, 0x0, 0x0, 0x0, 0x0, 0x0, 0x0,
    0x0, 0x0, 0x0, 0x0, 0x0, 0x0, 0x0, 0x0,
    0x0, 0xe, 0xff, 0xff, 0xff, 0xff, 0xff, 0xff,
    0xff, 0xff, 0xff, 0xa0, 0xd, 0xee, 0xee, 0xff,
    0xfe, 0xee, 0xff, 0xfe, 0xee, 0xee, 0xa0, 0x0,
    0x0, 0x0, 0x4f, 0xd0, 0x0, 0x9f, 0x80, 0x0,
    0x0, 0x0, 0x0, 0x0, 0x0, 0x6f, 0xb0, 0x0,
    0x9f, 0x80, 0x0, 0x0, 0x0, 0x0, 0x0, 0x0,
    0x9f, 0x90, 0x0, 0x9f, 0x80, 0x0, 0x0, 0x0,
    0x0, 0x0, 0x1, 0xff, 0x40, 0x0, 0x9f, 0x80,
    0x0, 0xa, 0x40, 0x0, 0x0, 0xa, 0xfd, 0x0,
    0x0, 0x9f, 0x80, 0x0, 0xe, 0xf0, 0x0, 0x3,
    0xbf, 0xf4, 0x0, 0x0, 0x9f, 0x90, 0x0, 0x1f,
    0xd0, 0x9, 0xdf, 0xff, 0x50, 0x0, 0x0, 0x6f,
    0xfe, 0xee, 0xff, 0x90, 0x9, 0xfe, 0x81, 0x0,
    0x0, 0x0, 0xa, 0xef, 0xff, 0xfc, 0x10, 0x1,
    0x20, 0x0, 0x0, 0x0, 0x0, 0x0, 0x0, 0x0,
    0x0, 0x0,

    /* U+5B9A "定" */
    0x0, 0x0, 0x0, 0x0, 0x1, 0x55, 0x0, 0x0,
    0x0, 0x0, 0x0, 0x0, 0x0, 0x0, 0x0, 0x5,
    0xfe, 0x0, 0x0, 0x0, 0x0, 0x0, 0x0, 0x0,
    0x0, 0x0, 0x1, 0xef, 0x70, 0x0, 0x0, 0x0,
    0x0, 0x1, 0xff, 0xff, 0xff, 0xff, 0xff, 0xff,
    0xff, 0xff, 0xff, 0x40, 0x1, 0xff, 0xee, 0xee,
    0xee, 0xee, 0xee, 0xee, 0xee, 0xff, 0x40, 0x1,
    0xfe, 0x0, 0x0, 0x0, 0x0, 0x0, 0x0, 0x0,
    0xdf, 0x40, 0x1, 0xfe, 0x0, 0x0, 0x0, 0x0,
    0x0, 0x0, 0x0, 0xdf, 0x40, 0x1, 0xfe, 0xe,
    0xee, 0xee, 0xee, 0xee, 0xee, 0xe4, 0xdf, 0x40,
    0x0, 0x11, 0xf, 0xff, 0xff, 0xff, 0xff, 0xff,
    0xf4, 0x11, 0x0, 0x0, 0x0, 0x0, 0x0, 0x0,
    0xef, 0x40, 0x0, 0x0, 0x0, 0x0, 0x0, 0x0,
    0x17, 0x60, 0x0, 0xef, 0x30, 0x0, 0x0, 0x0,
    0x0, 0x0, 0x0, 0x3f, 0xe0, 0x0, 0xef, 0x30,
    0x0, 0x0, 0x0, 0x0, 0x0, 0x0, 0x6f, 0xb0,
    0x0, 0xef, 0xed, 0xdd, 0xdd, 0x70, 0x0, 0x0,
    0x0, 0x9f, 0x90, 0x0, 0xef, 0xff, 0xff, 0xff,
    0x90, 0x0, 0x0, 0x0, 0xdf, 0xd0, 0x0, 0xef,
    0x51, 0x11, 0x11, 0x10, 0x0, 0x0, 0x2, 0xff,
    0xf6, 0x0, 0xef, 0x30, 0x0, 0x0, 0x0, 0x0,
    0x0, 0x9, 0xfc, 0xff, 0x20, 0xef, 0x30, 0x0,
    0x0, 0x0, 0x0, 0x0, 0x2f, 0xf2, 0x9f, 0xe5,
    0xef, 0x30, 0x0, 0x0, 0x0, 0x0, 0x0, 0xbf,
    0xa0, 0xb, 0xff, 0xff, 0x73, 0x21, 0x11, 0x11,
    0x10, 0xa, 0xff, 0x20, 0x0, 0x6f, 0xff, 0xff,
    0xff, 0xff, 0xff, 0xd0, 0x7, 0xf4, 0x0, 0x0,
    0x1, 0x5a, 0xde, 0xff, 0xff, 0xff, 0x80, 0x0,
    0x20, 0x0, 0x0, 0x0, 0x0, 0x0, 0x0, 0x0,
    0x0, 0x0,

    /* U+5BF9 "对" */
    0x0, 0x0, 0x0, 0x0, 0x0, 0x0, 0x0, 0x0,
    0x25, 0x30, 0x0, 0x0, 0x0, 0x0, 0x0, 0x0,
    0x0, 0x0, 0x0, 0x7f, 0x80, 0x0, 0x0, 0x0,
    0x0, 0x0, 0x0, 0x0, 0x0, 0x0, 0x7f, 0x80,
    0x0, 0x4, 0x88, 0x88, 0x88, 0x96, 0x0, 0x0,
    0x0, 0x7f, 0x80, 0x0, 0x7, 0xff, 0xff, 0xff,
    0xff, 0x0, 0x0, 0x0, 0x7f, 0x80, 0x0, 0x3,
    0x66, 0x66, 0x68, 0xfd, 0x13, 0x33, 0x33, 0x9f,
    0xa3, 0x30, 0x0, 0x0, 0x0, 0x5, 0xfb, 0x7f,
    0xff, 0xff, 0xff, 0xff, 0xf1, 0x0, 0x0, 0x0,
    0x8, 0xf8, 0x5c, 0xcc, 0xcc, 0xef, 0xec, 0xc0,
    0x0, 0x59, 0x0, 0xb, 0xf5, 0x0, 0x0, 0x0,
    0x7f, 0x80, 0x0, 0x1, 0xef, 0xb0, 0xf, 0xf1,
    0x0, 0x0, 0x0, 0x7f, 0x80, 0x0, 0x0, 0x3e,
    0xfb, 0x5f, 0xc0, 0x1b, 0xc0, 0x0, 0x7f, 0x80,
    0x0, 0x0, 0x3, 0xef, 0xff, 0x80, 0xc, 0xf6,
    0x0, 0x7f, 0x80, 0x0, 0x0, 0x0, 0x3e, 0xff,
    0x30, 0x3, 0xfe, 0x0, 0x7f, 0x80, 0x0, 0x0,
    0x0, 0x8, 0xff, 0x90, 0x0, 0xbf, 0x60, 0x7f,
    0x80, 0x0, 0x0, 0x0, 0xe, 0xff, 0xf6, 0x0,
    0x5f, 0xa0, 0x7f, 0x80, 0x0, 0x0, 0x0, 0x8f,
    0xd8, 0xff, 0x20, 0x4, 0x0, 0x7f, 0x80, 0x0,
    0x0, 0x4, 0xff, 0x30, 0xcf, 0xc0, 0x0, 0x0,
    0x7f, 0x80, 0x0, 0x0, 0x2e, 0xf9, 0x0, 0x2e,
    0x30, 0x0, 0x0, 0x7f, 0x80, 0x0, 0x3, 0xef,
    0xd0, 0x0, 0x0, 0x0, 0x2, 0x22, 0xaf, 0x80,
    0x0, 0xd, 0xfc, 0x10, 0x0, 0x0, 0x0, 0xb,
    0xff, 0xff, 0x50, 0x0, 0x2, 0xb1, 0x0, 0x0,
    0x0, 0x0, 0x6, 0xff, 0xd8, 0x0, 0x0, 0x0,
    0x0, 0x0, 0x0, 0x0, 0x0, 0x0, 0x0, 0x0,
    0x0, 0x0,

    /* U+5C0F "小" */
    0x0, 0x0, 0x0, 0x0, 0x0, 0x11, 0x0, 0x0,
    0x0, 0x0, 0x0, 0x0, 0x0, 0x0, 0x0, 0x0,
    0xff, 0x30, 0x0, 0x0, 0x0, 0x0, 0x0, 0x0,
    0x0, 0x0, 0x0, 0xff, 0x30, 0x0, 0x0, 0x0,
    0x0, 0x0, 0x0, 0x0, 0x0, 0x0, 0xff, 0x30,
    0x0, 0x0, 0x0, 0x0, 0x0, 0x0, 0x0, 0x0,
    0x0, 0xff, 0x30, 0x0, 0x0, 0x0, 0x0, 0x0,
    0x0, 0x0, 0x0, 0x0, 0xff, 0x30, 0x0, 0x0,
    0x0, 0x0, 0x0, 0x0, 0xdc, 0x40, 0x0, 0xff,
    0x30, 0x5, 0xd9, 0x0, 0x0, 0x0, 0x2, 0xff,
    0x30, 0x0, 0xff, 0x30, 0x4, 0xff, 0x20, 0x0,
    0x0, 0x6, 0xfe, 0x0, 0x0, 0xff, 0x30, 0x0,
    0xdf, 0xa0, 0x0, 0x0, 0xb, 0xfa, 0x0, 0x0,
    0xff, 0x30, 0x0, 0x5f, 0xf2, 0x0, 0x0, 0xf,
    0xf5, 0x0, 0x0, 0xff, 0x30, 0x0, 0xd, 0xfa,
    0x0, 0x0, 0x6f, 0xf1, 0x0, 0x0, 0xff, 0x30,
    0x0, 0x5, 0xff, 0x20, 0x0, 0xdf, 0xa0, 0x0,
    0x0, 0xff, 0x30, 0x0, 0x0, 0xef, 0x80, 0x6,
    0xff, 0x30, 0x0, 0x0, 0xff, 0x30, 0x0, 0x0,
    0x9f, 0xe0, 0x1e, 0xfa, 0x0, 0x0, 0x0, 0xff,
    0x30, 0x0, 0x0, 0x3f, 0xf3, 0x18, 0xe1, 0x0,
    0x0, 0x0, 0xff, 0x30, 0x0, 0x0, 0xf, 0xf5,
    0x0, 0x0, 0x0, 0x0, 0x0, 0xff, 0x30, 0x0,
    0x0, 0x5, 0x10, 0x0, 0x0, 0x0, 0x0, 0x0,
    0xff, 0x30, 0x0, 0x0, 0x0, 0x0, 0x0, 0x0,
    0x0, 0x21, 0x13, 0xff, 0x20, 0x0, 0x0, 0x0,
    0x0, 0x0, 0x0, 0x1, 0xff, 0xff, 0xff, 0x0,
    0x0, 0x0, 0x0, 0x0, 0x0, 0x0, 0x0, 0xaf,
    0xfe, 0xb3, 0x0, 0x0, 0x0, 0x0, 0x0, 0x0,
    0x0, 0x0, 0x0, 0x0, 0x0, 0x0, 0x0, 0x0,
    0x0, 0x0,

    /* U+5C31 "就" */
    0x0, 0x0, 0x16, 0x60, 0x0, 0x0, 0x0, 0x78,
    0x10, 0x0, 0x0, 0x0, 0x0, 0x1f, 0xf0, 0x0,
    0x0, 0x0, 0xdf, 0x24, 0x40, 0x0, 0x0, 0x0,
    0xb, 0xf6, 0x0, 0x0, 0x0, 0xdf, 0x2e, 0xf2,
    0x0, 0xe, 0xff, 0xff, 0xff, 0xff, 0xf2, 0x0,
    0xdf, 0x13, 0xfd, 0x0, 0xc, 0xdd, 0xdd, 0xdd,
    0xdd, 0xd2, 0x0, 0xef, 0x0, 0x9f, 0x40, 0x0,
    0x0, 0x0, 0x0, 0x0, 0x0, 0x0, 0xef, 0x0,
    0x14, 0x0, 0x0, 0x89, 0x99, 0x99, 0x99, 0x38,
    0xee, 0xff, 0xee, 0xee, 0xe0, 0x0, 0xdf, 0xff,
    0xff, 0xff, 0x49, 0xff, 0xff, 0xff, 0xff, 0xf0,
    0x0, 0xdf, 0x0, 0x0, 0x9f, 0x40, 0x1, 0xfd,
    0x0, 0x0, 0x0, 0x0, 0xdf, 0x0, 0x0, 0x9f,
    0x40, 0x3, 0xfc, 0x0, 0x0, 0x0, 0x0, 0xdf,
    0xaa, 0xaa, 0xdf, 0x40, 0x5, 0xfe, 0xe7, 0x0,
    0x0, 0x0, 0xdf, 0xff, 0xff, 0xff, 0x40, 0x7,
    0xfc, 0xf7, 0x0, 0x0, 0x0, 0x0, 0x9, 0xf4,
    0x1, 0x0, 0xb, 0xf9, 0xf7, 0x0, 0x0, 0x0,
    0x4d, 0x49, 0xf4, 0xdc, 0x0, 0xf, 0xf6, 0xf7,
    0x0, 0x0, 0x0, 0x9f, 0x39, 0xf4, 0xaf, 0x30,
    0x3f, 0xb6, 0xf7, 0x0, 0x0, 0x0, 0xde, 0x9,
    0xf4, 0x3f, 0x90, 0x9f, 0x66, 0xf7, 0x0, 0x0,
    0x3, 0xf9, 0x9, 0xf4, 0xe, 0xe1, 0xff, 0x16,
    0xf7, 0x2, 0x81, 0xb, 0xf3, 0x9, 0xf4, 0x6,
    0x38, 0xf8, 0x6, 0xf7, 0x2, 0xf7, 0xc, 0xb0,
    0x9, 0xf4, 0x0, 0x3f, 0xf1, 0x6, 0xf7, 0x3,
    0xf6, 0x0, 0x15, 0xbe, 0xf3, 0x1, 0xef, 0x60,
    0x4, 0xfd, 0x9c, 0xf3, 0x0, 0x2, 0xfe, 0x90,
    0x1, 0xb9, 0x0, 0x0, 0xaf, 0xfe, 0x80, 0x0,
    0x0, 0x0, 0x0, 0x0, 0x0, 0x0, 0x0, 0x0,
    0x0, 0x0,

    /* U+5C4F "屏" */
    0x0, 0x2b, 0xbb, 0xbb, 0xbb, 0xbb, 0xbb, 0xbb,
    0xbb, 0xba, 0x0, 0x2, 0xff, 0xff, 0xff, 0xff,
    0xff, 0xff, 0xff, 0xff, 0xe0, 0x0, 0x2f, 0xe0,
    0x0, 0x0, 0x0, 0x0, 0x0, 0x5, 0xfe, 0x0,
    0x2, 0xfe, 0x0, 0x0, 0x0, 0x0, 0x0, 0x0,
    0x5f, 0xe0, 0x0, 0x2f, 0xfd, 0xdd, 0xdd, 0xdd,
    0xdd, 0xdd, 0xde, 0xfe, 0x0, 0x2, 0xff, 0xff,
    0xff, 0xff, 0xff, 0xff, 0xff, 0xff, 0xd0, 0x0,
    0x2f, 0xe0, 0x1, 0xac, 0x0, 0x0, 0x4, 0xea,
    0x0, 0x0, 0x2, 0xfe, 0x0, 0xb, 0xf8, 0x0,
    0x0, 0xcf, 0x80, 0x0, 0x0, 0x3f, 0xe2, 0x99,
    0xbc, 0x99, 0x99, 0xaf, 0xf9, 0x99, 0x30, 0x3,
    0xfe, 0x4f, 0xff, 0xff, 0xff, 0xff, 0xff, 0xff,
    0xf4, 0x0, 0x3f, 0xd0, 0x11, 0x3f, 0xf1, 0x11,
    0x4f, 0xe1, 0x11, 0x0, 0x5, 0xfc, 0x0, 0x1,
    0xfe, 0x0, 0x2, 0xfe, 0x0, 0x0, 0x0, 0x6f,
    0xa0, 0x0, 0x1f, 0xe0, 0x0, 0x2f, 0xe0, 0x0,
    0x0, 0x8, 0xf9, 0xcf, 0xff, 0xff, 0xff, 0xff,
    0xff, 0xff, 0xfe, 0x0, 0xcf, 0x6a, 0xcc, 0xef,
    0xfc, 0xcc, 0xdf, 0xfc, 0xcc, 0xb0, 0xf, 0xf3,
    0x0, 0xb, 0xf8, 0x0, 0x2, 0xfe, 0x0, 0x0,
    0x4, 0xfe, 0x0, 0x6, 0xff, 0x20, 0x0, 0x2f,
    0xe0, 0x0, 0x0, 0xcf, 0xa0, 0x8, 0xff, 0x80,
    0x0, 0x2, 0xfe, 0x0, 0x0, 0x3f, 0xf2, 0xc,
    0xff, 0x90, 0x0, 0x0, 0x2f, 0xe0, 0x0, 0x0,
    0x6a, 0x0, 0x2d, 0x50, 0x0, 0x0, 0x2, 0xfe,
    0x0, 0x0, 0x0, 0x0, 0x0, 0x0, 0x0, 0x0,
    0x0, 0x0, 0x0, 0x0, 0x0,

    /* U+5DF2 "已" */
    0x11, 0x11, 0x11, 0x11, 0x11, 0x11, 0x11, 0x11,
    0x0, 0x0, 0xff, 0xff, 0xff, 0xff, 0xff, 0xff,
    0xff, 0xff, 0x40, 0x0, 0xef, 0xff, 0xff, 0xff,
    0xff, 0xff, 0xff, 0xff, 0x40, 0x0, 0x0, 0x0,
    0x0, 0x0, 0x0, 0x0, 0x0, 0xef, 0x40, 0x0,
    0x4, 0x50, 0x0, 0x0, 0x0, 0x0, 0x0, 0xef,
    0x40, 0x0, 0xe, 0xf2, 0x0, 0x0, 0x0, 0x0,
    0x0, 0xef, 0x40, 0x0, 0xe, 0xf2, 0x0, 0x0,
    0x0, 0x0, 0x0, 0xef, 0x40, 0x0, 0xe, 0xf2,
    0x0, 0x0, 0x0, 0x0, 0x0, 0xef, 0x40, 0x0,
    0xe, 0xff, 0xff, 0xff, 0xff, 0xff, 0xff, 0xff,
    0x40, 0x0, 0xe, 0xff, 0xff, 0xff, 0xff, 0xff,
    0xff, 0xff, 0x40, 0x0, 0xe, 0xf4, 0x11, 0x11,
    0x11, 0x11, 0x11, 0xef, 0x40, 0x0, 0xe, 0xf2,
    0x0, 0x0, 0x0, 0x0, 0x0, 0x56, 0x10, 0x0,
    0xe, 0xf2, 0x0, 0x0, 0x0, 0x0, 0x0, 0x0,
    0x0, 0x0, 0xe, 0xf2, 0x0, 0x0, 0x0, 0x0,
    0x0, 0x0, 0xa, 0x40, 0xe, 0xf2, 0x0, 0x0,
    0x0, 0x0, 0x0, 0x0, 0x3f, 0xf0, 0xe, 0xf3,
    0x0, 0x0, 0x0, 0x0, 0x0, 0x0, 0x7f, 0xc0,
    0xc, 0xf9, 0x0, 0x0, 0x0, 0x0, 0x0, 0x3,
    0xef, 0x90, 0x7, 0xff, 0xff, 0xff, 0xff, 0xff,
    0xff, 0xff, 0xff, 0x10, 0x0, 0x8e, 0xff, 0xff,
    0xff, 0xff, 0xff, 0xff, 0xc3, 0x0, 0x0, 0x0,
    0x1, 0x11, 0x11, 0x11, 0x11, 0x10, 0x0, 0x0,

    /* U+5E2E "帮" */
    0x0, 0x0, 0x28, 0x70, 0x0, 0x0, 0x0, 0x0,
    0x0, 0x0, 0x0, 0x0, 0x3f, 0xd0, 0x0, 0x3,
    0xaa, 0xaa, 0xaa, 0x92, 0xaf, 0xff, 0xff, 0xff,
    0xff, 0xb4, 0xff, 0xff, 0xff, 0xf8, 0x7a, 0xaa,
    0xcf, 0xfa, 0xaa, 0x84, 0xfb, 0x11, 0x7f, 0xc0,
    0x0, 0x0, 0x3f, 0xd0, 0x0, 0x4, 0xfb, 0x1,
    0xef, 0x20, 0x2f, 0xff, 0xff, 0xff, 0xff, 0x34,
    0xfb, 0xa, 0xf8, 0x0, 0x1a, 0xaa, 0xbf, 0xfa,
    0xaa, 0x24, 0xfb, 0x3, 0xdf, 0x60, 0x0, 0x0,
    0x4f, 0xd0, 0x0, 0x4, 0xfb, 0x0, 0x1e, 0xf3,
    0xdd, 0xdd, 0xef, 0xfd, 0xdd, 0xb4, 0xfb, 0x0,
    0x7, 0xf9, 0xdd, 0xde, 0xff, 0xed, 0xdd, 0xb4,
    0xfb, 0x33, 0x4b, 0xf8, 0x0, 0xb, 0xfe, 0x0,
    0x0, 0x4, 0xfb, 0xbf, 0xff, 0xe2, 0x6, 0xdf,
    0xe3, 0x0, 0x5, 0x54, 0xfb, 0x38, 0x76, 0x10,
    0x3e, 0xfa, 0x10, 0x0, 0x2f, 0xf1, 0x43, 0x0,
    0x0, 0x0, 0x3, 0xdd, 0xdd, 0xdd, 0xdf, 0xfd,
    0xdd, 0xdd, 0xdd, 0x20, 0x0, 0xdf, 0xff, 0xff,
    0xff, 0xff, 0xff, 0xff, 0xff, 0x20, 0x0, 0xdf,
    0x40, 0x0, 0x3f, 0xf0, 0x0, 0x0, 0xef, 0x20,
    0x0, 0xdf, 0x40, 0x0, 0x2f, 0xf0, 0x0, 0x0,
    0xef, 0x20, 0x0, 0xdf, 0x40, 0x0, 0x2f, 0xf0,
    0x0, 0x0, 0xff, 0x20, 0x0, 0xdf, 0x40, 0x0,
    0x2f, 0xf0, 0x1f, 0xff, 0xff, 0x0, 0x0, 0x9b,
    0x30, 0x0, 0x2f, 0xf0, 0x8, 0xba, 0x83, 0x0,
    0x0, 0x0, 0x0, 0x0, 0x2f, 0xf0, 0x0, 0x0,
    0x0, 0x0,

    /* U+5E55 "幕" */
    0x0, 0x0, 0x0, 0x68, 0x20, 0x0, 0x4, 0x85,
    0x0, 0x0, 0x0, 0x3, 0x44, 0x44, 0xdf, 0x84,
    0x44, 0x4a, 0xfb, 0x44, 0x44, 0x20, 0xa, 0xff,
    0xff, 0xff, 0xff, 0xff, 0xff, 0xff, 0xff, 0xff,
    0x90, 0x3, 0x55, 0x55, 0xdf, 0x85, 0x55, 0x5a,
    0xfb, 0x55, 0x55, 0x30, 0x0, 0x2, 0x55, 0x8a,
    0x65, 0x55, 0x57, 0x97, 0x55, 0x30, 0x0, 0x0,
    0x7, 0xff, 0xff, 0xff, 0xff, 0xff, 0xff, 0xff,
    0x90, 0x0, 0x0, 0x7, 0xf8, 0x0, 0x0, 0x0,
    0x0, 0x0, 0x7f, 0x90, 0x0, 0x0, 0x7, 0xff,
    0xff, 0xff, 0xff, 0xff, 0xff, 0xff, 0x90, 0x0,
    0x0, 0x7, 0xfa, 0x44, 0x44, 0x44, 0x44, 0x44,
    0xaf, 0x90, 0x0, 0x0, 0x7, 0xfb, 0x55, 0x55,
    0x55, 0x55, 0x55, 0xaf, 0x90, 0x0, 0x0, 0x7,
    0xff, 0xff, 0xff, 0xff, 0xff, 0xff, 0xff, 0x90,
    0x0, 0x0, 0x0, 0x0, 0x1e, 0xf5, 0x0, 0x0,
    0x0, 0x0, 0x0, 0x0, 0xe, 0xff, 0xff, 0xff,
    0xff, 0xff, 0xff, 0xff, 0xff, 0xff, 0xc0, 0x8,
    0x99, 0xaf, 0xfd, 0x9a, 0xff, 0x99, 0xdf, 0xe9,
    0x99, 0x70, 0x0, 0x4, 0xef, 0xd1, 0x2, 0xfe,
    0x0, 0x1d, 0xfc, 0x20, 0x0, 0x4, 0xbf, 0xff,
    0xff, 0xff, 0xff, 0xff, 0xff, 0xff, 0xfb, 0x50,
    0x2f, 0xfc, 0xaf, 0xd9, 0x9a, 0xff, 0x99, 0x9c,
    0xfc, 0xcf, 0xd1, 0x4, 0x40, 0x7f, 0x80, 0x2,
    0xfd, 0x0, 0x5, 0xf9, 0x2, 0x20, 0x0, 0x0,
    0x7f, 0x80, 0x2, 0xfd, 0x4, 0x8b, 0xf9, 0x0,
    0x0, 0x0, 0x0, 0x7f, 0x80, 0x2, 0xfd, 0x3,
    0xff, 0xc3, 0x0, 0x0, 0x0, 0x0, 0x0, 0x0,
    0x2, 0xfd, 0x0, 0x0, 0x0, 0x0, 0x0,

    /* U+5E73 "平" */
    0x1, 0x11, 0x11, 0x11, 0x11, 0x11, 0x11, 0x11,
    0x11, 0x10, 0xb, 0xff, 0xff, 0xff, 0xff, 0xff,
    0xff, 0xff, 0xff, 0xa0, 0xb, 0xff, 0xff, 0xff,
    0xff, 0xff, 0xff, 0xff, 0xff, 0xa0, 0x0, 0x0,
    0x0, 0x0, 0x1f, 0xf0, 0x0, 0x2, 0x0, 0x0,
    0x0, 0x1d, 0xe0, 0x0, 0x1f, 0xf0, 0x0, 0xe,
    0xf5, 0x0, 0x0, 0xc, 0xf6, 0x0, 0x1f, 0xf0,
    0x0, 0x5f, 0xf1, 0x0, 0x0, 0x5, 0xfd, 0x0,
    0x1f, 0xf0, 0x0, 0xcf, 0x80, 0x0, 0x0, 0x0,
    0xff, 0x30, 0x1f, 0xf0, 0x4, 0xfe, 0x0, 0x0,
    0x0, 0x0, 0xad, 0x40, 0x1f, 0xf0, 0x8, 0xf6,
    0x0, 0x0, 0x0, 0x0, 0x0, 0x0, 0x1f, 0xf0,
    0x0, 0x0, 0x0, 0x0, 0xef, 0xff, 0xff, 0xff,
    0xff, 0xff, 0xff, 0xff, 0xff, 0xfe, 0xef, 0xff,
    0xff, 0xff, 0xff, 0xff, 0xff, 0xff, 0xff, 0xff,
    0x22, 0x22, 0x22, 0x22, 0x3f, 0xf3, 0x22, 0x22,
    0x22, 0x22, 0x0, 0x0, 0x0, 0x0, 0x1f, 0xf0,
    0x0, 0x0, 0x0, 0x0, 0x0, 0x0, 0x0, 0x0,
    0x1f, 0xf0, 0x0, 0x0, 0x0, 0x0, 0x0, 0x0,
    0x0, 0x0, 0x1f, 0xf0, 0x0, 0x0, 0x0, 0x0,
    0x0, 0x0, 0x0, 0x0, 0x1f, 0xf0, 0x0, 0x0,
    0x0, 0x0, 0x0, 0x0, 0x0, 0x0, 0x1f, 0xf0,
    0x0, 0x0, 0x0, 0x0, 0x0, 0x0, 0x0, 0x0,
    0x1f, 0xf0, 0x0, 0x0, 0x0, 0x0, 0x0, 0x0,
    0x0, 0x0, 0x1f, 0xf0, 0x0, 0x0, 0x0, 0x0,

    /* U+5E7D "幽" */
    0x0, 0x0, 0x0, 0x0, 0x5, 0x60, 0x0, 0x0,
    0x0, 0x0, 0x0, 0x0, 0x0, 0x0, 0xc, 0xf1,
    0x0, 0x0, 0x0, 0x0, 0x0, 0x0, 0x1, 0x0,
    0xc, 0xf1, 0x2, 0x10, 0x0, 0x0, 0x1e, 0xc0,
    0xc, 0xd0, 0xc, 0xf1, 0x9, 0xf2, 0x7, 0xf7,
    0x1f, 0xd0, 0x1f, 0xb0, 0xc, 0xf1, 0xe, 0xd0,
    0x7, 0xf7, 0x1f, 0xd0, 0x5f, 0x50, 0xc, 0xf1,
    0x3f, 0x70, 0x7, 0xf7, 0x1f, 0xd0, 0xbd, 0x6,
    0x2c, 0xf1, 0x9e, 0x6, 0x68, 0xf7, 0x1f, 0xd2,
    0xf5, 0x1f, 0xac, 0xf3, 0xf6, 0xe, 0xc7, 0xf7,
    0x1f, 0xdc, 0xf9, 0xbf, 0x2c, 0xfc, 0xfd, 0xef,
    0x47, 0xf7, 0x1f, 0xdb, 0xfd, 0xfa, 0xc, 0xf8,
    0xc9, 0xfc, 0x7, 0xf7, 0x1f, 0xd1, 0x5, 0xf3,
    0xc, 0xf1, 0x4, 0xf7, 0x7, 0xf7, 0x1f, 0xd0,
    0xd, 0xbe, 0xc, 0xf1, 0xc, 0xbd, 0x57, 0xf7,
    0x1f, 0xd0, 0x6e, 0x1d, 0x5c, 0xf1, 0x6f, 0x28,
    0xb7, 0xf7, 0x1f, 0xd1, 0xe6, 0x19, 0xac, 0xf3,
    0xe8, 0x38, 0xf8, 0xf7, 0x1f, 0xdc, 0xff, 0xff,
    0xec, 0xfd, 0xff, 0xfe, 0xfc, 0xf7, 0x1f, 0xd9,
    0xa7, 0x42, 0xfe, 0xf6, 0x74, 0x10, 0xbd, 0xf7,
    0x1f, 0xd0, 0x0, 0x0, 0x1c, 0xf1, 0x0, 0x0,
    0x7, 0xf7, 0x1f, 0xfd, 0xdd, 0xdd, 0xdf, 0xfd,
    0xdd, 0xdd, 0xde, 0xf7, 0x1f, 0xff, 0xff, 0xff,
    0xff, 0xff, 0xff, 0xff, 0xff, 0xf7, 0x1, 0x11,
    0x11, 0x11, 0x11, 0x11, 0x11, 0x11, 0x18, 0xf7,
    0x0, 0x0, 0x0, 0x0, 0x0, 0x0, 0x0, 0x0,
    0x7, 0xf7,

    /* U+5EA6 "度" */
    0x0, 0x0, 0x0, 0x0, 0x0, 0x1a, 0xb0, 0x0,
    0x0, 0x0, 0x0, 0x0, 0x0, 0x0, 0x0, 0x0,
    0xe, 0xf3, 0x0, 0x0, 0x0, 0x0, 0x0, 0x1b,
    0xbb, 0xbb, 0xbb, 0xbe, 0xfd, 0xbb, 0xbb, 0xbb,
    0xb1, 0x0, 0x2f, 0xff, 0xff, 0xff, 0xff, 0xff,
    0xff, 0xff, 0xff, 0xf2, 0x0, 0x2f, 0xf3, 0x33,
    0x33, 0x33, 0x33, 0x33, 0x33, 0x33, 0x30, 0x0,
    0x2f, 0xe0, 0x0, 0x1f, 0xe0, 0x0, 0xb, 0xf4,
    0x0, 0x0, 0x0, 0x2f, 0xe0, 0x11, 0x2f, 0xe1,
    0x11, 0x1c, 0xf5, 0x11, 0x10, 0x0, 0x2f, 0xe8,
    0xff, 0xff, 0xff, 0xff, 0xff, 0xff, 0xff, 0xe0,
    0x0, 0x2f, 0xe5, 0x99, 0xaf, 0xf9, 0x99, 0x9e,
    0xfb, 0x99, 0x80, 0x0, 0x2f, 0xe0, 0x0, 0x1f,
    0xe0, 0x0, 0xb, 0xf4, 0x0, 0x0, 0x0, 0x2f,
    0xd0, 0x0, 0x1f, 0xfa, 0xaa, 0xae, 0xf4, 0x0,
    0x0, 0x0, 0x3f, 0xd0, 0x0, 0x1f, 0xff, 0xff,
    0xff, 0xf4, 0x0, 0x0, 0x0, 0x5f, 0xb0, 0x0,
    0x0, 0x0, 0x0, 0x0, 0x0, 0x0, 0x0, 0x0,
    0x6f, 0xa4, 0xff, 0xff, 0xff, 0xff, 0xff, 0xff,
    0xd2, 0x0, 0x0, 0x8f, 0x83, 0xbb, 0xff, 0xbb,
    0xbb, 0xbb, 0xff, 0xc0, 0x0, 0x0, 0xbf, 0x50,
    0x1, 0xdf, 0xa0, 0x0, 0x9, 0xfe, 0x10, 0x0,
    0x0, 0xef, 0x20, 0x0, 0x1d, 0xfd, 0x44, 0xdf,
    0xd2, 0x0, 0x0, 0x3, 0xff, 0x0, 0x0, 0x0,
    0xaf, 0xff, 0xfa, 0x0, 0x0, 0x0, 0x9, 0xfa,
    0x3, 0x57, 0xad, 0xff, 0xff, 0xff, 0xc9, 0x64,
    0x20, 0xe, 0xf4, 0x1f, 0xff, 0xff, 0xb6, 0x13,
    0x8d, 0xff, 0xff, 0xf2, 0x1, 0x80, 0x6, 0x75,
    0x20, 0x0, 0x0, 0x0, 0x25, 0x7a, 0x60,

    /* U+5F00 "开" */
    0x0, 0x0, 0x0, 0x0, 0x0, 0x0, 0x0, 0x0,
    0x0, 0x0, 0x1f, 0xff, 0xff, 0xff, 0xff, 0xff,
    0xff, 0xff, 0xff, 0xf4, 0x1e, 0xee, 0xef, 0xff,
    0xee, 0xee, 0xef, 0xff, 0xee, 0xe4, 0x0, 0x0,
    0xb, 0xf6, 0x0, 0x0, 0xf, 0xf3, 0x0, 0x0,
    0x0, 0x0, 0xb, 0xf6, 0x0, 0x0, 0xf, 0xf3,
    0x0, 0x0, 0x0, 0x0, 0xb, 0xf6, 0x0, 0x0,
    0xf, 0xf3, 0x0, 0x0, 0x0, 0x0, 0xb, 0xf6,
    0x0, 0x0, 0xf, 0xf3, 0x0, 0x0, 0x0, 0x0,
    0xb, 0xf6, 0x0, 0x0, 0xf, 0xf3, 0x0, 0x0,
    0x11, 0x11, 0x1c, 0xf7, 0x11, 0x11, 0x1f, 0xf4,
    0x11, 0x11, 0xef, 0xff, 0xff, 0xff, 0xff, 0xff,
    0xff, 0xff, 0xff, 0xff, 0xcd, 0xdd, 0xdf, 0xfe,
    0xdd, 0xdd, 0xdf, 0xfe, 0xdd, 0xdd, 0x0, 0x0,
    0xf, 0xf2, 0x0, 0x0, 0xf, 0xf3, 0x0, 0x0,
    0x0, 0x0, 0x4f, 0xf0, 0x0, 0x0, 0xf, 0xf3,
    0x0, 0x0, 0x0, 0x0, 0x9f, 0xc0, 0x0, 0x0,
    0xf, 0xf3, 0x0, 0x0, 0x0, 0x1, 0xff, 0x60,
    0x0, 0x0, 0xf, 0xf3, 0x0, 0x0, 0x0, 0xa,
    0xff, 0x0, 0x0, 0x0, 0xf, 0xf3, 0x0, 0x0,
    0x0, 0x7f, 0xf5, 0x0, 0x0, 0x0, 0xf, 0xf3,
    0x0, 0x0, 0x8, 0xff, 0xa0, 0x0, 0x0, 0x0,
    0xf, 0xf3, 0x0, 0x0, 0x9f, 0xfa, 0x0, 0x0,
    0x0, 0x0, 0xf, 0xf3, 0x0, 0x0, 0xb, 0x70,
    0x0, 0x0, 0x0, 0x0, 0xf, 0xf3, 0x0, 0x0,
    0x0, 0x0, 0x0, 0x0, 0x0, 0x0, 0x0, 0x0,
    0x0, 0x0,

    /* U+5F15 "引" */
    0x0, 0x0, 0x0, 0x0, 0x0, 0x0, 0x0, 0x0,
    0x22, 0x0, 0x9e, 0xee, 0xee, 0xee, 0xee, 0x0,
    0x0, 0x1f, 0xf0, 0xa, 0xff, 0xff, 0xff, 0xff,
    0xf0, 0x0, 0x1, 0xff, 0x0, 0x0, 0x0, 0x0,
    0x0, 0xff, 0x0, 0x0, 0x1f, 0xf0, 0x0, 0x0,
    0x0, 0x0, 0xf, 0xf0, 0x0, 0x1, 0xff, 0x0,
    0x0, 0x0, 0x0, 0x0, 0xff, 0x0, 0x0, 0x1f,
    0xf0, 0x0, 0xee, 0xee, 0xee, 0xef, 0xf0, 0x0,
    0x1, 0xff, 0x0, 0x2f, 0xff, 0xff, 0xff, 0xff,
    0x0, 0x0, 0x1f, 0xf0, 0x5, 0xfc, 0x0, 0x0,
    0x0, 0x0, 0x0, 0x1, 0xff, 0x0, 0x7f, 0xa0,
    0x0, 0x0, 0x0, 0x0, 0x0, 0x1f, 0xf0, 0xa,
    0xf7, 0x0, 0x0, 0x0, 0x0, 0x0, 0x1, 0xff,
    0x0, 0xdf, 0xee, 0xee, 0xee, 0xee, 0x20, 0x0,
    0x1f, 0xf0, 0x1f, 0xff, 0xff, 0xff, 0xff, 0xf1,
    0x0, 0x1, 0xff, 0x0, 0x0, 0x0, 0x0, 0x2,
    0xff, 0x0, 0x0, 0x1f, 0xf0, 0x0, 0x0, 0x0,
    0x0, 0x3f, 0xf0, 0x0, 0x1, 0xff, 0x0, 0x0,
    0x0, 0x0, 0x4, 0xfd, 0x0, 0x0, 0x1f, 0xf0,
    0x0, 0x0, 0x0, 0x0, 0x7f, 0xb0, 0x0, 0x1,
    0xff, 0x0, 0x0, 0x0, 0x0, 0xa, 0xf8, 0x0,
    0x0, 0x1f, 0xf0, 0x0, 0x1, 0x21, 0x3, 0xff,
    0x50, 0x0, 0x1, 0xff, 0x0, 0x0, 0x3f, 0xff,
    0xff, 0xe0, 0x0, 0x0, 0x1f, 0xf0, 0x0, 0x0,
    0xdf, 0xff, 0xd3, 0x0, 0x0, 0x1, 0xff, 0x0,
    0x0, 0x0, 0x0, 0x0, 0x0, 0x0, 0x0, 0x0,
    0x0,

    /* U+5F80 "往" */
    0x0, 0x0, 0x2, 0x0, 0x0, 0x0, 0x4, 0x0,
    0x0, 0x0, 0x0, 0x0, 0x0, 0x4f, 0xc0, 0x0,
    0x0, 0xcf, 0x70, 0x0, 0x0, 0x0, 0x0, 0x2,
    0xef, 0x60, 0x0, 0x0, 0x5f, 0xf1, 0x0, 0x0,
    0x0, 0x0, 0x3e, 0xf9, 0x0, 0x0, 0x0, 0xd,
    0xf7, 0x0, 0x0, 0x0, 0x5, 0xff, 0xb0, 0x0,
    0x22, 0x22, 0x28, 0xb5, 0x22, 0x22, 0x10, 0xc,
    0xf9, 0x2, 0x24, 0xff, 0xff, 0xff, 0xff, 0xff,
    0xff, 0x80, 0x2, 0x70, 0xd, 0xf8, 0xcc, 0xcc,
    0xcf, 0xfd, 0xcc, 0xcc, 0x60, 0x0, 0x0, 0xaf,
    0xd0, 0x0, 0x0, 0xd, 0xf4, 0x0, 0x0, 0x0,
    0x0, 0x6, 0xff, 0x30, 0x0, 0x0, 0xd, 0xf4,
    0x0, 0x0, 0x0, 0x0, 0x6f, 0xfe, 0x0, 0x0,
    0x0, 0xd, 0xf4, 0x0, 0x0, 0x0, 0x8, 0xff,
    0xfe, 0x0, 0x0, 0x0, 0xd, 0xf4, 0x0, 0x0,
    0x0, 0x1f, 0xfc, 0xfe, 0x0, 0x7e, 0xee, 0xef,
    0xff, 0xee, 0xec, 0x0, 0x9, 0x93, 0xfe, 0x0,
    0x7f, 0xff, 0xff, 0xff, 0xff, 0xfd, 0x0, 0x0,
    0x2, 0xfe, 0x0, 0x0, 0x0, 0xe, 0xf4, 0x0,
    0x0, 0x0, 0x0, 0x2, 0xfe, 0x0, 0x0, 0x0,
    0xd, 0xf4, 0x0, 0x0, 0x0, 0x0, 0x2, 0xfe,
    0x0, 0x0, 0x0, 0xd, 0xf4, 0x0, 0x0, 0x0,
    0x0, 0x2, 0xfe, 0x0, 0x0, 0x0, 0xd, 0xf4,
    0x0, 0x0, 0x0, 0x0, 0x2, 0xfe, 0x0, 0x0,
    0x0, 0xd, 0xf4, 0x0, 0x0, 0x0, 0x0, 0x2,
    0xfe, 0xd, 0xee, 0xee, 0xef, 0xff, 0xee, 0xee,
    0xe1, 0x0, 0x2, 0xfe, 0xe, 0xff, 0xff, 0xff,
    0xff, 0xff, 0xff, 0xf1, 0x0, 0x2, 0xfe, 0x0,
    0x0, 0x0, 0x0, 0x0, 0x0, 0x0, 0x0,

    /* U+5F97 "得" */
    0x0, 0x0, 0x6, 0x20, 0x0, 0x0, 0x0, 0x0,
    0x0, 0x0, 0x0, 0x0, 0x0, 0x5f, 0xf2, 0xe,
    0xff, 0xff, 0xff, 0xff, 0xfb, 0x0, 0x0, 0x4,
    0xff, 0x50, 0xf, 0xf9, 0x88, 0x88, 0x8b, 0xfc,
    0x0, 0x0, 0x7f, 0xf7, 0x0, 0xf, 0xf0, 0x0,
    0x0, 0x5, 0xfc, 0x0, 0xa, 0xff, 0x70, 0x0,
    0xf, 0xff, 0xff, 0xff, 0xff, 0xfc, 0x0, 0xc,
    0xf5, 0x3, 0x71, 0xf, 0xf8, 0x77, 0x77, 0x7a,
    0xfc, 0x0, 0x2, 0x30, 0x1e, 0xf6, 0xf, 0xf0,
    0x0, 0x0, 0x5, 0xfc, 0x0, 0x0, 0x0, 0xbf,
    0xc0, 0xf, 0xff, 0xff, 0xff, 0xff, 0xfc, 0x0,
    0x0, 0x7, 0xff, 0x20, 0x8, 0x88, 0x88, 0x88,
    0x88, 0x86, 0x0, 0x0, 0x6f, 0xfe, 0x0, 0x0,
    0x0, 0x0, 0x0, 0x0, 0x0, 0x0, 0x7, 0xff,
    0xfe, 0x3, 0xff, 0xff, 0xff, 0xff, 0xff, 0xff,
    0xa0, 0x4f, 0xfb, 0xfe, 0x2, 0xbb, 0xbb, 0xbb,
    0xbc, 0xff, 0xbb, 0x70, 0xc, 0x72, 0xfe, 0x0,
    0x0, 0x0, 0x0, 0x2, 0xfe, 0x0, 0x0, 0x0,
    0x1, 0xfe, 0x9, 0xdd, 0xdd, 0xdd, 0xdd, 0xff,
    0xdd, 0xd1, 0x0, 0x1, 0xfe, 0xb, 0xff, 0xff,
    0xff, 0xff, 0xff, 0xff, 0xf1, 0x0, 0x1, 0xfe,
    0x0, 0x4, 0xa0, 0x0, 0x2, 0xfe, 0x0, 0x0,
    0x0, 0x1, 0xfe, 0x0, 0xa, 0xfc, 0x0, 0x2,
    0xfe, 0x0, 0x0, 0x0, 0x1, 0xfe, 0x0, 0x0,
    0xbf, 0xa0, 0x2, 0xfe, 0x0, 0x0, 0x0, 0x1,
    0xfe, 0x0, 0x0, 0x1e, 0xb0, 0x2, 0xfe, 0x0,
    0x0, 0x0, 0x1, 0xfe, 0x0, 0x0, 0x2, 0xc,
    0xde, 0xfc, 0x0, 0x0, 0x0, 0x1, 0xfe, 0x0,
    0x0, 0x0, 0x9, 0xff, 0xc4, 0x0, 0x0,

    /* U+5FD9 "忙" */
    0x0, 0x0, 0x64, 0x0, 0x0, 0x0, 0x2, 0x20,
    0x0, 0x0, 0x0, 0x0, 0x1, 0xfb, 0x0, 0x0,
    0x0, 0x4f, 0xd1, 0x0, 0x0, 0x0, 0x0, 0x1,
    0xfb, 0x0, 0x0, 0x0, 0xb, 0xfb, 0x0, 0x0,
    0x0, 0x0, 0x1, 0xfb, 0x0, 0x0, 0x0, 0x1,
    0xef, 0x40, 0x0, 0x0, 0x0, 0x32, 0xfd, 0xa2,
    0x0, 0x0, 0x0, 0x44, 0x0, 0x0, 0x0, 0x4,
    0xf6, 0xfc, 0xf8, 0xcf, 0xff, 0xff, 0xff, 0xff,
    0xff, 0xf3, 0x6, 0xf4, 0xfb, 0xbe, 0xcf, 0xff,
    0xff, 0xff, 0xff, 0xff, 0xf3, 0x8, 0xf3, 0xfb,
    0x6f, 0x30, 0xbf, 0x50, 0x0, 0x0, 0x0, 0x0,
    0xb, 0xe2, 0xfb, 0x1c, 0x20, 0xbf, 0x50, 0x0,
    0x0, 0x0, 0x0, 0xf, 0xa1, 0xfb, 0x0, 0x0,
    0xbf, 0x50, 0x0, 0x0, 0x0, 0x0, 0x1c, 0x71,
    0xfb, 0x0, 0x0, 0xbf, 0x50, 0x0, 0x0, 0x0,
    0x0, 0x0, 0x1, 0xfb, 0x0, 0x0, 0xbf, 0x50,
    0x0, 0x0, 0x0, 0x0, 0x0, 0x1, 0xfb, 0x0,
    0x0, 0xbf, 0x50, 0x0, 0x0, 0x0, 0x0, 0x0,
    0x1, 0xfb, 0x0, 0x0, 0xbf, 0x50, 0x0, 0x0,
    0x0, 0x0, 0x0, 0x1, 0xfb, 0x0, 0x0, 0xbf,
    0x50, 0x0, 0x0, 0x0, 0x0, 0x0, 0x1, 0xfb,
    0x0, 0x0, 0xbf, 0x50, 0x0, 0x0, 0x0, 0x0,
    0x0, 0x1, 0xfb, 0x0, 0x0, 0xbf, 0x50, 0x0,
    0x0, 0x0, 0x0, 0x0, 0x1, 0xfb, 0x0, 0x0,
    0xbf, 0x61, 0x11, 0x11, 0x11, 0x0, 0x0, 0x1,
    0xfb, 0x0, 0x0, 0xbf, 0xff, 0xff, 0xff, 0xff,
    0xa0, 0x0, 0x1, 0xfb, 0x0, 0x0, 0x8b, 0xbb,
    0xbb, 0xbb, 0xbb, 0x80, 0x0, 0x1, 0xfb, 0x0,
    0x0, 0x0, 0x0, 0x0, 0x0, 0x0, 0x0,

    /* U+6062 "恢" */
    0x0, 0x2, 0x63, 0x0, 0x0, 0x5, 0x30, 0x0,
    0x0, 0x0, 0x0, 0x0, 0x7, 0xf7, 0x0, 0x0,
    0x2f, 0xc0, 0x0, 0x0, 0x0, 0x0, 0x0, 0x7,
    0xf7, 0x0, 0x0, 0x3f, 0xa0, 0x0, 0x0, 0x0,
    0x0, 0x0, 0x7, 0xf7, 0x0, 0x11, 0x6f, 0x91,
    0x11, 0x11, 0x11, 0x10, 0x0, 0x7, 0xfa, 0x94,
    0xff, 0xff, 0xff, 0xff, 0xff, 0xff, 0xe0, 0x5,
    0xfa, 0xfd, 0xf8, 0xbb, 0xef, 0xcb, 0xbb, 0xbb,
    0xbb, 0xa0, 0x6, 0xf9, 0xf8, 0xfb, 0x0, 0xdf,
    0x10, 0x4, 0x71, 0x0, 0x0, 0x8, 0xf8, 0xf7,
    0xaf, 0x0, 0xfe, 0x0, 0x9, 0xf2, 0x0, 0x0,
    0xb, 0xe7, 0xf7, 0x6d, 0x13, 0xfb, 0x16, 0x1a,
    0xf1, 0x8, 0x30, 0xe, 0xb7, 0xf7, 0x0, 0x7,
    0xf7, 0x4f, 0x4c, 0xf0, 0x3f, 0x70, 0x2e, 0x77,
    0xf7, 0x0, 0xc, 0xf3, 0x8f, 0xd, 0xe0, 0x7f,
    0x20, 0x0, 0x7, 0xf7, 0x0, 0x1f, 0xe0, 0xcd,
    0xf, 0xc0, 0xce, 0x0, 0x0, 0x7, 0xf7, 0x0,
    0x8f, 0x92, 0xf7, 0x3f, 0x92, 0xf9, 0x0, 0x0,
    0x7, 0xf7, 0x0, 0xef, 0x25, 0xf1, 0x7f, 0xa5,
    0xf3, 0x0, 0x0, 0x7, 0xf7, 0x8, 0xfb, 0x0,
    0x20, 0xcf, 0xf0, 0x10, 0x0, 0x0, 0x7, 0xf7,
    0x3f, 0xf3, 0x0, 0x2, 0xff, 0xf7, 0x0, 0x0,
    0x0, 0x7, 0xf7, 0xaf, 0x90, 0x0, 0xb, 0xf7,
    0xdf, 0x10, 0x0, 0x0, 0x7, 0xf7, 0x8, 0x0,
    0x0, 0x9f, 0xe0, 0x4f, 0xc0, 0x0, 0x0, 0x7,
    0xf7, 0x0, 0x0, 0x2b, 0xff, 0x30, 0xa, 0xfc,
    0x20, 0x0, 0x7, 0xf7, 0x0, 0x6, 0xff, 0xe3,
    0x0, 0x0, 0xcf, 0xf1, 0x0, 0x7, 0xf7, 0x0,
    0x0, 0xd8, 0x10, 0x0, 0x0, 0x8, 0x50, 0x0,
    0x0, 0x0, 0x0, 0x0, 0x0, 0x0, 0x0, 0x0,
    0x0, 0x0,

    /* U+60F3 "想" */
    0x0, 0x0, 0xb, 0xa0, 0x0, 0x0, 0x0, 0x0,
    0x0, 0x0, 0x0, 0x0, 0x0, 0xf, 0xe0, 0x0,
    0x8, 0xaa, 0xaa, 0xaa, 0xa9, 0x0, 0x0, 0x0,
    0xf, 0xe0, 0x0, 0xd, 0xff, 0xff, 0xff, 0xfe,
    0x0, 0x8, 0x99, 0x9f, 0xf9, 0x99, 0x2d, 0xf1,
    0x0, 0x1, 0xfe, 0x0, 0xe, 0xff, 0xff, 0xff,
    0xff, 0x3d, 0xf5, 0x44, 0x45, 0xfe, 0x0, 0x3,
    0x33, 0xbf, 0xe3, 0x33, 0xd, 0xff, 0xff, 0xff,
    0xfe, 0x0, 0x0, 0x2, 0xff, 0xf4, 0x0, 0xd,
    0xf5, 0x44, 0x45, 0xfe, 0x0, 0x0, 0xb, 0xff,
    0xff, 0x90, 0xd, 0xf1, 0x0, 0x0, 0xfe, 0x0,
    0x0, 0x6f, 0xbf, 0xeb, 0xfd, 0x2d, 0xff, 0xff,
    0xff, 0xfe, 0x0, 0x4, 0xfe, 0x2f, 0xe0, 0xaf,
    0x2d, 0xfa, 0x99, 0x9a, 0xfe, 0x0, 0x3f, 0xf5,
    0xf, 0xe0, 0x3, 0xd, 0xf1, 0x0, 0x0, 0xfe,
    0x0, 0x9, 0x60, 0xf, 0xe0, 0x0, 0xd, 0xfa,
    0xaa, 0xaa, 0xfe, 0x0, 0x0, 0x0, 0xf, 0xe0,
    0x0, 0x1d, 0xff, 0xff, 0xff, 0xfe, 0x0, 0x0,
    0x0, 0x4, 0x30, 0x8, 0xf2, 0x0, 0x0, 0x0,
    0x0, 0x0, 0x0, 0x0, 0x0, 0x0, 0x9, 0xfd,
    0x10, 0x0, 0x1a, 0xb0, 0x0, 0x0, 0x6e, 0x50,
    0xdd, 0x0, 0xcf, 0xa0, 0x0, 0x1f, 0xf5, 0x0,
    0x0, 0xcf, 0x50, 0xff, 0x0, 0x1e, 0xf3, 0x11,
    0x8, 0xfd, 0x0, 0x3, 0xff, 0x0, 0xff, 0x0,
    0x4, 0x50, 0x4f, 0x70, 0xef, 0x60, 0xb, 0xf9,
    0x0, 0xff, 0x10, 0x0, 0x0, 0x7f, 0x80, 0x7f,
    0xe0, 0xb, 0xf1, 0x0, 0xef, 0xfe, 0xdd, 0xde,
    0xff, 0x40, 0xa, 0x20, 0x0, 0x10, 0x0, 0x4c,
    0xff, 0xff, 0xff, 0xe8, 0x0, 0x0, 0x0,

    /* U+6210 "成" */
    0x0, 0x0, 0x0, 0x0, 0x0, 0x1, 0x88, 0x1,
    0x60, 0x0, 0x0, 0x0, 0x0, 0x0, 0x0, 0x0,
    0x2, 0xff, 0xc, 0xfd, 0x30, 0x0, 0x0, 0x0,
    0x0, 0x0, 0x0, 0x2, 0xff, 0x1, 0xaf, 0xf7,
    0x0, 0x0, 0x0, 0x0, 0x0, 0x0, 0x2, 0xff,
    0x10, 0x6, 0xf5, 0x0, 0x0, 0x3f, 0xff, 0xff,
    0xff, 0xff, 0xff, 0xff, 0xff, 0xff, 0xf2, 0x0,
    0x3f, 0xff, 0xff, 0xff, 0xff, 0xff, 0xff, 0xff,
    0xff, 0xf2, 0x0, 0x3f, 0xf0, 0x0, 0x0, 0x0,
    0xef, 0x40, 0x0, 0x0, 0x0, 0x0, 0x3f, 0xe0,
    0x0, 0x0, 0x0, 0xcf, 0x50, 0x1, 0x30, 0x0,
    0x0, 0x3f, 0xf1, 0x11, 0x11, 0x0, 0xaf, 0x70,
    0x8, 0xfa, 0x0, 0x0, 0x3f, 0xff, 0xff, 0xff,
    0x50, 0x8f, 0x90, 0xe, 0xf5, 0x0, 0x0, 0x3f,
    0xfc, 0xcc, 0xff, 0x50, 0x6f, 0xb0, 0x4f, 0xe0,
    0x0, 0x0, 0x4f, 0xe0, 0x0, 0xbf, 0x40, 0x4f,
    0xe0, 0xdf, 0x70, 0x0, 0x0, 0x5f, 0xd0, 0x0,
    0xbf, 0x40, 0xf, 0xf8, 0xfe, 0x10, 0x0, 0x0,
    0x6f, 0xd0, 0x0, 0xcf, 0x30, 0xc, 0xff, 0xf5,
    0x0, 0x0, 0x0, 0x7f, 0xb0, 0x0, 0xdf, 0x20,
    0x8, 0xff, 0xb0, 0x1, 0x0, 0x0, 0x9f, 0x92,
    0x24, 0xff, 0x10, 0xa, 0xff, 0x30, 0x8, 0xa1,
    0x0, 0xdf, 0x69, 0xff, 0xfd, 0x0, 0x9f, 0xff,
    0x60, 0x9, 0xf4, 0x1, 0xff, 0x24, 0xbb, 0x92,
    0xa, 0xff, 0xcf, 0xe0, 0xb, 0xf2, 0x7, 0xfe,
    0x0, 0x0, 0x3, 0xdf, 0xf6, 0xe, 0xfb, 0x3f,
    0xe0, 0xe, 0xf7, 0x0, 0x0, 0x1f, 0xff, 0x50,
    0x4, 0xff, 0xff, 0x90, 0x6, 0xe1, 0x0, 0x0,
    0x5, 0xc2, 0x0, 0x0, 0x3c, 0xfb, 0x10, 0x0,
    0x10, 0x0, 0x0, 0x0, 0x0, 0x0, 0x0, 0x0,
    0x0, 0x0,

    /* U+6211 "我" */
    0x0, 0x0, 0x0, 0x0, 0x1, 0x0, 0x34, 0x10,
    0x0, 0x0, 0x0, 0x0, 0x0, 0x0, 0x48, 0xcf,
    0x90, 0xcf, 0x60, 0x67, 0x0, 0x0, 0x4, 0x8b,
    0xdf, 0xff, 0xff, 0xc2, 0xbf, 0x72, 0xff, 0x80,
    0x0, 0x7, 0xff, 0xff, 0xfe, 0x40, 0x0, 0xaf,
    0x70, 0x3f, 0xf7, 0x0, 0x1, 0x53, 0x4, 0xfc,
    0x0, 0x0, 0x9f, 0x80, 0x4, 0xff, 0x40, 0x0,
    0x0, 0x4, 0xfc, 0x0, 0x0, 0x9f, 0x90, 0x0,
    0x77, 0x0, 0x0, 0x0, 0x5, 0xfc, 0x0, 0x0,
    0x8f, 0x90, 0x0, 0x0, 0x0, 0xc, 0xff, 0xff,
    0xff, 0xff, 0xff, 0xff, 0xff, 0xff, 0xff, 0xe0,
    0xb, 0xee, 0xef, 0xff, 0xee, 0xee, 0xff, 0xfe,
    0xee, 0xee, 0xd0, 0x0, 0x0, 0x4, 0xfc, 0x0,
    0x0, 0x3f, 0xe0, 0x0, 0x0, 0x0, 0x0, 0x0,
    0x4, 0xfc, 0x0, 0x0, 0x1f, 0xf1, 0x4, 0xf9,
    0x0, 0x0, 0x0, 0x4, 0xfc, 0x15, 0x85, 0xe,
    0xf4, 0x1e, 0xf7, 0x0, 0x0, 0x2, 0x5a, 0xff,
    0xff, 0xf9, 0xc, 0xf7, 0xbf, 0xc0, 0x0, 0xc,
    0xff, 0xff, 0xff, 0xea, 0x62, 0x8, 0xfe, 0xff,
    0x20, 0x0, 0xd, 0xff, 0xcb, 0xfc, 0x0, 0x0,
    0x4, 0xff, 0xf4, 0x0, 0x0, 0x3, 0x30, 0x4,
    0xfc, 0x0, 0x0, 0x9, 0xff, 0x70, 0x4, 0x30,
    0x0, 0x0, 0x4, 0xfc, 0x0, 0x1, 0xcf, 0xff,
    0x90, 0x6, 0xf4, 0x0, 0x0, 0x4, 0xfc, 0x0,
    0x6e, 0xfe, 0x8f, 0xf2, 0x8, 0xf3, 0x0, 0x0,
    0x6, 0xfc, 0xd, 0xff, 0xc1, 0xc, 0xfc, 0x2c,
    0xf1, 0x0, 0xaf, 0xff, 0xf9, 0x7, 0xf6, 0x0,
    0x2, 0xff, 0xff, 0xb0, 0x0, 0x4f, 0xfe, 0xa1,
    0x0, 0x10, 0x0, 0x0, 0x3d, 0xfe, 0x30, 0x0,
    0x0, 0x0, 0x0, 0x0, 0x0, 0x0, 0x0, 0x0,
    0x0, 0x0,

    /* U+622A "截" */
    0x0, 0x0, 0x0, 0x55, 0x0, 0x0, 0x5, 0x50,
    0x0, 0x0, 0x0, 0x0, 0x0, 0x1, 0xff, 0x0,
    0x0, 0x1f, 0xf0, 0x7c, 0x10, 0x0, 0x0, 0xab,
    0xbb, 0xff, 0xbb, 0xb7, 0xf, 0xf0, 0x9f, 0xe3,
    0x0, 0x0, 0xff, 0xff, 0xff, 0xff, 0xfa, 0xf,
    0xf0, 0x8, 0xfe, 0x20, 0x0, 0x0, 0x1, 0xff,
    0x0, 0x0, 0xf, 0xf0, 0x0, 0xab, 0x0, 0x1,
    0x11, 0x12, 0xff, 0x11, 0x11, 0x1f, 0xf2, 0x11,
    0x21, 0x10, 0xe, 0xff, 0xff, 0xff, 0xff, 0xff,
    0xff, 0xff, 0xff, 0xff, 0xe0, 0x9, 0xaa, 0xca,
    0xaa, 0xba, 0xaa, 0xaf, 0xfb, 0xaa, 0xaa, 0x90,
    0x0, 0x4, 0xf9, 0xd, 0xc0, 0x0, 0xc, 0xf3,
    0x0, 0x10, 0x0, 0x0, 0xd, 0xf5, 0xa, 0xf5,
    0x0, 0xa, 0xf5, 0x2, 0xfb, 0x0, 0x0, 0x7f,
    0xff, 0xff, 0xff, 0xff, 0x28, 0xf7, 0x8, 0xf9,
    0x0, 0x5, 0xff, 0xd8, 0x8c, 0xf9, 0x88, 0x16,
    0xf9, 0xd, 0xf2, 0x0, 0x1f, 0xff, 0xc5, 0x5b,
    0xf6, 0x54, 0x4, 0xfc, 0x5f, 0xc0, 0x0, 0x5,
    0x8f, 0xff, 0xff, 0xff, 0xfb, 0x1, 0xfe, 0xdf,
    0x40, 0x0, 0x0, 0x2f, 0xa0, 0x9, 0xf1, 0x0,
    0x0, 0xdf, 0xfb, 0x0, 0x0, 0x0, 0x2f, 0xff,
    0xff, 0xff, 0xfb, 0x0, 0xaf, 0xf2, 0x5, 0x30,
    0x0, 0x2f, 0xc5, 0x5b, 0xf6, 0x54, 0x1, 0xef,
    0xc0, 0x8, 0xf1, 0x0, 0x2f, 0xb1, 0x19, 0xf2,
    0x11, 0xb, 0xff, 0xf2, 0x9, 0xf0, 0x0, 0x2f,
    0xff, 0xff, 0xff, 0xff, 0x9f, 0xfd, 0xfb, 0xc,
    0xd0, 0x0, 0x2f, 0xd9, 0x99, 0x99, 0x9f, 0xff,
    0x42, 0xff, 0xef, 0x90, 0x0, 0x2f, 0xa0, 0x0,
    0x0, 0x4, 0xf4, 0x0, 0x4e, 0xfe, 0x20, 0x0,
    0x0, 0x0, 0x0, 0x0, 0x0, 0x20, 0x0, 0x0,
    0x20, 0x0,

    /* U+624B "手" */
    0x0, 0x0, 0x0, 0x0, 0x0, 0x0, 0x0, 0x25,
    0x50, 0x0, 0x0, 0x0, 0x0, 0x2, 0x34, 0x57,
    0xac, 0xef, 0xff, 0x50, 0x0, 0x5, 0xde, 0xff,
    0xff, 0xff, 0xff, 0xff, 0xea, 0x73, 0x0, 0x0,
    0x3f, 0xfe, 0xdc, 0xba, 0xff, 0x62, 0x0, 0x0,
    0x0, 0x0, 0x0, 0x0, 0x0, 0x0, 0xf, 0xf1,
    0x0, 0x0, 0x0, 0x0, 0x0, 0x0, 0x0, 0x0,
    0x0, 0xff, 0x10, 0x0, 0x0, 0x0, 0x0, 0x0,
    0x11, 0x11, 0x11, 0x2f, 0xf3, 0x11, 0x11, 0x11,
    0x10, 0x0, 0x7f, 0xff, 0xff, 0xff, 0xff, 0xff,
    0xff, 0xff, 0xfb, 0x0, 0x6, 0xdd, 0xdd, 0xdd,
    0xdf, 0xfe, 0xdd, 0xdd, 0xdd, 0xa0, 0x0, 0x0,
    0x0, 0x0, 0x0, 0xff, 0x10, 0x0, 0x0, 0x0,
    0x0, 0x0, 0x0, 0x0, 0x0, 0xf, 0xf1, 0x0,
    0x0, 0x0, 0x0, 0x0, 0x0, 0x0, 0x0, 0x1,
    0xff, 0x20, 0x0, 0x0, 0x0, 0x0, 0xff, 0xff,
    0xff, 0xff, 0xff, 0xff, 0xff, 0xff, 0xff, 0xff,
    0xf, 0xff, 0xff, 0xff, 0xff, 0xff, 0xff, 0xff,
    0xff, 0xff, 0xf0, 0x0, 0x0, 0x0, 0x0, 0xf,
    0xf1, 0x0, 0x0, 0x0, 0x0, 0x0, 0x0, 0x0,
    0x0, 0x0, 0xff, 0x10, 0x0, 0x0, 0x0, 0x0,
    0x0, 0x0, 0x0, 0x0, 0xf, 0xf1, 0x0, 0x0,
    0x0, 0x0, 0x0, 0x0, 0x0, 0x0, 0x0, 0xff,
    0x10, 0x0, 0x0, 0x0, 0x0, 0x0, 0x0, 0x0,
    0x0, 0x2f, 0xf1, 0x0, 0x0, 0x0, 0x0, 0x0,
    0x0, 0x8, 0xff, 0xff, 0xfe, 0x0, 0x0, 0x0,
    0x0, 0x0, 0x0, 0x0, 0x1f, 0xff, 0xdb, 0x20,
    0x0, 0x0, 0x0, 0x0, 0x0, 0x0, 0x0, 0x0,
    0x0, 0x0, 0x0, 0x0, 0x0, 0x0, 0x0,

    /* U+624D "才" */
    0x0, 0x0, 0x0, 0x0, 0x0, 0x0, 0x1, 0x20,
    0x0, 0x0, 0x0, 0x0, 0x0, 0x0, 0x0, 0x0,
    0x0, 0xdf, 0x60, 0x0, 0x0, 0x0, 0x0, 0x0,
    0x0, 0x0, 0x0, 0xd, 0xf6, 0x0, 0x0, 0x0,
    0x0, 0x0, 0x0, 0x0, 0x0, 0x0, 0xdf, 0x60,
    0x0, 0x0, 0x0, 0x22, 0x22, 0x22, 0x22, 0x22,
    0x2e, 0xf8, 0x22, 0x22, 0x20, 0x5f, 0xff, 0xff,
    0xff, 0xff, 0xff, 0xff, 0xff, 0xff, 0xfe, 0x5,
    0xff, 0xff, 0xff, 0xff, 0xff, 0xff, 0xff, 0xff,
    0xff, 0xe0, 0x0, 0x0, 0x0, 0x0, 0x5, 0xff,
    0xff, 0x60, 0x0, 0x0, 0x0, 0x0, 0x0, 0x0,
    0x1, 0xff, 0x9d, 0xf6, 0x0, 0x0, 0x0, 0x0,
    0x0, 0x0, 0x0, 0xcf, 0xe0, 0xdf, 0x60, 0x0,
    0x0, 0x0, 0x0, 0x0, 0x0, 0x9f, 0xf4, 0xd,
    0xf6, 0x0, 0x0, 0x0, 0x0, 0x0, 0x0, 0x7f,
    0xf7, 0x0, 0xdf, 0x60, 0x0, 0x0, 0x0, 0x0,
    0x0, 0x6f, 0xfa, 0x0, 0xd, 0xf6, 0x0, 0x0,
    0x0, 0x0, 0x0, 0x7f, 0xfc, 0x0, 0x0, 0xdf,
    0x60, 0x0, 0x0, 0x0, 0x0, 0xaf, 0xfc, 0x0,
    0x0, 0xd, 0xf6, 0x0, 0x0, 0x0, 0x3, 0xcf,
    0xfb, 0x0, 0x0, 0x0, 0xdf, 0x60, 0x0, 0x0,
    0x8, 0xff, 0xfa, 0x0, 0x0, 0x0, 0xd, 0xf6,
    0x0, 0x0, 0x0, 0x6f, 0xf6, 0x0, 0x0, 0x0,
    0x0, 0xdf, 0x60, 0x0, 0x0, 0x0, 0x72, 0x0,
    0x0, 0x2, 0x21, 0x2e, 0xf6, 0x0, 0x0, 0x0,
    0x0, 0x0, 0x0, 0x0, 0xbf, 0xff, 0xff, 0x30,
    0x0, 0x0, 0x0, 0x0, 0x0, 0x0, 0x6, 0xff,
    0xfc, 0x50, 0x0, 0x0, 0x0, 0x0, 0x0, 0x0,
    0x0, 0x0, 0x0, 0x0, 0x0, 0x0, 0x0,

    /* U+6253 "打" */
    0x0, 0x0, 0x55, 0x10, 0x0, 0x0, 0x0, 0x0,
    0x0, 0x0, 0x0, 0x0, 0x0, 0xdf, 0x30, 0x0,
    0x0, 0x0, 0x0, 0x0, 0x0, 0x0, 0x0, 0x0,
    0xdf, 0x30, 0x7, 0x99, 0x99, 0x99, 0x99, 0x99,
    0x90, 0x0, 0x0, 0xdf, 0x30, 0xb, 0xff, 0xff,
    0xff, 0xff, 0xff, 0xf1, 0x0, 0x0, 0xdf, 0x40,
    0x5, 0x77, 0x77, 0x7f, 0xfa, 0x77, 0x70, 0xf,
    0xff, 0xff, 0xff, 0xf0, 0x0, 0x0, 0xe, 0xf5,
    0x0, 0x0, 0xe, 0xee, 0xff, 0xfe, 0xe0, 0x0,
    0x0, 0xe, 0xf5, 0x0, 0x0, 0x0, 0x0, 0xdf,
    0x30, 0x0, 0x0, 0x0, 0xe, 0xf5, 0x0, 0x0,
    0x0, 0x0, 0xdf, 0x30, 0x0, 0x0, 0x0, 0xe,
    0xf5, 0x0, 0x0, 0x0, 0x0, 0xdf, 0x30, 0x0,
    0x0, 0x0, 0xe, 0xf5, 0x0, 0x0, 0x0, 0x0,
    0xdf, 0x89, 0xe1, 0x0, 0x0, 0xe, 0xf5, 0x0,
    0x0, 0x0, 0x48, 0xff, 0xff, 0xf3, 0x0, 0x0,
    0xe, 0xf5, 0x0, 0x0, 0x1f, 0xff, 0xff, 0xd7,
    0x30, 0x0, 0x0, 0xe, 0xf5, 0x0, 0x0, 0xc,
    0xea, 0xef, 0x30, 0x0, 0x0, 0x0, 0xe, 0xf5,
    0x0, 0x0, 0x1, 0x0, 0xdf, 0x30, 0x0, 0x0,
    0x0, 0xe, 0xf5, 0x0, 0x0, 0x0, 0x0, 0xdf,
    0x30, 0x0, 0x0, 0x0, 0xe, 0xf5, 0x0, 0x0,
    0x0, 0x0, 0xdf, 0x30, 0x0, 0x0, 0x0, 0xe,
    0xf5, 0x0, 0x0, 0x0, 0x0, 0xdf, 0x30, 0x0,
    0x0, 0x0, 0xe, 0xf5, 0x0, 0x0, 0x0, 0x0,
    0xef, 0x30, 0x0, 0x2, 0x11, 0x2f, 0xf4, 0x0,
    0x0, 0x5, 0xef, 0xff, 0x10, 0x0, 0xc, 0xff,
    0xff, 0xf1, 0x0, 0x0, 0x0, 0xff, 0xd6, 0x0,
    0x0, 0x6, 0xff, 0xfd, 0x50, 0x0, 0x0, 0x0,
    0x0, 0x0, 0x0, 0x0, 0x0, 0x10, 0x0, 0x0,
    0x0, 0x0,

    /* U+627E "找" */
    0x0, 0x0, 0x33, 0x0, 0x0, 0x0, 0x21, 0x0,
    0x0, 0x0, 0x0, 0x0, 0x1, 0xfe, 0x0, 0x0,
    0x6, 0xfb, 0x3, 0xa1, 0x0, 0x0, 0x0, 0x1,
    0xfe, 0x0, 0x0, 0x5, 0xfc, 0xb, 0xfd, 0x10,
    0x0, 0x0, 0x1, 0xfe, 0x0, 0x0, 0x4, 0xfd,
    0x0, 0xbf, 0xd0, 0x0, 0x0, 0x1, 0xff, 0x0,
    0x0, 0x2, 0xfe, 0x0, 0xd, 0xd2, 0x0, 0xf,
    0xff, 0xff, 0xff, 0x70, 0x1, 0xff, 0x0, 0x14,
    0x56, 0x50, 0xe, 0xee, 0xff, 0xee, 0x86, 0x79,
    0xff, 0xef, 0xff, 0xff, 0xd0, 0x0, 0x1, 0xfe,
    0x0, 0x2f, 0xff, 0xff, 0xff, 0xec, 0xa9, 0x70,
    0x0, 0x1, 0xfe, 0x0, 0xa, 0x86, 0xef, 0x50,
    0x0, 0x0, 0x0, 0x0, 0x1, 0xfe, 0x0, 0x0,
    0x0, 0xbf, 0x60, 0x2, 0xe6, 0x0, 0x0, 0x1,
    0xff, 0x6a, 0x70, 0x0, 0x8f, 0x90, 0xb, 0xf8,
    0x0, 0x1, 0x59, 0xff, 0xff, 0xa0, 0x0, 0x6f,
    0xc0, 0x5f, 0xe0, 0x0, 0x3f, 0xff, 0xff, 0xa5,
    0x10, 0x0, 0x3f, 0xf2, 0xef, 0x60, 0x0, 0xe,
    0xc8, 0xfe, 0x0, 0x0, 0x0, 0xf, 0xfe, 0xfb,
    0x0, 0x0, 0x0, 0x1, 0xfe, 0x0, 0x0, 0x0,
    0xb, 0xff, 0xd0, 0x0, 0x0, 0x0, 0x1, 0xfe,
    0x0, 0x0, 0x0, 0x1c, 0xff, 0x20, 0x4, 0x60,
    0x0, 0x1, 0xfe, 0x0, 0x0, 0x3, 0xef, 0xff,
    0x50, 0x6, 0xf6, 0x0, 0x1, 0xfe, 0x0, 0x0,
    0x8f, 0xfe, 0xbf, 0xe1, 0x9, 0xf3, 0x0, 0x1,
    0xfe, 0x0, 0x7e, 0xff, 0xb1, 0x1e, 0xfe, 0x8f,
    0xf0, 0x7, 0xde, 0xfd, 0x0, 0x5f, 0xe6, 0x0,
    0x3, 0xff, 0xff, 0x90, 0x3, 0xff, 0xc4, 0x0,
    0x3, 0x0, 0x0, 0x0, 0x2b, 0xfd, 0x10, 0x0,
    0x0, 0x0, 0x0, 0x0, 0x0, 0x0, 0x0, 0x0,
    0x0, 0x0,

    /* U+628A "把" */
    0x0, 0x2, 0x53, 0x0, 0x0, 0x0, 0x0, 0x0,
    0x0, 0x0, 0x0, 0x0, 0x7, 0xf9, 0x0, 0x3,
    0x33, 0x33, 0x33, 0x33, 0x33, 0x0, 0x0, 0x7,
    0xf9, 0x0, 0x2f, 0xff, 0xff, 0xff, 0xff, 0xff,
    0x30, 0x0, 0x7, 0xf9, 0x0, 0x2f, 0xfc, 0xcd,
    0xff, 0xcc, 0xff, 0x30, 0x0, 0x7, 0xf9, 0x0,
    0x2f, 0xf0, 0x3, 0xfb, 0x0, 0xef, 0x30, 0xf,
    0xff, 0xff, 0xfc, 0x2f, 0xf0, 0x3, 0xfb, 0x0,
    0xef, 0x30, 0xe, 0xef, 0xff, 0xea, 0x2f, 0xf0,
    0x3, 0xfb, 0x0, 0xef, 0x30, 0x0, 0x7, 0xf9,
    0x0, 0x2f, 0xf0, 0x3, 0xfb, 0x0, 0xef, 0x30,
    0x0, 0x7, 0xf9, 0x0, 0x2f, 0xf0, 0x3, 0xfb,
    0x0, 0xef, 0x30, 0x0, 0x7, 0xf9, 0x0, 0x2f,
    0xf0, 0x3, 0xfb, 0x0, 0xef, 0x30, 0x0, 0x7,
    0xfc, 0xae, 0x2f, 0xfe, 0xef, 0xff, 0xee, 0xff,
    0x30, 0x5, 0x9d, 0xff, 0xff, 0x4f, 0xff, 0xff,
    0xff, 0xff, 0xff, 0x30, 0x3f, 0xff, 0xfe, 0x72,
    0x2f, 0xf0, 0x0, 0x0, 0x0, 0xef, 0x30, 0xe,
    0xcb, 0xf9, 0x0, 0x2f, 0xf0, 0x0, 0x0, 0x0,
    0xab, 0x20, 0x0, 0x7, 0xf9, 0x0, 0x2f, 0xf0,
    0x0, 0x0, 0x0, 0x0, 0x0, 0x0, 0x7, 0xf9,
    0x0, 0x2f, 0xf0, 0x0, 0x0, 0x0, 0x3, 0x0,
    0x0, 0x7, 0xf9, 0x0, 0x2f, 0xf0, 0x0, 0x0,
    0x0, 0xb, 0xe3, 0x0, 0x7, 0xf9, 0x0, 0x2f,
    0xf0, 0x0, 0x0, 0x0, 0xd, 0xf4, 0x0, 0x7,
    0xf9, 0x0, 0xf, 0xf4, 0x0, 0x0, 0x0, 0x4f,
    0xf1, 0x6, 0xef, 0xf7, 0x0, 0xc, 0xff, 0xff,
    0xff, 0xff, 0xff, 0xa0, 0x2, 0xfe, 0xa1, 0x0,
    0x2, 0xbe, 0xff, 0xff, 0xff, 0xea, 0x10,

    /* U+62DB "招" */
    0x0, 0x7, 0xc5, 0x0, 0x0, 0x0, 0x0, 0x0,
    0x0, 0x0, 0x0, 0x0, 0x9f, 0x60, 0x4, 0xbb,
    0xbb, 0xbb, 0xbb, 0xbb, 0xb5, 0x0, 0x9, 0xf6,
    0x0, 0x6f, 0xff, 0xff, 0xff, 0xff, 0xff, 0x60,
    0x0, 0x9f, 0x60, 0x0, 0x22, 0x4f, 0xf2, 0x22,
    0x2b, 0xf5, 0x0, 0x9, 0xf7, 0x0, 0x0, 0x5,
    0xfd, 0x0, 0x0, 0xbf, 0x41, 0xff, 0xff, 0xff,
    0xf0, 0x0, 0x9f, 0xa0, 0x0, 0xc, 0xf3, 0x1e,
    0xef, 0xff, 0xee, 0x0, 0xf, 0xf4, 0x0, 0x0,
    0xef, 0x20, 0x0, 0x9f, 0x60, 0x0, 0x9, 0xfd,
    0x0, 0x0, 0xf, 0xf0, 0x0, 0x9, 0xf6, 0x0,
    0x7, 0xff, 0x30, 0x3, 0x27, 0xfe, 0x0, 0x0,
    0x9f, 0x60, 0xb, 0xff, 0x60, 0x0, 0xef, 0xff,
    0x90, 0x0, 0x9, 0xf9, 0x89, 0x7e, 0x40, 0x0,
    0x8, 0xbb, 0x80, 0x0, 0x26, 0xdf, 0xff, 0xe0,
    0x21, 0x11, 0x11, 0x11, 0x11, 0x10, 0x5f, 0xff,
    0xfd, 0x72, 0xe, 0xff, 0xff, 0xff, 0xff, 0xff,
    0x11, 0xea, 0xcf, 0x60, 0x0, 0xef, 0xcc, 0xcc,
    0xcc, 0xcf, 0xf1, 0x0, 0x9, 0xf6, 0x0, 0xe,
    0xf1, 0x0, 0x0, 0x0, 0xff, 0x10, 0x0, 0x9f,
    0x60, 0x0, 0xef, 0x10, 0x0, 0x0, 0xf, 0xf1,
    0x0, 0x9, 0xf6, 0x0, 0xe, 0xf1, 0x0, 0x0,
    0x0, 0xff, 0x10, 0x0, 0x9f, 0x60, 0x0, 0xef,
    0x10, 0x0, 0x0, 0xf, 0xf1, 0x0, 0xa, 0xf6,
    0x0, 0xe, 0xff, 0xff, 0xff, 0xff, 0xff, 0x10,
    0xcf, 0xff, 0x40, 0x0, 0xef, 0xdd, 0xdd, 0xdd,
    0xdf, 0xf1, 0x7, 0xfe, 0x80, 0x0, 0xe, 0xf1,
    0x0, 0x0, 0x0, 0xee, 0x10,

    /* U+62E6 "拦" */
    0x0, 0x2, 0x63, 0x0, 0x0, 0x0, 0x0, 0x0,
    0x2, 0x0, 0x0, 0x0, 0x5f, 0x90, 0x0, 0x2d,
    0xb0, 0x0, 0x5, 0xfc, 0x0, 0x0, 0x5, 0xf9,
    0x0, 0x0, 0xbf, 0x60, 0x0, 0xcf, 0x50, 0x0,
    0x0, 0x5f, 0x90, 0x0, 0x2, 0xfe, 0x10, 0x5f,
    0xc0, 0x0, 0x4, 0x48, 0xfb, 0x43, 0x0, 0x9,
    0x91, 0xe, 0xf3, 0x0, 0x0, 0xef, 0xff, 0xff,
    0xc7, 0xff, 0xff, 0xff, 0xff, 0xff, 0xf3, 0x8,
    0x9b, 0xfd, 0x97, 0x7f, 0xff, 0xff, 0xff, 0xff,
    0xff, 0x30, 0x0, 0x5f, 0x90, 0x0, 0x0, 0x0,
    0x0, 0x0, 0x0, 0x0, 0x0, 0x5, 0xf9, 0x0,
    0x0, 0x0, 0x0, 0x0, 0x0, 0x0, 0x0, 0x0,
    0x5f, 0x90, 0x0, 0x0, 0x0, 0x0, 0x0, 0x0,
    0x0, 0x0, 0x5, 0xfc, 0xbd, 0x0, 0x0, 0x0,
    0x0, 0x0, 0x0, 0x1, 0x7a, 0xef, 0xff, 0xf0,
    0x8d, 0xdd, 0xdd, 0xdd, 0xdd, 0x10, 0x5f, 0xff,
    0xfc, 0x40, 0x9, 0xff, 0xff, 0xff, 0xff, 0xf1,
    0x1, 0xb6, 0x7f, 0x90, 0x0, 0x12, 0x22, 0x22,
    0x22, 0x22, 0x0, 0x0, 0x5, 0xf9, 0x0, 0x0,
    0x0, 0x0, 0x0, 0x0, 0x0, 0x0, 0x0, 0x5f,
    0x90, 0x0, 0x0, 0x0, 0x0, 0x0, 0x0, 0x0,
    0x0, 0x5, 0xf9, 0x0, 0x0, 0x0, 0x0, 0x0,
    0x0, 0x0, 0x0, 0x0, 0x5f, 0x90, 0x0, 0x0,
    0x0, 0x0, 0x0, 0x0, 0x0, 0x0, 0x6, 0xf9,
    0x5, 0xff, 0xff, 0xff, 0xff, 0xff, 0xff, 0xd0,
    0x9d, 0xff, 0x70, 0x5f, 0xff, 0xff, 0xff, 0xff,
    0xff, 0xfc, 0x6, 0xff, 0xa0, 0x0, 0x0, 0x0,
    0x0, 0x0, 0x0, 0x0, 0x0, 0x0, 0x0, 0x0,
    0x0, 0x0, 0x0, 0x0, 0x0, 0x0, 0x0,

    /* U+62E9 "择" */
    0x0, 0x1, 0x53, 0x0, 0x0, 0x0, 0x0, 0x0,
    0x0, 0x0, 0x0, 0x0, 0x4, 0xfa, 0x0, 0x3b,
    0xbb, 0xbb, 0xbb, 0xbb, 0xb5, 0x0, 0x0, 0x4,
    0xfa, 0x0, 0x4f, 0xff, 0xff, 0xff, 0xff, 0xf8,
    0x0, 0x0, 0x4, 0xfa, 0x0, 0x1, 0xbf, 0x61,
    0x11, 0x7f, 0xe0, 0x0, 0x0, 0x5, 0xfb, 0x0,
    0x0, 0x2f, 0xe2, 0x3, 0xff, 0x50, 0x0, 0xf,
    0xff, 0xff, 0xff, 0x20, 0x7, 0xfd, 0x3e, 0xf8,
    0x0, 0x0, 0xd, 0xde, 0xff, 0xdd, 0x20, 0x0,
    0xbf, 0xff, 0x90, 0x0, 0x0, 0x0, 0x4, 0xfa,
    0x0, 0x0, 0x3, 0xbf, 0xff, 0x91, 0x0, 0x0,
    0x0, 0x4, 0xfa, 0x0, 0x5, 0xbf, 0xfc, 0x7e,
    0xff, 0xa5, 0x10, 0x0, 0x4, 0xfa, 0x1, 0xff,
    0xfd, 0x50, 0x1, 0x8f, 0xff, 0xf1, 0x0, 0x4,
    0xfd, 0xbe, 0x7a, 0x40, 0xc, 0xf4, 0x0, 0x6b,
    0x60, 0x3, 0x8d, 0xff, 0xff, 0x0, 0x0, 0xc,
    0xf5, 0x0, 0x0, 0x0, 0x2f, 0xff, 0xfd, 0x61,
    0xe, 0xff, 0xff, 0xff, 0xff, 0xf6, 0x0, 0xc,
    0x98, 0xfa, 0x0, 0xb, 0xcc, 0xcf, 0xfd, 0xcc,
    0xc5, 0x0, 0x0, 0x4, 0xfa, 0x0, 0x0, 0x0,
    0xc, 0xf4, 0x0, 0x0, 0x0, 0x0, 0x4, 0xfa,
    0x0, 0xaa, 0xaa, 0xae, 0xfc, 0xaa, 0xaa, 0x90,
    0x0, 0x4, 0xfa, 0x0, 0xff, 0xff, 0xff, 0xff,
    0xff, 0xff, 0xd0, 0x0, 0x4, 0xfa, 0x0, 0x22,
    0x22, 0x2d, 0xf6, 0x22, 0x22, 0x20, 0x0, 0x5,
    0xfa, 0x0, 0x0, 0x0, 0xc, 0xf4, 0x0, 0x0,
    0x0, 0x7, 0xef, 0xf9, 0x0, 0x0, 0x0, 0xc,
    0xf4, 0x0, 0x0, 0x0, 0x3, 0xff, 0xb1, 0x0,
    0x0, 0x0, 0xc, 0xf4, 0x0, 0x0, 0x0, 0x0,
    0x0, 0x0, 0x0, 0x0, 0x0, 0x0, 0x0, 0x0,
    0x0, 0x0,

    /* U+6307 "指" */
    0x0, 0x2, 0xca, 0x0, 0x2, 0xba, 0x0, 0x0,
    0x0, 0x0, 0x0, 0x0, 0x2, 0xfd, 0x0, 0x2,
    0xfe, 0x0, 0x0, 0x5, 0x60, 0x0, 0x0, 0x2,
    0xfd, 0x0, 0x2, 0xfe, 0x1, 0x59, 0xef, 0xf6,
    0x0, 0x0, 0x2, 0xfd, 0x0, 0x2, 0xff, 0xcf,
    0xff, 0xea, 0x40, 0x0, 0x7, 0x79, 0xfe, 0x77,
    0x22, 0xff, 0xeb, 0x73, 0x0, 0x2, 0x0, 0x1f,
    0xff, 0xff, 0xff, 0x42, 0xfe, 0x0, 0x0, 0x0,
    0xd, 0xd0, 0x7, 0x78, 0xfe, 0x77, 0x22, 0xff,
    0x0, 0x0, 0x0, 0xf, 0xf0, 0x0, 0x2, 0xfd,
    0x0, 0x0, 0xff, 0xcb, 0xbb, 0xbb, 0xdf, 0xb0,
    0x0, 0x2, 0xfd, 0x0, 0x0, 0x7f, 0xff, 0xff,
    0xff, 0xfe, 0x30, 0x0, 0x2, 0xfd, 0x1, 0x20,
    0x0, 0x22, 0x22, 0x22, 0x20, 0x0, 0x0, 0x2,
    0xff, 0xbf, 0x80, 0x0, 0x0, 0x0, 0x0, 0x0,
    0x0, 0x15, 0x9d, 0xff, 0xff, 0x92, 0xff, 0xff,
    0xff, 0xff, 0xff, 0x20, 0x3f, 0xff, 0xff, 0x61,
    0x2, 0xff, 0xbb, 0xbb, 0xbb, 0xff, 0x20, 0xa,
    0x75, 0xfd, 0x0, 0x2, 0xfc, 0x0, 0x0, 0x0,
    0xef, 0x20, 0x0, 0x2, 0xfd, 0x0, 0x2, 0xfe,
    0x99, 0x99, 0x99, 0xff, 0x20, 0x0, 0x2, 0xfd,
    0x0, 0x2, 0xff, 0xff, 0xff, 0xff, 0xff, 0x20,
    0x0, 0x2, 0xfd, 0x0, 0x2, 0xfc, 0x0, 0x0,
    0x0, 0xef, 0x20, 0x0, 0x2, 0xfd, 0x0, 0x2,
    0xfc, 0x0, 0x0, 0x0, 0xef, 0x20, 0x0, 0x3,
    0xfd, 0x0, 0x2, 0xff, 0xbb, 0xbb, 0xbb, 0xff,
    0x20, 0x8, 0xef, 0xfb, 0x0, 0x2, 0xff, 0xff,
    0xff, 0xff, 0xff, 0x20, 0x4, 0xfe, 0xb2, 0x0,
    0x2, 0xfc, 0x0, 0x0, 0x0, 0xde, 0x20,

    /* U+6309 "按" */
    0x0, 0x2, 0x64, 0x0, 0x0, 0x0, 0x4, 0x60,
    0x0, 0x0, 0x0, 0x0, 0x5, 0xfb, 0x0, 0x0,
    0x0, 0xd, 0xf5, 0x0, 0x0, 0x0, 0x0, 0x5,
    0xfb, 0x0, 0x0, 0x0, 0x9, 0xfa, 0x0, 0x0,
    0x0, 0x0, 0x5, 0xfb, 0x0, 0x5a, 0xaa, 0xac,
    0xff, 0xaa, 0xaa, 0x90, 0x0, 0x5, 0xfb, 0x0,
    0x8f, 0xff, 0xff, 0xff, 0xff, 0xff, 0xe0, 0x2f,
    0xff, 0xff, 0xfe, 0x8f, 0x72, 0x22, 0x22, 0x22,
    0x3f, 0xe0, 0x2e, 0xee, 0xff, 0xed, 0x8f, 0x60,
    0x7e, 0x90, 0x0, 0x1f, 0xe0, 0x0, 0x5, 0xfb,
    0x0, 0x59, 0x30, 0xdf, 0x60, 0x0, 0x9, 0x80,
    0x0, 0x5, 0xfb, 0x0, 0x0, 0x2, 0xff, 0x10,
    0x0, 0x0, 0x0, 0x0, 0x5, 0xfb, 0x3, 0xff,
    0xff, 0xff, 0xff, 0xff, 0xff, 0xf3, 0x0, 0x5,
    0xfb, 0x6, 0xee, 0xef, 0xfe, 0xee, 0xef, 0xfe,
    0xe3, 0x0, 0x6, 0xff, 0xff, 0x20, 0x6f, 0xd0,
    0x0, 0x5f, 0xe0, 0x0, 0x29, 0xdf, 0xff, 0xfb,
    0x20, 0xdf, 0x60, 0x0, 0xaf, 0x90, 0x0, 0x3f,
    0xff, 0xfc, 0x10, 0x5, 0xff, 0x0, 0x0, 0xef,
    0x40, 0x0, 0x9, 0x45, 0xfb, 0x0, 0xb, 0xff,
    0xc3, 0x8, 0xfd, 0x0, 0x0, 0x0, 0x5, 0xfb,
    0x0, 0x0, 0x6e, 0xff, 0xbf, 0xf4, 0x0, 0x0,
    0x0, 0x5, 0xfb, 0x0, 0x0, 0x0, 0x7f, 0xff,
    0xe0, 0x0, 0x0, 0x0, 0x5, 0xfb, 0x0, 0x0,
    0x0, 0x8f, 0xff, 0xfe, 0x50, 0x0, 0x0, 0x5,
    0xfb, 0x0, 0x3, 0x8e, 0xff, 0x94, 0xdf, 0xfb,
    0x10, 0x9, 0xde, 0xf9, 0x0, 0xef, 0xff, 0xc3,
    0x0, 0x7, 0xff, 0xd0, 0x6, 0xff, 0xb1, 0x0,
    0x7d, 0x72, 0x0, 0x0, 0x0, 0x3d, 0x30, 0x0,
    0x0, 0x0, 0x0, 0x0, 0x0, 0x0, 0x0, 0x0,
    0x0, 0x0,

    /* U+63A5 "接" */
    0x0, 0x3, 0x51, 0x0, 0x0, 0x0, 0x1, 0x0,
    0x0, 0x0, 0x0, 0x0, 0xa, 0xf3, 0x0, 0x0,
    0x0, 0x8f, 0x80, 0x0, 0x0, 0x0, 0x0, 0xa,
    0xf3, 0x0, 0x23, 0x33, 0x4f, 0xf4, 0x33, 0x33,
    0x0, 0x0, 0xa, 0xf3, 0x0, 0xcf, 0xff, 0xff,
    0xff, 0xff, 0xff, 0x40, 0x0, 0xa, 0xf4, 0x0,
    0x79, 0xab, 0x99, 0x99, 0xba, 0x99, 0x20, 0x2f,
    0xff, 0xff, 0xf4, 0x1, 0xed, 0x0, 0x0, 0xdf,
    0x20, 0x0, 0x2e, 0xef, 0xfe, 0xe4, 0x0, 0x8f,
    0x70, 0x6, 0xfa, 0x0, 0x0, 0x0, 0xa, 0xf3,
    0x0, 0x11, 0x2e, 0x81, 0x1e, 0xf3, 0x11, 0x10,
    0x0, 0xa, 0xf3, 0x5, 0xff, 0xff, 0xff, 0xff,
    0xff, 0xff, 0xc0, 0x0, 0xa, 0xf3, 0x4, 0xbb,
    0xbb, 0xec, 0xbb, 0xbb, 0xbb, 0x90, 0x0, 0xa,
    0xf7, 0x91, 0x0, 0x1, 0xff, 0x10, 0x0, 0x0,
    0x0, 0x2, 0x6d, 0xff, 0xf4, 0x11, 0x18, 0xfa,
    0x11, 0x11, 0x11, 0x10, 0x5f, 0xff, 0xfc, 0x6b,
    0xff, 0xff, 0xff, 0xff, 0xff, 0xff, 0xf0, 0x1f,
    0xad, 0xf3, 0x6, 0xaa, 0xff, 0xca, 0xaa, 0xef,
    0xca, 0xa0, 0x0, 0xa, 0xf3, 0x0, 0x4, 0xfd,
    0x0, 0x0, 0xff, 0x20, 0x0, 0x0, 0xa, 0xf3,
    0x0, 0x1e, 0xfa, 0x20, 0x8, 0xfb, 0x0, 0x0,
    0x0, 0xa, 0xf3, 0x0, 0x3b, 0xff, 0xfc, 0x8f,
    0xf2, 0x0, 0x0, 0x0, 0xa, 0xf3, 0x0, 0x0,
    0x16, 0xdf, 0xff, 0xc1, 0x0, 0x0, 0x0, 0xa,
    0xf3, 0x0, 0x1, 0x5a, 0xff, 0xef, 0xff, 0x91,
    0x0, 0xb, 0xff, 0xf1, 0xa, 0xff, 0xff, 0xe8,
    0x11, 0x9f, 0xff, 0x30, 0x7, 0xfd, 0x60, 0x7,
    0xeb, 0x83, 0x0, 0x0, 0x2, 0xba, 0x0, 0x0,
    0x0, 0x0, 0x0, 0x0, 0x0, 0x0, 0x0, 0x0,
    0x0, 0x0,

    /* U+63D0 "提" */
    0x0, 0x5, 0xa4, 0x0, 0x0, 0x0, 0x0, 0x0,
    0x0, 0x0, 0x0, 0x0, 0x7, 0xf6, 0x0, 0xd,
    0xff, 0xff, 0xff, 0xff, 0xfd, 0x0, 0x0, 0x7,
    0xf6, 0x0, 0xe, 0xf8, 0x88, 0x88, 0x89, 0xfe,
    0x0, 0x0, 0x7, 0xf6, 0x0, 0xe, 0xf0, 0x0,
    0x0, 0x1, 0xfe, 0x0, 0x5, 0x5a, 0xf9, 0x53,
    0xe, 0xff, 0xff, 0xff, 0xff, 0xfe, 0x0, 0x1f,
    0xff, 0xff, 0xfb, 0xe, 0xf6, 0x66, 0x66, 0x67,
    0xfe, 0x0, 0xa, 0xad, 0xfc, 0xa7, 0xe, 0xf0,
    0x0, 0x0, 0x1, 0xfe, 0x0, 0x0, 0x7, 0xf6,
    0x0, 0xe, 0xff, 0xff, 0xff, 0xff, 0xfe, 0x0,
    0x0, 0x7, 0xf6, 0x0, 0x7, 0x88, 0x88, 0x88,
    0x88, 0x87, 0x0, 0x0, 0x7, 0xf6, 0x0, 0x0,
    0x0, 0x0, 0x0, 0x0, 0x0, 0x0, 0x0, 0x7,
    0xfa, 0xa8, 0xef, 0xff, 0xff, 0xff, 0xff, 0xff,
    0xf1, 0x3, 0x8d, 0xff, 0xfb, 0x9a, 0xaa, 0xaf,
    0xfb, 0xaa, 0xaa, 0xa1, 0x3f, 0xff, 0xfc, 0x50,
    0x4, 0x51, 0xd, 0xf1, 0x0, 0x0, 0x0, 0xc,
    0x9a, 0xf6, 0x0, 0xb, 0xf2, 0xd, 0xf2, 0x0,
    0x0, 0x0, 0x0, 0x7, 0xf6, 0x0, 0xe, 0xf0,
    0xd, 0xff, 0xff, 0xff, 0x0, 0x0, 0x7, 0xf6,
    0x0, 0x2f, 0xf1, 0xd, 0xfa, 0x99, 0x99, 0x0,
    0x0, 0x7, 0xf6, 0x0, 0x7f, 0xf7, 0xd, 0xf1,
    0x0, 0x0, 0x0, 0x0, 0x7, 0xf6, 0x0, 0xdf,
    0xbf, 0x3d, 0xf1, 0x0, 0x0, 0x0, 0x0, 0x8,
    0xf6, 0x7, 0xfb, 0xd, 0xff, 0xf1, 0x0, 0x0,
    0x0, 0x9, 0xde, 0xf5, 0x4f, 0xf3, 0x2, 0xdf,
    0xfe, 0xdd, 0xdd, 0xd7, 0x7, 0xff, 0xa0, 0x3e,
    0x60, 0x0, 0x6, 0xbe, 0xff, 0xff, 0xf4, 0x0,
    0x0, 0x0, 0x1, 0x0, 0x0, 0x0, 0x0, 0x0,
    0x0, 0x0,

    /* U+63D2 "插" */
    0x0, 0x6, 0x82, 0x0, 0x0, 0x0, 0x0, 0x0,
    0x2, 0x50, 0x0, 0x0, 0xbf, 0x40, 0x0, 0x13,
    0x46, 0x79, 0xce, 0xff, 0x60, 0x0, 0xb, 0xf4,
    0x0, 0xe, 0xff, 0xff, 0xff, 0xeb, 0x84, 0x0,
    0x0, 0xbf, 0x40, 0x0, 0x68, 0x76, 0xcf, 0x40,
    0x0, 0x0, 0x1, 0x1b, 0xf6, 0x10, 0x0, 0x0,
    0xa, 0xf3, 0x0, 0x0, 0x0, 0xef, 0xff, 0xff,
    0x42, 0x33, 0x33, 0xcf, 0x63, 0x33, 0x32, 0xd,
    0xef, 0xfe, 0xe4, 0xcf, 0xff, 0xff, 0xff, 0xff,
    0xff, 0xd0, 0x0, 0xbf, 0x40, 0x8, 0xaa, 0xaa,
    0xef, 0xca, 0xaa, 0xa9, 0x0, 0xb, 0xf4, 0x0,
    0x0, 0x1, 0x1a, 0xf3, 0x0, 0x0, 0x0, 0x0,
    0xbf, 0x40, 0x0, 0x5a, 0xfa, 0xaf, 0x3b, 0xbb,
    0xb0, 0x0, 0xb, 0xf9, 0xa6, 0x2f, 0xfc, 0x6b,
    0xf3, 0xff, 0xff, 0x11, 0x6a, 0xff, 0xff, 0x92,
    0xfa, 0x0, 0xaf, 0x30, 0xc, 0xf1, 0x2f, 0xff,
    0xf9, 0x30, 0x2f, 0xa0, 0xa, 0xf3, 0x0, 0xcf,
    0x10, 0x95, 0xcf, 0x40, 0x2, 0xfe, 0xaa, 0xaf,
    0x3a, 0xbe, 0xf1, 0x0, 0xb, 0xf4, 0x0, 0x2f,
    0xff, 0xea, 0xf3, 0xff, 0xff, 0x10, 0x0, 0xbf,
    0x40, 0x2, 0xfa, 0x0, 0xaf, 0x30, 0xc, 0xf1,
    0x0, 0xb, 0xf4, 0x0, 0x2f, 0xa0, 0xa, 0xf3,
    0x0, 0xcf, 0x10, 0x0, 0xbf, 0x40, 0x2, 0xfa,
    0x0, 0xbf, 0x40, 0xc, 0xf1, 0x0, 0xc, 0xf4,
    0x0, 0x2f, 0xff, 0xff, 0xff, 0xff, 0xff, 0x10,
    0x7f, 0xff, 0x20, 0x2, 0xff, 0xdd, 0xdd, 0xdd,
    0xdf, 0xf1, 0x2, 0xec, 0x60, 0x0, 0x2f, 0xa0,
    0x0, 0x0, 0x0, 0xcf, 0x10, 0x0, 0x0, 0x0,
    0x0, 0x0, 0x0, 0x0, 0x0, 0x0, 0x0,

    /* U+63E1 "握" */
    0x0, 0x7, 0x80, 0x0, 0x0, 0x0, 0x0, 0x0,
    0x0, 0x0, 0x0, 0x0, 0xd, 0xf1, 0x0, 0xaa,
    0xaa, 0xaa, 0xaa, 0xaa, 0xaa, 0x30, 0x0, 0xd,
    0xf1, 0x0, 0xff, 0xff, 0xff, 0xff, 0xff, 0xff,
    0x50, 0x0, 0xd, 0xf1, 0x0, 0xff, 0x0, 0x0,
    0x0, 0x0, 0xbf, 0x50, 0x0, 0xd, 0xf1, 0x0,
    0xff, 0x11, 0x11, 0x11, 0x11, 0xcf, 0x50, 0x1f,
    0xff, 0xff, 0xf5, 0xff, 0xff, 0xff, 0xff, 0xff,
    0xff, 0x50, 0x1c, 0xcf, 0xfc, 0xc4, 0xff, 0x88,
    0x88, 0x88, 0x88, 0x88, 0x30, 0x0, 0xd, 0xf1,
    0x0, 0xff, 0x99, 0x99, 0x99, 0x99, 0x99, 0x40,
    0x0, 0xd, 0xf1, 0x0, 0xff, 0xff, 0xff, 0xff,
    0xff, 0xff, 0x70, 0x0, 0xd, 0xf1, 0x0, 0xff,
    0x0, 0x7f, 0xd1, 0x18, 0x40, 0x0, 0x0, 0xd,
    0xf9, 0xd4, 0xfe, 0x2, 0xff, 0x20, 0x2f, 0xe1,
    0x0, 0x15, 0xaf, 0xff, 0xf7, 0xfe, 0x2d, 0xf9,
    0x45, 0x6b, 0xfb, 0x0, 0x5f, 0xff, 0xf8, 0x32,
    0xfc, 0x9f, 0xff, 0xff, 0xff, 0xff, 0x50, 0x1c,
    0x7e, 0xf1, 0x4, 0xfa, 0x39, 0x76, 0xef, 0x51,
    0x19, 0x20, 0x0, 0xd, 0xf1, 0x6, 0xf8, 0x0,
    0x0, 0xdf, 0x30, 0x0, 0x0, 0x0, 0xd, 0xf1,
    0x9, 0xf5, 0xdf, 0xff, 0xff, 0xff, 0xff, 0x50,
    0x0, 0xd, 0xf1, 0xd, 0xf2, 0x8a, 0xaa, 0xff,
    0xba, 0xaa, 0x30, 0x0, 0xd, 0xf1, 0x1f, 0xe0,
    0x0, 0x0, 0xdf, 0x30, 0x0, 0x0, 0x0, 0xd,
    0xf1, 0x8f, 0x90, 0x0, 0x0, 0xdf, 0x30, 0x0,
    0x0, 0xa, 0xaf, 0xf0, 0xef, 0x4a, 0xaa, 0xaa,
    0xff, 0xba, 0xaa, 0xa2, 0xb, 0xfd, 0x52, 0xcb,
    0x2f, 0xff, 0xff, 0xff, 0xff, 0xff, 0xf3, 0x0,
    0x0, 0x0, 0x0, 0x0, 0x0, 0x0, 0x0, 0x0,
    0x0, 0x0,

    /* U+6570 "数" */
    0x0, 0x0, 0x6, 0xb3, 0x2, 0x0, 0x3, 0x62,
    0x0, 0x0, 0x0, 0x1, 0xea, 0x9, 0xf5, 0xd,
    0xe1, 0x8, 0xf6, 0x0, 0x0, 0x0, 0x0, 0xaf,
    0x29, 0xf5, 0x6f, 0x80, 0xc, 0xf3, 0x0, 0x0,
    0x0, 0x0, 0x3f, 0x59, 0xf5, 0xbc, 0x0, 0xf,
    0xf0, 0x0, 0x0, 0x0, 0xa, 0xac, 0xad, 0xfc,
    0xab, 0xa7, 0x2f, 0xf7, 0x77, 0x77, 0x70, 0xf,
    0xff, 0xff, 0xff, 0xff, 0xfb, 0x6f, 0xff, 0xff,
    0xff, 0xf0, 0x0, 0x0, 0xbf, 0xff, 0xa1, 0x0,
    0xaf, 0xc6, 0x6b, 0xfa, 0x60, 0x0, 0x1c, 0xff,
    0xfb, 0xff, 0x61, 0xff, 0xb0, 0x9, 0xf4, 0x0,
    0x6, 0xef, 0x99, 0xf5, 0x3e, 0xa7, 0xff, 0xf0,
    0xc, 0xf1, 0x0, 0x1e, 0xf8, 0x9, 0xf5, 0x1,
    0x2f, 0xfc, 0xf2, 0xf, 0xe0, 0x0, 0x4, 0x30,
    0x18, 0x40, 0x0, 0x5f, 0xa5, 0xf7, 0x3f, 0xb0,
    0x0, 0x0, 0x0, 0x7f, 0x80, 0x0, 0x7, 0x31,
    0xfc, 0x8f, 0x70, 0x0, 0x8, 0xff, 0xff, 0xff,
    0xff, 0xc0, 0x0, 0xcf, 0xef, 0x10, 0x0, 0x5,
    0xae, 0xfc, 0xaa, 0xdf, 0x80, 0x0, 0x6f, 0xfb,
    0x0, 0x0, 0x0, 0x1f, 0xf1, 0x0, 0xdf, 0x20,
    0x0, 0x1f, 0xf5, 0x0, 0x0, 0x0, 0x9f, 0xe6,
    0xa, 0xf8, 0x0, 0x0, 0x7f, 0xfb, 0x0, 0x0,
    0x0, 0x17, 0xef, 0xef, 0xd0, 0x0, 0x4, 0xff,
    0xff, 0x70, 0x0, 0x0, 0x0, 0x2e, 0xff, 0xd4,
    0x0, 0x4f, 0xf6, 0x4f, 0xf5, 0x0, 0x0, 0x39,
    0xff, 0xa9, 0xfc, 0x1a, 0xff, 0x80, 0x8, 0xff,
    0x80, 0xe, 0xff, 0xd4, 0x0, 0x31, 0xdf, 0xf7,
    0x0, 0x0, 0x8f, 0xf2, 0x7, 0x93, 0x0, 0x0,
    0x0, 0x5c, 0x20, 0x0, 0x0, 0x5, 0x50, 0x0,
    0x0, 0x0, 0x0, 0x0, 0x0, 0x0, 0x0, 0x0,
    0x0, 0x0,

    /* U+6574 "整" */
    0x0, 0x0, 0x6, 0xa2, 0x0, 0x0, 0x2, 0x73,
    0x0, 0x0, 0x0, 0x5, 0x66, 0x6c, 0xf9, 0x66,
    0x61, 0x9, 0xf8, 0x0, 0x0, 0x0, 0xc, 0xff,
    0xff, 0xff, 0xff, 0xf4, 0xe, 0xf6, 0x44, 0x44,
    0x40, 0x1, 0x11, 0x1a, 0xf5, 0x11, 0x10, 0x7f,
    0xff, 0xff, 0xff, 0xf0, 0x3, 0xff, 0xff, 0xff,
    0xff, 0xc3, 0xff, 0xb6, 0x6c, 0xfa, 0x60, 0x3,
    0xfa, 0x5b, 0xf8, 0x5f, 0xee, 0xff, 0xd0, 0xe,
    0xf1, 0x0, 0x3, 0xf8, 0x2a, 0xf6, 0x2e, 0xd9,
    0xc6, 0xf8, 0x7f, 0xb0, 0x0, 0x3, 0xff, 0xff,
    0xff, 0xff, 0xd0, 0x10, 0xbf, 0xff, 0x20, 0x0,
    0x0, 0x12, 0xcf, 0xfc, 0xc4, 0x10, 0x0, 0x5f,
    0xfb, 0x0, 0x0, 0x0, 0x3d, 0xfd, 0xf8, 0xef,
    0x50, 0x19, 0xff, 0xff, 0xc3, 0x0, 0xa, 0xff,
    0x49, 0xf4, 0xa, 0x5a, 0xff, 0xe4, 0x1c, 0xff,
    0xc1, 0x7, 0xb2, 0x7, 0xc3, 0x0, 0x5, 0xe7,
    0x0, 0x0, 0x6d, 0x80, 0x0, 0x6b, 0xbb, 0xbb,
    0xbb, 0xbb, 0xbb, 0xbb, 0xbb, 0xb7, 0x0, 0x0,
    0x9f, 0xff, 0xff, 0xff, 0xff, 0xff, 0xff, 0xff,
    0xf9, 0x0, 0x0, 0x0, 0x0, 0x0, 0x1, 0xff,
    0x0, 0x0, 0x0, 0x0, 0x0, 0x0, 0x0, 0x24,
    0x10, 0x1, 0xff, 0x88, 0x88, 0x88, 0x0, 0x0,
    0x0, 0x0, 0x8f, 0x60, 0x1, 0xff, 0xff, 0xff,
    0xff, 0x0, 0x0, 0x0, 0x0, 0x8f, 0x60, 0x1,
    0xff, 0x0, 0x0, 0x0, 0x0, 0x0, 0x0, 0x0,
    0x8f, 0x60, 0x1, 0xff, 0x0, 0x0, 0x0, 0x0,
    0x0, 0xb, 0xbb, 0xef, 0xdb, 0xbc, 0xff, 0xbb,
    0xbb, 0xbb, 0xbb, 0xb0, 0xf, 0xff, 0xff, 0xff,
    0xff, 0xff, 0xff, 0xff, 0xff, 0xff, 0xf0,

    /* U+6587 "文" */
    0x0, 0x0, 0x0, 0x0, 0x4, 0xa9, 0x0, 0x0,
    0x0, 0x0, 0x0, 0x0, 0x0, 0x0, 0x0, 0x6,
    0xff, 0x20, 0x0, 0x0, 0x0, 0x0, 0x0, 0x0,
    0x0, 0x0, 0x0, 0xef, 0x90, 0x0, 0x0, 0x0,
    0x0, 0x0, 0x0, 0x0, 0x0, 0x0, 0x8e, 0x90,
    0x0, 0x0, 0x0, 0x0, 0xe, 0xff, 0xff, 0xff,
    0xff, 0xff, 0xff, 0xff, 0xff, 0xff, 0xf0, 0xe,
    0xff, 0xff, 0xff, 0xff, 0xff, 0xff, 0xff, 0xff,
    0xff, 0xf0, 0x1, 0x11, 0x5f, 0xe1, 0x11, 0x11,
    0x11, 0x1e, 0xf6, 0x11, 0x10, 0x0, 0x0, 0xd,
    0xf6, 0x0, 0x0, 0x0, 0x6f, 0xe0, 0x0, 0x0,
    0x0, 0x0, 0x5, 0xfe, 0x0, 0x0, 0x0, 0xef,
    0x70, 0x0, 0x0, 0x0, 0x0, 0x0, 0xdf, 0x60,
    0x0, 0x5, 0xff, 0x0, 0x0, 0x0, 0x0, 0x0,
    0x0, 0x5f, 0xf3, 0x0, 0x1e, 0xf8, 0x0, 0x0,
    0x0, 0x0, 0x0, 0x0, 0xa, 0xfe, 0x10, 0xcf,
    0xc0, 0x0, 0x0, 0x0, 0x0, 0x0, 0x0, 0x0,
    0xdf, 0xb9, 0xff, 0x20, 0x0, 0x0, 0x0, 0x0,
    0x0, 0x0, 0x0, 0x2f, 0xff, 0xf5, 0x0, 0x0,
    0x0, 0x0, 0x0, 0x0, 0x0, 0x0, 0xc, 0xff,
    0xe2, 0x0, 0x0, 0x0, 0x0, 0x0, 0x0, 0x0,
    0x5, 0xef, 0xff, 0xff, 0x70, 0x0, 0x0, 0x0,
    0x0, 0x0, 0x2, 0xbf, 0xfe, 0x43, 0xdf, 0xfd,
    0x30, 0x0, 0x0, 0x0, 0x5, 0xbf, 0xff, 0x90,
    0x0, 0x8, 0xff, 0xfd, 0x71, 0x0, 0x1a, 0xff,
    0xff, 0xc4, 0x0, 0x0, 0x0, 0x3c, 0xff, 0xff,
    0xb1, 0xb, 0xff, 0x93, 0x0, 0x0, 0x0, 0x0,
    0x0, 0x28, 0xef, 0xa0, 0x1, 0x60, 0x0, 0x0,
    0x0, 0x0, 0x0, 0x0, 0x0, 0x5, 0x10,

    /* U+65AD "断" */
    0x0, 0x0, 0x0, 0x67, 0x0, 0x0, 0x0, 0x0,
    0x1, 0x70, 0x1, 0xb8, 0x0, 0xc, 0xe0, 0x0,
    0x0, 0x0, 0x39, 0xff, 0xd2, 0x1f, 0xb4, 0xb0,
    0xce, 0x9, 0xa0, 0x5a, 0xef, 0xff, 0xc6, 0x1,
    0xfb, 0x4f, 0x2c, 0xe0, 0xfa, 0xf, 0xff, 0xb7,
    0x20, 0x0, 0x1f, 0xb0, 0xf6, 0xce, 0x4f, 0x40,
    0xfe, 0x0, 0x0, 0x0, 0x1, 0xfb, 0xd, 0x9c,
    0xea, 0xc0, 0xf, 0xe0, 0x0, 0x0, 0x0, 0x1f,
    0xb0, 0x30, 0xce, 0x12, 0x0, 0xfe, 0x0, 0x0,
    0x0, 0x1, 0xfb, 0xae, 0xef, 0xfe, 0xee, 0x2f,
    0xe0, 0x0, 0x0, 0x0, 0x1f, 0xba, 0xde, 0xff,
    0xdd, 0xd2, 0xff, 0xff, 0xff, 0xff, 0xa1, 0xfb,
    0x0, 0x5f, 0xf5, 0x0, 0xf, 0xfd, 0xdf, 0xfd,
    0xd9, 0x1f, 0xb0, 0xd, 0xff, 0xf5, 0x1, 0xfe,
    0x0, 0xdf, 0x10, 0x1, 0xfb, 0x7, 0xff, 0xfc,
    0xf4, 0x2f, 0xd0, 0xd, 0xf1, 0x0, 0x1f, 0xb4,
    0xfa, 0xce, 0x1e, 0xc3, 0xfd, 0x0, 0xdf, 0x10,
    0x1, 0xfc, 0xff, 0x1c, 0xe0, 0x51, 0x4f, 0xc0,
    0xd, 0xf1, 0x0, 0x1f, 0xbb, 0x40, 0xce, 0x0,
    0x5, 0xfa, 0x0, 0xdf, 0x10, 0x1, 0xfb, 0x0,
    0xc, 0xe0, 0x0, 0x8f, 0x80, 0xd, 0xf1, 0x0,
    0x1f, 0xb0, 0x0, 0x56, 0x0, 0xb, 0xf5, 0x0,
    0xdf, 0x10, 0x1, 0xff, 0xff, 0xff, 0xff, 0xf6,
    0xff, 0x20, 0xd, 0xf1, 0x0, 0x1c, 0xcc, 0xcc,
    0xcc, 0xcc, 0xbf, 0xe0, 0x0, 0xdf, 0x10, 0x0,
    0x0, 0x0, 0x0, 0x0, 0xc, 0xf8, 0x0, 0xd,
    0xf1, 0x0, 0x0, 0x0, 0x0, 0x0, 0x0, 0x2c,
    0x20, 0x0, 0xdf, 0x10, 0x0, 0x0, 0x0, 0x0,
    0x0, 0x0, 0x0, 0x0, 0x0, 0x0, 0x0,

    /* U+65B0 "新" */
    0x0, 0x0, 0x3, 0x30, 0x0, 0x0, 0x0, 0x0,
    0x0, 0x0, 0x0, 0x0, 0x0, 0x4f, 0xd0, 0x0,
    0x0, 0x0, 0x0, 0x38, 0xe8, 0x0, 0x1, 0x11,
    0x1d, 0xf5, 0x11, 0x10, 0x48, 0xbf, 0xff, 0xfd,
    0x30, 0xb, 0xff, 0xff, 0xff, 0xff, 0xf0, 0xdf,
    0xfd, 0xa6, 0x20, 0x0, 0x7, 0x9c, 0xb9, 0x99,
    0xeb, 0x90, 0xdf, 0x10, 0x0, 0x0, 0x0, 0x0,
    0x4f, 0x90, 0x4, 0xfc, 0x0, 0xdf, 0x0, 0x0,
    0x0, 0x0, 0x0, 0xf, 0xe0, 0x9, 0xf5, 0x0,
    0xdf, 0x0, 0x0, 0x0, 0x0, 0x2, 0x2c, 0xd3,
    0x3e, 0xf3, 0x21, 0xdf, 0x10, 0x0, 0x0, 0x0,
    0x1f, 0xff, 0xff, 0xff, 0xff, 0xf6, 0xdf, 0xff,
    0xff, 0xff, 0xf2, 0x8, 0x88, 0x8d, 0xfa, 0x88,
    0x83, 0xdf, 0xee, 0xef, 0xfe, 0xe2, 0x0, 0x0,
    0xa, 0xf3, 0x0, 0x0, 0xef, 0x0, 0x1f, 0xe0,
    0x0, 0xb, 0xbb, 0xbe, 0xfc, 0xbb, 0xb1, 0xef,
    0x0, 0x1f, 0xe0, 0x0, 0xf, 0xff, 0xff, 0xff,
    0xff, 0xf1, 0xff, 0x0, 0x1f, 0xe0, 0x0, 0x0,
    0x0, 0xa, 0xf3, 0x11, 0x1, 0xfe, 0x0, 0x1f,
    0xe0, 0x0, 0x0, 0x7e, 0x3a, 0xf3, 0xca, 0x1,
    0xfd, 0x0, 0x1f, 0xe0, 0x0, 0x0, 0xde, 0xa,
    0xf3, 0xaf, 0x33, 0xfb, 0x0, 0x1f, 0xe0, 0x0,
    0x6, 0xf8, 0xa, 0xf3, 0x2f, 0xa7, 0xf7, 0x0,
    0x1f, 0xe0, 0x0, 0x1e, 0xf1, 0xa, 0xf3, 0xc,
    0xdb, 0xf3, 0x0, 0x1f, 0xe0, 0x0, 0x7, 0x70,
    0xa, 0xf3, 0x2, 0x2f, 0xf0, 0x0, 0x1f, 0xe0,
    0x0, 0x0, 0x5, 0xbf, 0xf1, 0x0, 0x9f, 0x80,
    0x0, 0x1f, 0xe0, 0x0, 0x0, 0x3, 0xfe, 0x80,
    0x0, 0x2b, 0x10, 0x0, 0x1f, 0xe0, 0x0, 0x0,
    0x0, 0x0, 0x0, 0x0, 0x0, 0x0, 0x0, 0x0,
    0x0, 0x0,

    /* U+65F6 "时" */
    0x0, 0x0, 0x0, 0x0, 0x0, 0x0, 0x0, 0x0,
    0x33, 0x0, 0x0, 0x0, 0x0, 0x0, 0x0, 0x0,
    0x0, 0x0, 0x1f, 0xf0, 0x0, 0x19, 0x99, 0x99,
    0x99, 0x0, 0x0, 0x0, 0x1, 0xff, 0x0, 0x1,
    0xff, 0xff, 0xff, 0xf0, 0x0, 0x0, 0x0, 0x1f,
    0xf0, 0x0, 0x1f, 0xe4, 0x44, 0xef, 0x11, 0x11,
    0x11, 0x13, 0xff, 0x11, 0x1, 0xfd, 0x0, 0xe,
    0xf1, 0xff, 0xff, 0xff, 0xff, 0xff, 0xf7, 0x1f,
    0xd0, 0x0, 0xef, 0x1f, 0xff, 0xff, 0xff, 0xff,
    0xff, 0x71, 0xfd, 0x0, 0xe, 0xf0, 0x0, 0x0,
    0x0, 0x1f, 0xf0, 0x0, 0x1f, 0xfb, 0xbb, 0xff,
    0x0, 0x66, 0x0, 0x1, 0xff, 0x0, 0x1, 0xff,
    0xff, 0xff, 0xf0, 0x3f, 0xf2, 0x0, 0x1f, 0xf0,
    0x0, 0x1f, 0xd1, 0x11, 0xef, 0x0, 0x9f, 0xc0,
    0x1, 0xff, 0x0, 0x1, 0xfd, 0x0, 0xe, 0xf0,
    0x1, 0xef, 0x60, 0x1f, 0xf0, 0x0, 0x1f, 0xd0,
    0x0, 0xef, 0x0, 0x6, 0xff, 0x11, 0xff, 0x0,
    0x1, 0xfd, 0x0, 0xe, 0xf0, 0x0, 0xc, 0xf4,
    0x1f, 0xf0, 0x0, 0x1f, 0xd0, 0x0, 0xef, 0x0,
    0x0, 0x32, 0x1, 0xff, 0x0, 0x1, 0xff, 0xff,
    0xff, 0xf0, 0x0, 0x0, 0x0, 0x1f, 0xf0, 0x0,
    0x1f, 0xfd, 0xdd, 0xdd, 0x0, 0x0, 0x0, 0x1,
    0xff, 0x0, 0x1, 0xfd, 0x0, 0x0, 0x0, 0x0,
    0x0, 0x0, 0x1f, 0xf0, 0x0, 0x18, 0x70, 0x0,
    0x0, 0x0, 0x0, 0x10, 0x4, 0xff, 0x0, 0x0,
    0x0, 0x0, 0x0, 0x0, 0x0, 0x5f, 0xff, 0xff,
    0xd0, 0x0, 0x0, 0x0, 0x0, 0x0, 0x0, 0x0,
    0xef, 0xfd, 0xa2, 0x0, 0x0, 0x0, 0x0, 0x0,
    0x0, 0x0, 0x0, 0x0, 0x0, 0x0, 0x0,

    /* U+660E "明" */
    0x1, 0x11, 0x11, 0x11, 0x0, 0x66, 0x66, 0x66,
    0x66, 0x66, 0x1f, 0xff, 0xff, 0xff, 0x10, 0xef,
    0xff, 0xff, 0xff, 0xfe, 0x1f, 0xfd, 0xdd, 0xff,
    0x10, 0xef, 0x87, 0x77, 0x78, 0xfe, 0x1f, 0xc0,
    0x0, 0xdf, 0x10, 0xef, 0x10, 0x0, 0x2, 0xfe,
    0x1f, 0xc0, 0x0, 0xdf, 0x10, 0xef, 0x10, 0x0,
    0x2, 0xfe, 0x1f, 0xc0, 0x0, 0xdf, 0x10, 0xef,
    0x87, 0x77, 0x78, 0xfe, 0x1f, 0xfc, 0xcc, 0xff,
    0x10, 0xef, 0xff, 0xff, 0xff, 0xfe, 0x1f, 0xff,
    0xff, 0xff, 0x10, 0xef, 0x75, 0x55, 0x57, 0xfe,
    0x1f, 0xd0, 0x0, 0xdf, 0x10, 0xef, 0x10, 0x0,
    0x2, 0xfe, 0x1f, 0xc0, 0x0, 0xdf, 0x10, 0xff,
    0x0, 0x0, 0x2, 0xfe, 0x1f, 0xc0, 0x0, 0xdf,
    0x10, 0xff, 0x11, 0x11, 0x13, 0xfe, 0x1f, 0xc0,
    0x0, 0xdf, 0x11, 0xff, 0xff, 0xff, 0xff, 0xfe,
    0x1f, 0xfe, 0xee, 0xff, 0x15, 0xff, 0xdd, 0xdd,
    0xde, 0xfe, 0x1f, 0xff, 0xff, 0xff, 0x18, 0xf8,
    0x0, 0x0, 0x2, 0xfe, 0x1f, 0xd0, 0x0, 0x0,
    0xe, 0xf4, 0x0, 0x0, 0x2, 0xfe, 0x1f, 0xc0,
    0x0, 0x0, 0x6f, 0xe0, 0x0, 0x0, 0x2, 0xfe,
    0x3, 0x20, 0x0, 0x0, 0xef, 0x70, 0x0, 0x0,
    0x2, 0xfe, 0x0, 0x0, 0x0, 0xb, 0xfd, 0x0,
    0x0, 0x0, 0x3, 0xfe, 0x0, 0x0, 0x0, 0xbf,
    0xf2, 0x0, 0x0, 0xaf, 0xff, 0xfc, 0x0, 0x0,
    0x0, 0x5e, 0x30, 0x0, 0x0, 0x4f, 0xfe, 0xb2,
    0x0, 0x0, 0x0, 0x0, 0x0, 0x0, 0x0, 0x0,
    0x0, 0x0,

    /* U+663E "显" */
    0x0, 0x3, 0x99, 0x99, 0x99, 0x99, 0x99, 0x99,
    0x99, 0x30, 0x0, 0x0, 0x5, 0xff, 0xff, 0xff,
    0xff, 0xff, 0xff, 0xff, 0x60, 0x0, 0x0, 0x5,
    0xfb, 0x0, 0x0, 0x0, 0x0, 0x0, 0xbf, 0x60,
    0x0, 0x0, 0x5, 0xfb, 0x0, 0x0, 0x0, 0x0,
    0x0, 0xbf, 0x60, 0x0, 0x0, 0x5, 0xff, 0xff,
    0xff, 0xff, 0xff, 0xff, 0xff, 0x60, 0x0, 0x0,
    0x5, 0xfd, 0x88, 0x88, 0x88, 0x88, 0x88, 0xef,
    0x60, 0x0, 0x0, 0x5, 0xfb, 0x0, 0x0, 0x0,
    0x0, 0x0, 0xbf, 0x60, 0x0, 0x0, 0x5, 0xfe,
    0x99, 0x99, 0x99, 0x99, 0x99, 0xef, 0x60, 0x0,
    0x0, 0x5, 0xff, 0xff, 0xff, 0xff, 0xff, 0xff,
    0xff, 0x60, 0x0, 0x0, 0x0, 0x0, 0x0, 0x0,
    0x0, 0x0, 0x0, 0x0, 0x0, 0x0, 0x0, 0x0,
    0x0, 0x7, 0xf7, 0x0, 0x9f, 0x50, 0x1, 0x10,
    0x0, 0x0, 0x3e, 0x80, 0x8, 0xf7, 0x0, 0x9f,
    0x60, 0x9, 0xf5, 0x0, 0x0, 0xe, 0xf2, 0x8,
    0xf7, 0x0, 0x9f, 0x60, 0x2f, 0xe1, 0x0, 0x0,
    0x5, 0xfb, 0x8, 0xf7, 0x0, 0x9f, 0x60, 0xcf,
    0x50, 0x0, 0x0, 0x0, 0xdf, 0x38, 0xf7, 0x0,
    0x9f, 0x68, 0xfa, 0x0, 0x0, 0x0, 0x0, 0x59,
    0x18, 0xf7, 0x0, 0x9f, 0x64, 0xa0, 0x0, 0x0,
    0x0, 0x0, 0x0, 0x8, 0xf8, 0x0, 0x9f, 0x60,
    0x0, 0x0, 0x0, 0x3f, 0xff, 0xff, 0xff, 0xff,
    0xff, 0xff, 0xff, 0xff, 0xff, 0xf3, 0x3e, 0xee,
    0xee, 0xee, 0xee, 0xee, 0xee, 0xee, 0xee, 0xee,
    0xe3,

    /* U+66F4 "更" */
    0x4a, 0xaa, 0xaa, 0xaa, 0xaa, 0xaa, 0xaa, 0xaa,
    0xaa, 0xa9, 0x6, 0xff, 0xff, 0xff, 0xff, 0xff,
    0xff, 0xff, 0xff, 0xff, 0xd0, 0x12, 0x22, 0x22,
    0x22, 0x2c, 0xf9, 0x22, 0x22, 0x22, 0x22, 0x0,
    0x0, 0x0, 0x0, 0x0, 0xbf, 0x70, 0x0, 0x0,
    0x0, 0x0, 0x0, 0x6f, 0xff, 0xff, 0xff, 0xff,
    0xff, 0xff, 0xff, 0x70, 0x0, 0x6, 0xfd, 0xbb,
    0xbb, 0xef, 0xdb, 0xbb, 0xbe, 0xf7, 0x0, 0x0,
    0x6f, 0x80, 0x0, 0xb, 0xf7, 0x0, 0x0, 0x9f,
    0x70, 0x0, 0x6, 0xfc, 0x88, 0x88, 0xdf, 0xc8,
    0x88, 0x8d, 0xf7, 0x0, 0x0, 0x6f, 0xff, 0xff,
    0xff, 0xff, 0xff, 0xff, 0xff, 0x70, 0x0, 0x6,
    0xf9, 0x0, 0x0, 0xbf, 0x80, 0x0, 0x9, 0xf7,
    0x0, 0x0, 0x6f, 0x80, 0x0, 0xb, 0xf7, 0x0,
    0x0, 0x9f, 0x70, 0x0, 0x6, 0xff, 0xff, 0xff,
    0xff, 0xff, 0xff, 0xff, 0xf7, 0x0, 0x0, 0x5c,
    0xcc, 0xcc, 0xcf, 0xfc, 0xcc, 0xcc, 0xcc, 0x50,
    0x0, 0x0, 0x7e, 0x60, 0x5, 0xff, 0x0, 0x0,
    0x0, 0x0, 0x0, 0x0, 0x4, 0xff, 0x50, 0xdf,
    0x90, 0x0, 0x0, 0x0, 0x0, 0x0, 0x0, 0x7,
    0xff, 0xcf, 0xe1, 0x0, 0x0, 0x0, 0x0, 0x0,
    0x0, 0x0, 0xa, 0xff, 0xfa, 0x10, 0x0, 0x0,
    0x0, 0x0, 0x0, 0x2, 0x7d, 0xff, 0xff, 0xff,
    0xc9, 0x64, 0x21, 0x0, 0x0, 0x7e, 0xff, 0xff,
    0x81, 0x5b, 0xff, 0xff, 0xff, 0xff, 0xff, 0x51,
    0xef, 0xb6, 0x10, 0x0, 0x0, 0x37, 0x9b, 0xde,
    0xff, 0xe0, 0x1, 0x0, 0x0, 0x0, 0x0, 0x0,
    0x0, 0x0, 0x0, 0x0, 0x0,

    /* U+6709 "有" */
    0x0, 0x0, 0x0, 0x0, 0x67, 0x20, 0x0, 0x0,
    0x0, 0x0, 0x0, 0x0, 0x0, 0x0, 0xe, 0xf6,
    0x0, 0x0, 0x0, 0x0, 0x0, 0x0, 0x0, 0x0,
    0x3, 0xff, 0x10, 0x0, 0x0, 0x0, 0x0, 0x0,
    0x7e, 0xee, 0xee, 0xff, 0xfe, 0xee, 0xee, 0xee,
    0xee, 0xed, 0x8, 0xff, 0xff, 0xff, 0xff, 0xff,
    0xff, 0xff, 0xff, 0xff, 0xe0, 0x0, 0x0, 0x9,
    0xfc, 0x0, 0x0, 0x0, 0x0, 0x0, 0x0, 0x0,
    0x0, 0x3, 0xff, 0x40, 0x0, 0x0, 0x0, 0x0,
    0x0, 0x0, 0x0, 0x0, 0xdf, 0xfc, 0xcc, 0xcc,
    0xcc, 0xcc, 0xc4, 0x0, 0x0, 0x0, 0x7f, 0xff,
    0xff, 0xff, 0xff, 0xff, 0xff, 0x50, 0x0, 0x0,
    0x4f, 0xff, 0xa0, 0x0, 0x0, 0x0, 0xa, 0xf5,
    0x0, 0x0, 0x3f, 0xfe, 0xfa, 0x0, 0x0, 0x0,
    0x0, 0xaf, 0x50, 0x0, 0x6f, 0xf9, 0x6f, 0xff,
    0xff, 0xff, 0xff, 0xff, 0xf5, 0x0, 0xc, 0xf9,
    0x6, 0xfe, 0xcc, 0xcc, 0xcc, 0xcc, 0xef, 0x50,
    0x0, 0x17, 0x0, 0x6f, 0xa0, 0x0, 0x0, 0x0,
    0xa, 0xf5, 0x0, 0x0, 0x0, 0x6, 0xfa, 0x0,
    0x0, 0x0, 0x0, 0xaf, 0x50, 0x0, 0x0, 0x0,
    0x6f, 0xff, 0xff, 0xff, 0xff, 0xff, 0xf5, 0x0,
    0x0, 0x0, 0x6, 0xfe, 0xbb, 0xbb, 0xbb, 0xbb,
    0xef, 0x50, 0x0, 0x0, 0x0, 0x6f, 0xa0, 0x0,
    0x0, 0x0, 0xa, 0xf5, 0x0, 0x0, 0x0, 0x6,
    0xfa, 0x0, 0x0, 0x0, 0x0, 0xbf, 0x50, 0x0,
    0x0, 0x0, 0x6f, 0xa0, 0x0, 0x0, 0xff, 0xff,
    0xf3, 0x0, 0x0, 0x0, 0x6, 0xfa, 0x0, 0x0,
    0xb, 0xff, 0xd7, 0x0, 0x0,

    /* U+672C "本" */
    0x0, 0x0, 0x0, 0x0, 0x0, 0x56, 0x10, 0x0,
    0x0, 0x0, 0x0, 0x0, 0x0, 0x0, 0x0, 0x0,
    0xef, 0x40, 0x0, 0x0, 0x0, 0x0, 0x0, 0x0,
    0x0, 0x0, 0x0, 0xef, 0x40, 0x0, 0x0, 0x0,
    0x0, 0x0, 0x0, 0x0, 0x0, 0x0, 0xef, 0x40,
    0x0, 0x0, 0x0, 0x0, 0x0, 0x11, 0x11, 0x11,
    0x11, 0xef, 0x51, 0x11, 0x11, 0x11, 0x10, 0x6,
    0xff, 0xff, 0xff, 0xff, 0xff, 0xff, 0xff, 0xff,
    0xff, 0xe0, 0x6, 0xff, 0xff, 0xff, 0xff, 0xff,
    0xff, 0xff, 0xff, 0xff, 0xe0, 0x0, 0x0, 0x0,
    0x8, 0xf9, 0xef, 0x9f, 0xd0, 0x0, 0x0, 0x0,
    0x0, 0x0, 0x0, 0x1f, 0xf2, 0xef, 0x4c, 0xf5,
    0x0, 0x0, 0x0, 0x0, 0x0, 0x0, 0x8f, 0xa0,
    0xef, 0x45, 0xfd, 0x0, 0x0, 0x0, 0x0, 0x0,
    0x2, 0xff, 0x20, 0xef, 0x40, 0xdf, 0x80, 0x0,
    0x0, 0x0, 0x0, 0xc, 0xfa, 0x0, 0xef, 0x40,
    0x5f, 0xf3, 0x0, 0x0, 0x0, 0x0, 0x9f, 0xd0,
    0x0, 0xef, 0x40, 0x9, 0xfe, 0x20, 0x0, 0x0,
    0x7, 0xff, 0x30, 0x0, 0xef, 0x40, 0x0, 0xdf,
    0xd1, 0x0, 0x0, 0x7f, 0xfa, 0x22, 0x22, 0xef,
    0x62, 0x22, 0x5f, 0xfd, 0x30, 0xa, 0xff, 0x9d,
    0xff, 0xff, 0xff, 0xff, 0xff, 0xf8, 0xff, 0xf3,
    0x6, 0xf8, 0xc, 0xff, 0xff, 0xff, 0xff, 0xff,
    0xf3, 0x3e, 0x90, 0x0, 0x30, 0x0, 0x0, 0x0,
    0xef, 0x40, 0x0, 0x0, 0x2, 0x0, 0x0, 0x0,
    0x0, 0x0, 0x0, 0xef, 0x40, 0x0, 0x0, 0x0,
    0x0, 0x0, 0x0, 0x0, 0x0, 0x0, 0xef, 0x40,
    0x0, 0x0, 0x0, 0x0, 0x0, 0x0, 0x0, 0x0,
    0x0, 0xef, 0x40, 0x0, 0x0, 0x0, 0x0,

    /* U+6735 "朵" */
    0x0, 0x0, 0x3, 0xff, 0xff, 0xff, 0xff, 0xfd,
    0x0, 0x0, 0x0, 0x0, 0x0, 0x3, 0xff, 0xff,
    0xff, 0xff, 0xfe, 0x0, 0x0, 0x0, 0x0, 0x0,
    0x4, 0xfe, 0x0, 0x0, 0x4, 0xfe, 0x0, 0x0,
    0x0, 0x0, 0x0, 0x5, 0xfc, 0x0, 0x0, 0x3,
    0xfe, 0x0, 0x0, 0x0, 0x0, 0x0, 0xa, 0xf9,
    0x0, 0x0, 0x3, 0xfe, 0x0, 0x0, 0x0, 0x0,
    0x0, 0x3f, 0xf3, 0x0, 0x0, 0x3, 0xfe, 0x0,
    0x0, 0x0, 0x0, 0x4, 0xff, 0xa0, 0x0, 0x0,
    0x2, 0xff, 0x10, 0x1, 0x0, 0x3, 0xbf, 0xfb,
    0x0, 0x0, 0x21, 0x0, 0xff, 0xff, 0xff, 0x70,
    0x3, 0xff, 0x80, 0x0, 0x6, 0xfc, 0x0, 0x5c,
    0xee, 0xee, 0x60, 0x0, 0x41, 0x0, 0x0, 0x6,
    0xfc, 0x0, 0x0, 0x0, 0x0, 0x0, 0xd, 0xee,
    0xee, 0xee, 0xef, 0xff, 0xee, 0xee, 0xee, 0xee,
    0x60, 0xe, 0xff, 0xff, 0xff, 0xff, 0xff, 0xff,
    0xff, 0xff, 0xff, 0x60, 0x0, 0x0, 0x0, 0x3,
    0xef, 0xff, 0xfa, 0x0, 0x0, 0x0, 0x0, 0x0,
    0x0, 0x0, 0x3e, 0xfc, 0xfd, 0xcf, 0xa0, 0x0,
    0x0, 0x0, 0x0, 0x0, 0x7, 0xff, 0x56, 0xfc,
    0xc, 0xfd, 0x30, 0x0, 0x0, 0x0, 0x3, 0xcf,
    0xf4, 0x6, 0xfc, 0x0, 0xbf, 0xf9, 0x10, 0x0,
    0x4, 0xbf, 0xfe, 0x30, 0x6, 0xfc, 0x0, 0x7,
    0xff, 0xf9, 0x30, 0x2f, 0xff, 0xa1, 0x0, 0x6,
    0xfc, 0x0, 0x0, 0x2c, 0xff, 0xa0, 0x5, 0xb3,
    0x0, 0x0, 0x6, 0xfc, 0x0, 0x0, 0x0, 0x4a,
    0x0, 0x0, 0x0, 0x0, 0x0, 0x6, 0xfc, 0x0,
    0x0, 0x0, 0x0, 0x0,

    /* U+673A "机" */
    0x0, 0x0, 0x26, 0x30, 0x0, 0x0, 0x0, 0x0,
    0x0, 0x0, 0x0, 0x0, 0x0, 0x6f, 0x80, 0x0,
    0x1, 0x11, 0x11, 0x11, 0x0, 0x0, 0x0, 0x0,
    0x6f, 0x80, 0x0, 0x1f, 0xff, 0xff, 0xff, 0x40,
    0x0, 0x0, 0x0, 0x6f, 0x80, 0x0, 0x1f, 0xfe,
    0xee, 0xff, 0x40, 0x0, 0x0, 0x0, 0x6f, 0x80,
    0x0, 0x1f, 0xe0, 0x0, 0xcf, 0x40, 0x0, 0xd,
    0xee, 0xff, 0xfe, 0xe9, 0x1f, 0xe0, 0x0, 0xcf,
    0x40, 0x0, 0xe, 0xff, 0xff, 0xff, 0xfa, 0x1f,
    0xe0, 0x0, 0xcf, 0x40, 0x0, 0x0, 0x0, 0xef,
    0x90, 0x0, 0x1f, 0xe0, 0x0, 0xcf, 0x40, 0x0,
    0x0, 0x3, 0xff, 0x90, 0x0, 0x1f, 0xe0, 0x0,
    0xcf, 0x40, 0x0, 0x0, 0x9, 0xff, 0xf3, 0x0,
    0x2f, 0xe0, 0x0, 0xcf, 0x40, 0x0, 0x0, 0xe,
    0xff, 0xfe, 0x20, 0x2f, 0xd0, 0x0, 0xcf, 0x40,
    0x0, 0x0, 0x4f, 0xdf, 0xcf, 0xd1, 0x3f, 0xd0,
    0x0, 0xcf, 0x40, 0x0, 0x0, 0xcf, 0x7f, 0x88,
    0xfa, 0x4f, 0xb0, 0x0, 0xcf, 0x40, 0x0, 0x5,
    0xf9, 0x6f, 0x80, 0xd3, 0x7f, 0x80, 0x0, 0xcf,
    0x40, 0x0, 0x1e, 0xf2, 0x6f, 0x80, 0x10, 0x9f,
    0x60, 0x0, 0xcf, 0x40, 0x0, 0x4f, 0xa0, 0x6f,
    0x80, 0x0, 0xef, 0x20, 0x0, 0xcf, 0x40, 0xb3,
    0xb, 0x10, 0x6f, 0x80, 0x4, 0xfc, 0x0, 0x0,
    0xcf, 0x40, 0xe9, 0x0, 0x0, 0x6f, 0x80, 0xb,
    0xf7, 0x0, 0x0, 0xcf, 0x40, 0xf9, 0x0, 0x0,
    0x6f, 0x80, 0x6f, 0xe1, 0x0, 0x0, 0xcf, 0x41,
    0xf8, 0x0, 0x0, 0x6f, 0x82, 0xff, 0x40, 0x0,
    0x0, 0xaf, 0xff, 0xf5, 0x0, 0x0, 0x6f, 0x80,
    0x78, 0x0, 0x0, 0x0, 0x3d, 0xff, 0xa0,

    /* U+677E "松" */
    0x0, 0x0, 0x56, 0x0, 0x0, 0x0, 0x0, 0x0,
    0x0, 0x0, 0x0, 0x0, 0x0, 0xef, 0x10, 0x0,
    0x4, 0x95, 0x3, 0xb8, 0x0, 0x0, 0x0, 0x0,
    0xef, 0x10, 0x0, 0xa, 0xf9, 0x3, 0xfe, 0x0,
    0x0, 0x0, 0x0, 0xef, 0x10, 0x0, 0xf, 0xf4,
    0x0, 0xef, 0x30, 0x0, 0x0, 0x0, 0xef, 0x20,
    0x0, 0x4f, 0xf0, 0x0, 0xaf, 0x90, 0x0, 0x2f,
    0xff, 0xff, 0xff, 0xc0, 0x9f, 0xa0, 0x0, 0x4f,
    0xf1, 0x0, 0x2e, 0xee, 0xff, 0xee, 0xb1, 0xff,
    0x50, 0x0, 0xd, 0xfa, 0x0, 0x0, 0x4, 0xff,
    0x20, 0x8, 0xfd, 0x3, 0x20, 0x6, 0xff, 0x40,
    0x0, 0x9, 0xff, 0xa0, 0x2f, 0xf6, 0xc, 0xf7,
    0x0, 0xdf, 0xd0, 0x0, 0xe, 0xff, 0xf5, 0x8f,
    0xc0, 0x1f, 0xf3, 0x0, 0x4f, 0x80, 0x0, 0x3f,
    0xff, 0xfe, 0x15, 0x20, 0x6f, 0xe0, 0x0, 0x5,
    0x0, 0x0, 0x8f, 0xff, 0x8f, 0xb0, 0x0, 0xcf,
    0x80, 0x0, 0x0, 0x0, 0x1, 0xfa, 0xef, 0x2e,
    0xf2, 0x1, 0xff, 0x30, 0x0, 0x0, 0x0, 0x8,
    0xf5, 0xef, 0x16, 0x60, 0x7, 0xfd, 0x0, 0x9e,
    0x10, 0x0, 0x2f, 0xe0, 0xef, 0x10, 0x0, 0xe,
    0xf5, 0x0, 0x9f, 0x80, 0x0, 0x2f, 0x60, 0xef,
    0x10, 0x0, 0x5f, 0xd0, 0x0, 0x2f, 0xf1, 0x0,
    0x8, 0x0, 0xef, 0x10, 0x0, 0xdf, 0x60, 0x0,
    0xa, 0xf8, 0x0, 0x0, 0x0, 0xef, 0x10, 0x6,
    0xff, 0x56, 0x79, 0xbe, 0xfe, 0x0, 0x0, 0x0,
    0xef, 0x10, 0x2f, 0xff, 0xff, 0xff, 0xff, 0xff,
    0x50, 0x0, 0x0, 0xef, 0x10, 0xd, 0xff, 0xca,
    0x86, 0x31, 0x7f, 0xa0, 0x0, 0x0, 0xef, 0x10,
    0x3, 0x20, 0x0, 0x0, 0x0, 0x25, 0x0,

    /* U+67A2 "枢" */
    0x0, 0x0, 0x56, 0x0, 0x0, 0x0, 0x0, 0x0,
    0x0, 0x0, 0x0, 0x0, 0x0, 0xef, 0x0, 0x2,
    0x22, 0x22, 0x22, 0x22, 0x22, 0x10, 0x0, 0x0,
    0xef, 0x0, 0xf, 0xff, 0xff, 0xff, 0xff, 0xff,
    0xb0, 0x0, 0x0, 0xef, 0x0, 0xf, 0xfc, 0xcc,
    0xcc, 0xcc, 0xcc, 0x90, 0x2, 0x22, 0xff, 0x22,
    0x1f, 0xf0, 0x0, 0x0, 0x0, 0x0, 0x0, 0xf,
    0xff, 0xff, 0xff, 0x7f, 0xf1, 0x63, 0x0, 0x5,
    0xf8, 0x0, 0xc, 0xcc, 0xff, 0xcc, 0x5f, 0xf5,
    0xfd, 0x10, 0xc, 0xf5, 0x0, 0x0, 0x5, 0xff,
    0x0, 0xf, 0xf1, 0xaf, 0xb0, 0x3f, 0xd0, 0x0,
    0x0, 0xa, 0xff, 0x90, 0xf, 0xf0, 0xd, 0xf8,
    0xaf, 0x60, 0x0, 0x0, 0xf, 0xff, 0xf4, 0xf,
    0xf0, 0x2, 0xff, 0xfe, 0x0, 0x0, 0x0, 0x5f,
    0xff, 0xce, 0xf, 0xf0, 0x0, 0x5f, 0xf8, 0x0,
    0x0, 0x0, 0xbe, 0xff, 0x4f, 0x5f, 0xf0, 0x0,
    0x4f, 0xfb, 0x0, 0x0, 0x2, 0xf8, 0xef, 0x7,
    0xf, 0xf0, 0x1, 0xef, 0xff, 0x60, 0x0, 0xb,
    0xf2, 0xef, 0x0, 0xf, 0xf0, 0xa, 0xfb, 0x5f,
    0xf1, 0x0, 0x4f, 0xb0, 0xef, 0x0, 0xf, 0xf0,
    0x8f, 0xf1, 0xb, 0xf9, 0x0, 0xe, 0x30, 0xef,
    0x0, 0xf, 0xf7, 0xff, 0x50, 0x2, 0xfe, 0x0,
    0x3, 0x0, 0xef, 0x0, 0xf, 0xf3, 0xd7, 0x0,
    0x0, 0x71, 0x0, 0x0, 0x0, 0xef, 0x0, 0xf,
    0xf0, 0x0, 0x0, 0x0, 0x0, 0x0, 0x0, 0x0,
    0xef, 0x0, 0xf, 0xfe, 0xee, 0xee, 0xee, 0xee,
    0xe3, 0x0, 0x0, 0xef, 0x0, 0xe, 0xff, 0xff,
    0xff, 0xff, 0xff, 0xf3, 0x0, 0x0, 0xef, 0x0,
    0x0, 0x0, 0x0, 0x0, 0x0, 0x0, 0x0,

    /* U+6846 "框" */
    0x0, 0x0, 0x65, 0x0, 0x0, 0x0, 0x0, 0x0,
    0x0, 0x0, 0x0, 0x0, 0x1, 0xfd, 0x0, 0x1,
    0x11, 0x11, 0x11, 0x11, 0x11, 0x10, 0x0, 0x1,
    0xfd, 0x0, 0x2f, 0xff, 0xff, 0xff, 0xff, 0xff,
    0xf1, 0x0, 0x1, 0xfd, 0x0, 0x2f, 0xfc, 0xcc,
    0xcc, 0xcc, 0xcc, 0xc1, 0x1, 0x12, 0xfd, 0x11,
    0x2f, 0xd0, 0x0, 0x0, 0x0, 0x0, 0x0, 0x1f,
    0xff, 0xff, 0xff, 0x3f, 0xd4, 0xcc, 0xcc, 0xcc,
    0xcc, 0x70, 0x1c, 0xcd, 0xff, 0xcc, 0x3f, 0xd5,
    0xff, 0xff, 0xff, 0xff, 0x90, 0x0, 0x7, 0xfe,
    0x10, 0x2f, 0xd0, 0x0, 0x1f, 0xd0, 0x0, 0x0,
    0x0, 0xc, 0xff, 0xc0, 0x2f, 0xd0, 0x0, 0x1f,
    0xd0, 0x0, 0x0, 0x0, 0x2f, 0xff, 0xfb, 0x2f,
    0xd0, 0x11, 0x3f, 0xd1, 0x11, 0x0, 0x0, 0x7f,
    0xfd, 0xcf, 0xaf, 0xd0, 0xff, 0xff, 0xff, 0xff,
    0x10, 0x0, 0xee, 0xfd, 0x2f, 0x6f, 0xd0, 0x99,
    0xaf, 0xf9, 0x99, 0x10, 0x7, 0xf7, 0xfd, 0x2,
    0x2f, 0xd0, 0x0, 0x1f, 0xd0, 0x0, 0x0, 0x2f,
    0xe1, 0xfd, 0x0, 0x2f, 0xd0, 0x0, 0x1f, 0xd0,
    0x0, 0x0, 0x4f, 0x61, 0xfd, 0x0, 0x2f, 0xd6,
    0xbb, 0xcf, 0xfb, 0xbb, 0x80, 0x9, 0x1, 0xfd,
    0x0, 0x2f, 0xd8, 0xff, 0xff, 0xff, 0xff, 0xb0,
    0x0, 0x1, 0xfd, 0x0, 0x2f, 0xd0, 0x0, 0x0,
    0x0, 0x0, 0x0, 0x0, 0x1, 0xfd, 0x0, 0x2f,
    0xd0, 0x0, 0x0, 0x0, 0x0, 0x0, 0x0, 0x1,
    0xfd, 0x0, 0x2f, 0xff, 0xff, 0xff, 0xff, 0xff,
    0xf7, 0x0, 0x1, 0xfd, 0x0, 0x2d, 0xdd, 0xdd,
    0xdd, 0xdd, 0xdd, 0xd6, 0x0, 0x1, 0xfd, 0x0,
    0x0, 0x0, 0x0, 0x0, 0x0, 0x0, 0x0,

    /* U+684C "桌" */
    0x0, 0x0, 0x0, 0x0, 0x2, 0x76, 0x0, 0x0,
    0x0, 0x0, 0x0, 0x0, 0x0, 0x0, 0x0, 0x4,
    0xfd, 0x0, 0x0, 0x0, 0x0, 0x0, 0x0, 0x0,
    0x0, 0x0, 0x4, 0xff, 0xff, 0xff, 0xff, 0xfe,
    0x0, 0x0, 0x0, 0x0, 0x0, 0x4, 0xff, 0x99,
    0x99, 0x99, 0x99, 0x0, 0x0, 0x0, 0x0, 0x0,
    0x5, 0xfd, 0x0, 0x0, 0x0, 0x0, 0x0, 0x0,
    0x8, 0xff, 0xff, 0xff, 0xff, 0xff, 0xff, 0xff,
    0x90, 0x0, 0x0, 0x8, 0xfc, 0x77, 0x77, 0x77,
    0x77, 0x77, 0xcf, 0x90, 0x0, 0x0, 0x8, 0xf9,
    0x33, 0x33, 0x33, 0x33, 0x33, 0xaf, 0x90, 0x0,
    0x0, 0x8, 0xff, 0xff, 0xff, 0xff, 0xff, 0xff,
    0xff, 0x90, 0x0, 0x0, 0x8, 0xfa, 0x33, 0x33,
    0x33, 0x33, 0x33, 0xaf, 0x90, 0x0, 0x0, 0x8,
    0xfb, 0x77, 0x77, 0x77, 0x77, 0x77, 0xcf, 0x90,
    0x0, 0x0, 0x8, 0xff, 0xff, 0xff, 0xff, 0xff,
    0xff, 0xff, 0x90, 0x0, 0x0, 0x0, 0x0, 0x0,
    0x2, 0xff, 0x0, 0x0, 0x0, 0x0, 0x0, 0x9,
    0xaa, 0xaa, 0xaa, 0xab, 0xff, 0xaa, 0xaa, 0xaa,
    0xaa, 0x90, 0xd, 0xff, 0xff, 0xff, 0xff, 0xff,
    0xff, 0xff, 0xff, 0xff, 0xe0, 0x0, 0x0, 0x0,
    0x6, 0xff, 0xff, 0xef, 0x50, 0x0, 0x0, 0x0,
    0x0, 0x0, 0x1, 0xaf, 0xe4, 0xff, 0x3e, 0xf9,
    0x10, 0x0, 0x0, 0x0, 0x0, 0x7f, 0xfc, 0x11,
    0xff, 0x2, 0xdf, 0xf8, 0x10, 0x0, 0x3, 0x9f,
    0xff, 0x70, 0x1, 0xff, 0x0, 0x9, 0xff, 0xfa,
    0x60, 0xd, 0xff, 0xa2, 0x0, 0x1, 0xff, 0x0,
    0x0, 0x2b, 0xff, 0xb0, 0x3, 0x92, 0x0, 0x0,
    0x1, 0xff, 0x0, 0x0, 0x0, 0x28, 0x10,

    /* U+695A "楚" */
    0x0, 0x0, 0xa, 0xa0, 0x0, 0x0, 0x0, 0x4a,
    0x70, 0x0, 0x0, 0x0, 0x0, 0xf, 0xf0, 0x0,
    0x0, 0x0, 0x6f, 0xa0, 0x0, 0x0, 0x7, 0xbb,
    0xbf, 0xfb, 0xbb, 0x1b, 0xbb, 0xdf, 0xeb, 0xbb,
    0x30, 0xa, 0xff, 0xff, 0xff, 0xff, 0x2f, 0xff,
    0xff, 0xff, 0xff, 0x40, 0x0, 0x3, 0xff, 0xfc,
    0x30, 0x0, 0xa, 0xff, 0xf7, 0x0, 0x0, 0x0,
    0x1e, 0xff, 0xfe, 0xf6, 0x0, 0x9f, 0xef, 0xef,
    0xa0, 0x0, 0x3, 0xdf, 0x5f, 0xf2, 0xed, 0x1a,
    0xfc, 0x6f, 0xa7, 0xfc, 0x10, 0x2f, 0xf7, 0xf,
    0xf0, 0x23, 0xcf, 0xd1, 0x6f, 0xa0, 0x8f, 0x90,
    0x7, 0x70, 0xf, 0xf0, 0x0, 0x3a, 0x0, 0x6f,
    0xa0, 0x8, 0x10, 0x0, 0x0, 0x6, 0x60, 0x0,
    0x0, 0x0, 0x25, 0x30, 0x0, 0x0, 0x7, 0xee,
    0xee, 0xee, 0xee, 0xee, 0xee, 0xee, 0xee, 0xed,
    0x30, 0x8, 0xff, 0xff, 0xff, 0xff, 0xff, 0xff,
    0xff, 0xff, 0xff, 0x10, 0x0, 0x0, 0x12, 0x10,
    0x6, 0xfb, 0x0, 0x0, 0x5, 0xfa, 0x0, 0x0,
    0x0, 0x9f, 0x90, 0x6, 0xfb, 0x0, 0x0, 0x8,
    0xe2, 0x0, 0x0, 0x0, 0xcf, 0x60, 0x6, 0xff,
    0xcc, 0xcc, 0xcb, 0x0, 0x0, 0x0, 0x1, 0xff,
    0x70, 0x6, 0xff, 0xff, 0xff, 0xfe, 0x0, 0x0,
    0x0, 0x7, 0xff, 0xe1, 0x6, 0xfc, 0x0, 0x0,
    0x0, 0x0, 0x0, 0x0, 0x2f, 0xfd, 0xfc, 0x26,
    0xfb, 0x0, 0x0, 0x0, 0x0, 0x0, 0x1, 0xcf,
    0xc0, 0xcf, 0xfc, 0xfc, 0x0, 0x0, 0x0, 0x0,
    0x0, 0x3e, 0xfe, 0x20, 0x1a, 0xff, 0xff, 0xff,
    0xee, 0xee, 0xef, 0xc0, 0xb, 0xc1, 0x0, 0x0,
    0x38, 0xce, 0xff, 0xff, 0xff, 0xff, 0x70, 0x1,
    0x0, 0x0, 0x0, 0x0, 0x0, 0x0, 0x0, 0x0,
    0x0, 0x0,

    /* U+6B21 "次" */
    0x0, 0x0, 0x0, 0x0, 0x4, 0x63, 0x0, 0x0,
    0x0, 0x0, 0x0, 0x0, 0x0, 0x0, 0x0, 0xb,
    0xfa, 0x0, 0x0, 0x0, 0x0, 0x0, 0x5, 0xd4,
    0x0, 0x0, 0xf, 0xf6, 0x0, 0x0, 0x0, 0x0,
    0x0, 0xc, 0xff, 0xa1, 0x0, 0x4f, 0xf2, 0x0,
    0x0, 0x0, 0x0, 0x0, 0x0, 0x7f, 0xfe, 0x20,
    0x8f, 0xff, 0xff, 0xff, 0xff, 0xfc, 0x20, 0x0,
    0x3, 0xde, 0x10, 0xdf, 0xff, 0xff, 0xff, 0xff,
    0xff, 0x40, 0x0, 0x0, 0x13, 0x4, 0xff, 0x31,
    0x11, 0x11, 0x15, 0xfe, 0x0, 0x0, 0x0, 0x0,
    0xc, 0xfa, 0x0, 0xef, 0x50, 0x9, 0xf9, 0x0,
    0x0, 0x0, 0x0, 0x6f, 0xf3, 0x0, 0xef, 0x50,
    0xe, 0xf3, 0x0, 0x0, 0x0, 0x0, 0xcf, 0xa0,
    0x0, 0xff, 0x40, 0x5f, 0xc0, 0x0, 0x0, 0x0,
    0x2, 0x7, 0x10, 0x0, 0xff, 0x70, 0x2a, 0x50,
    0x0, 0x0, 0x0, 0x8f, 0x40, 0x0, 0x3, 0xff,
    0xc0, 0x0, 0x0, 0x0, 0x0, 0x2, 0xff, 0x50,
    0x0, 0x7, 0xff, 0xf1, 0x0, 0x0, 0x0, 0x0,
    0xc, 0xfb, 0x0, 0x0, 0xd, 0xff, 0xf8, 0x0,
    0x0, 0x0, 0x0, 0x6f, 0xf2, 0x0, 0x0, 0x6f,
    0xf5, 0xff, 0x20, 0x0, 0x0, 0x2, 0xff, 0x90,
    0x0, 0x2, 0xef, 0xb0, 0xbf, 0xb0, 0x0, 0x0,
    0xc, 0xfe, 0x0, 0x0, 0x1d, 0xfe, 0x10, 0x2f,
    0xf9, 0x0, 0x0, 0x2e, 0xf4, 0x0, 0x2, 0xdf,
    0xf4, 0x0, 0x6, 0xff, 0xa1, 0x0, 0x1, 0x70,
    0x0, 0x7f, 0xff, 0x40, 0x0, 0x0, 0x8f, 0xfe,
    0x70, 0x0, 0x0, 0x9, 0xff, 0xd3, 0x0, 0x0,
    0x0, 0x6, 0xff, 0x80, 0x0, 0x0, 0x0, 0xa7,
    0x0, 0x0, 0x0, 0x0, 0x0, 0x17, 0x0,

    /* U+6B63 "正" */
    0x0, 0x0, 0x0, 0x0, 0x0, 0x0, 0x0, 0x0,
    0x0, 0x0, 0x1f, 0xff, 0xff, 0xff, 0xff, 0xff,
    0xff, 0xff, 0xff, 0xf4, 0x1f, 0xff, 0xff, 0xff,
    0xff, 0xff, 0xff, 0xff, 0xff, 0xf4, 0x0, 0x0,
    0x0, 0x0, 0x7, 0xfb, 0x0, 0x0, 0x0, 0x0,
    0x0, 0x0, 0x0, 0x0, 0x7, 0xfb, 0x0, 0x0,
    0x0, 0x0, 0x0, 0x0, 0x0, 0x0, 0x7, 0xfb,
    0x0, 0x0, 0x0, 0x0, 0x0, 0x3, 0x30, 0x0,
    0x7, 0xfb, 0x0, 0x0, 0x0, 0x0, 0x0, 0xf,
    0xf1, 0x0, 0x7, 0xfb, 0x0, 0x0, 0x0, 0x0,
    0x0, 0xf, 0xf1, 0x0, 0x7, 0xff, 0xcc, 0xcc,
    0xcc, 0x30, 0x0, 0xf, 0xf1, 0x0, 0x7, 0xff,
    0xff, 0xff, 0xff, 0x40, 0x0, 0xf, 0xf1, 0x0,
    0x7, 0xfc, 0x33, 0x33, 0x33, 0x10, 0x0, 0xf,
    0xf1, 0x0, 0x7, 0xfb, 0x0, 0x0, 0x0, 0x0,
    0x0, 0xf, 0xf1, 0x0, 0x7, 0xfb, 0x0, 0x0,
    0x0, 0x0, 0x0, 0xf, 0xf1, 0x0, 0x7, 0xfb,
    0x0, 0x0, 0x0, 0x0, 0x0, 0xf, 0xf1, 0x0,
    0x7, 0xfb, 0x0, 0x0, 0x0, 0x0, 0x0, 0xf,
    0xf1, 0x0, 0x7, 0xfb, 0x0, 0x0, 0x0, 0x0,
    0x11, 0x2f, 0xf2, 0x11, 0x18, 0xfb, 0x11, 0x11,
    0x11, 0x11, 0xef, 0xff, 0xff, 0xff, 0xff, 0xff,
    0xff, 0xff, 0xff, 0xff, 0xef, 0xff, 0xff, 0xff,
    0xff, 0xff, 0xff, 0xff, 0xff, 0xff,

    /* U+6CA1 "没" */
    0x0, 0x2, 0x0, 0x0, 0x0, 0x0, 0x0, 0x0,
    0x0, 0x0, 0x0, 0x0, 0x7f, 0x91, 0x0, 0x1,
    0xdd, 0xdd, 0xdd, 0xdc, 0x0, 0x0, 0x0, 0x8f,
    0xff, 0x60, 0x1, 0xff, 0xff, 0xff, 0xfe, 0x0,
    0x0, 0x0, 0x2, 0xcf, 0xd0, 0x1, 0xfe, 0x0,
    0x2, 0xfe, 0x0, 0x0, 0x0, 0x0, 0x7, 0x30,
    0x2, 0xfd, 0x0, 0x1, 0xfe, 0x0, 0x0, 0x0,
    0x0, 0x0, 0x0, 0x6, 0xfb, 0x0, 0x1, 0xfe,
    0x0, 0x0, 0x0, 0x0, 0x0, 0x0, 0xd, 0xf5,
    0x0, 0x1, 0xff, 0x21, 0x21, 0x7, 0xd5, 0x0,
    0x1, 0xbf, 0xc0, 0x0, 0x0, 0xef, 0xff, 0xf6,
    0xa, 0xff, 0xd4, 0x2f, 0xfd, 0x10, 0x0, 0x0,
    0x5d, 0xee, 0xe6, 0x0, 0x2b, 0xfc, 0x5, 0x80,
    0x0, 0x0, 0x0, 0x0, 0x0, 0x0, 0x0, 0x0,
    0x51, 0x3, 0xee, 0xee, 0xee, 0xee, 0xee, 0xfa,
    0x0, 0x0, 0x0, 0x0, 0x3, 0xff, 0xff, 0xff,
    0xff, 0xff, 0xfa, 0x0, 0x0, 0x0, 0x7, 0x10,
    0x3f, 0xe1, 0x0, 0x0, 0x2f, 0xf2, 0x0, 0x0,
    0x0, 0x2f, 0xd0, 0xa, 0xfa, 0x0, 0x0, 0xcf,
    0xa0, 0x0, 0x0, 0x0, 0xbf, 0x80, 0x1, 0xff,
    0x90, 0xa, 0xfe, 0x10, 0x0, 0x0, 0x3, 0xff,
    0x10, 0x0, 0x4f, 0xfa, 0xbf, 0xe2, 0x0, 0x0,
    0x0, 0xc, 0xf8, 0x0, 0x0, 0x5, 0xff, 0xff,
    0x30, 0x0, 0x0, 0x0, 0x6f, 0xf1, 0x0, 0x0,
    0x6d, 0xff, 0xff, 0xc5, 0x0, 0x0, 0x1, 0xef,
    0x70, 0x26, 0xae, 0xff, 0xe7, 0x8f, 0xff, 0xea,
    0x62, 0x2, 0xde, 0x0, 0x7f, 0xff, 0xd6, 0x0,
    0x1, 0x9f, 0xff, 0xf3, 0x0, 0x3, 0x0, 0xb,
    0x72, 0x0, 0x0, 0x0, 0x0, 0x49, 0x70,

    /* U+6D3B "活" */
    0x0, 0x0, 0x0, 0x0, 0x0, 0x0, 0x0, 0x0,
    0x1, 0x40, 0x0, 0x0, 0x8e, 0x70, 0x0, 0x0,
    0x0, 0x2, 0x59, 0xcf, 0xf7, 0x0, 0x0, 0xaf,
    0xfe, 0x50, 0x69, 0xbe, 0xff, 0xff, 0xff, 0xb6,
    0x0, 0x0, 0x3, 0xcf, 0xd0, 0xaf, 0xff, 0xef,
    0xf8, 0x30, 0x0, 0x0, 0x0, 0x0, 0x7, 0x20,
    0x24, 0x20, 0xc, 0xf3, 0x0, 0x0, 0x0, 0x0,
    0x0, 0x0, 0x0, 0x0, 0x0, 0xc, 0xf3, 0x0,
    0x0, 0x0, 0x0, 0x0, 0x0, 0x0, 0x0, 0x0,
    0xc, 0xf4, 0x0, 0x0, 0x0, 0x8, 0xd6, 0x0,
    0xe, 0xff, 0xff, 0xff, 0xff, 0xff, 0xff, 0xf1,
    0xb, 0xff, 0xd4, 0xe, 0xff, 0xff, 0xff, 0xff,
    0xff, 0xff, 0xf1, 0x0, 0x4d, 0xfb, 0x0, 0x0,
    0x0, 0xc, 0xf3, 0x0, 0x0, 0x0, 0x0, 0x0,
    0x61, 0x0, 0x0, 0x0, 0xc, 0xf3, 0x0, 0x0,
    0x0, 0x0, 0x0, 0x0, 0x0, 0x0, 0x0, 0xc,
    0xf3, 0x0, 0x0, 0x0, 0x0, 0x0, 0x8, 0x10,
    0x5d, 0xdd, 0xdf, 0xfe, 0xdd, 0xda, 0x0, 0x0,
    0x0, 0x4f, 0xb0, 0x6f, 0xff, 0xff, 0xff, 0xff,
    0xfc, 0x0, 0x0, 0x0, 0xdf, 0x70, 0x6f, 0x80,
    0x0, 0x0, 0x3, 0xfc, 0x0, 0x0, 0x6, 0xfe,
    0x0, 0x6f, 0x70, 0x0, 0x0, 0x2, 0xfc, 0x0,
    0x0, 0x1e, 0xf6, 0x0, 0x6f, 0x70, 0x0, 0x0,
    0x2, 0xfc, 0x0, 0x0, 0x9f, 0xd0, 0x0, 0x6f,
    0x70, 0x0, 0x0, 0x2, 0xfc, 0x0, 0x3, 0xff,
    0x40, 0x0, 0x6f, 0xff, 0xff, 0xff, 0xff, 0xfc,
    0x0, 0x6, 0xfb, 0x0, 0x0, 0x6f, 0xfe, 0xee,
    0xee, 0xee, 0xfc, 0x0, 0x0, 0x52, 0x0, 0x0,
    0x6f, 0x70, 0x0, 0x0, 0x2, 0xeb, 0x0,

    /* U+6D88 "消" */
    0x0, 0x0, 0x0, 0x0, 0x0, 0x0, 0x5, 0x50,
    0x0, 0x0, 0x0, 0xc, 0xb2, 0x0, 0x5, 0x40,
    0x1, 0xff, 0x0, 0x6, 0x71, 0x2, 0xdf, 0xf7,
    0x4, 0xfe, 0x0, 0x1f, 0xf0, 0x0, 0xef, 0x50,
    0x0, 0x8f, 0xf6, 0xb, 0xf8, 0x1, 0xff, 0x0,
    0x7f, 0xd0, 0x0, 0x0, 0x4b, 0x0, 0x3f, 0xf1,
    0x1f, 0xf0, 0x1f, 0xf4, 0x0, 0x0, 0x0, 0x0,
    0x0, 0xcc, 0x21, 0xff, 0x3, 0xda, 0x0, 0x1,
    0x0, 0x0, 0x0, 0x13, 0x21, 0x3f, 0xf1, 0x12,
    0x21, 0x1, 0xdd, 0x40, 0x0, 0xe, 0xff, 0xff,
    0xff, 0xff, 0xff, 0xb0, 0x2c, 0xff, 0xb1, 0x0,
    0xef, 0xdc, 0xcc, 0xcc, 0xcd, 0xfb, 0x0, 0x5,
    0xef, 0x60, 0xe, 0xf1, 0x0, 0x0, 0x0, 0x4f,
    0xb0, 0x0, 0x2, 0x80, 0x0, 0xef, 0x42, 0x22,
    0x22, 0x26, 0xfb, 0x0, 0x0, 0x0, 0x0, 0xe,
    0xff, 0xff, 0xff, 0xff, 0xff, 0xb0, 0x0, 0x0,
    0x12, 0x0, 0xef, 0xa9, 0x99, 0x99, 0x9b, 0xfb,
    0x0, 0x0, 0x9, 0xf4, 0xe, 0xf1, 0x0, 0x0,
    0x0, 0x4f, 0xb0, 0x0, 0x1, 0xff, 0x10, 0xef,
    0xcb, 0xbb, 0xbb, 0xbd, 0xfb, 0x0, 0x0, 0x9f,
    0x90, 0xe, 0xff, 0xff, 0xff, 0xff, 0xff, 0xb0,
    0x0, 0x1f, 0xf2, 0x0, 0xef, 0x20, 0x0, 0x0,
    0x5, 0xfb, 0x0, 0xa, 0xfa, 0x0, 0xe, 0xf1,
    0x0, 0x0, 0x0, 0x4f, 0xb0, 0x3, 0xff, 0x20,
    0x0, 0xef, 0x10, 0x0, 0x0, 0x5, 0xfb, 0x0,
    0x9f, 0xa0, 0x0, 0xe, 0xf1, 0x0, 0x4, 0xff,
    0xff, 0x90, 0x0, 0x72, 0x0, 0x0, 0xef, 0x10,
    0x0, 0xe, 0xed, 0x91, 0x0,

    /* U+6E05 "清" */
    0x0, 0x0, 0x0, 0x0, 0x0, 0x0, 0x48, 0x40,
    0x0, 0x0, 0x0, 0x0, 0x9d, 0x40, 0x0, 0x0,
    0x0, 0x8f, 0x80, 0x0, 0x0, 0x0, 0x1, 0xcf,
    0xfa, 0xe, 0xff, 0xff, 0xff, 0xff, 0xff, 0xff,
    0x20, 0x0, 0x6, 0xff, 0x28, 0x88, 0x88, 0xcf,
    0xc8, 0x88, 0x88, 0x10, 0x0, 0x0, 0x35, 0x1,
    0x33, 0x33, 0xaf, 0xa3, 0x33, 0x32, 0x0, 0x0,
    0x0, 0x0, 0x6, 0xff, 0xff, 0xff, 0xff, 0xff,
    0xf9, 0x0, 0x2, 0x20, 0x0, 0x1, 0x33, 0x33,
    0xaf, 0xa3, 0x33, 0x32, 0x0, 0x1d, 0xf8, 0x0,
    0x67, 0x77, 0x77, 0xcf, 0xc7, 0x77, 0x77, 0x70,
    0x7, 0xff, 0xd3, 0xcf, 0xff, 0xff, 0xff, 0xff,
    0xff, 0xff, 0xf0, 0x0, 0x1c, 0xf2, 0x0, 0x0,
    0x0, 0x0, 0x0, 0x0, 0x0, 0x0, 0x0, 0x0,
    0x20, 0x1, 0xff, 0xff, 0xff, 0xff, 0xff, 0xf2,
    0x0, 0x0, 0x0, 0x0, 0x1, 0xfe, 0x99, 0x99,
    0x99, 0x9e, 0xf2, 0x0, 0x0, 0x0, 0x64, 0x1,
    0xfd, 0x0, 0x0, 0x0, 0xc, 0xf2, 0x0, 0x0,
    0x0, 0xef, 0x31, 0xff, 0xff, 0xff, 0xff, 0xff,
    0xf2, 0x0, 0x0, 0x4, 0xfe, 0x1, 0xfe, 0x88,
    0x88, 0x88, 0x8e, 0xf2, 0x0, 0x0, 0xb, 0xf8,
    0x1, 0xfd, 0x0, 0x0, 0x0, 0xc, 0xf2, 0x0,
    0x0, 0x2f, 0xf2, 0x1, 0xff, 0xff, 0xff, 0xff,
    0xff, 0xf2, 0x0, 0x0, 0xaf, 0xb0, 0x1, 0xfe,
    0x77, 0x77, 0x77, 0x7e, 0xf2, 0x0, 0x2, 0xff,
    0x30, 0x1, 0xfd, 0x0, 0x0, 0x0, 0xd, 0xf2,
    0x0, 0x5, 0xfc, 0x0, 0x1, 0xfd, 0x0, 0x0,
    0x5c, 0xdf, 0xf1, 0x0, 0x0, 0x23, 0x0, 0x1,
    0xfd, 0x0, 0x0, 0x1f, 0xec, 0x60, 0x0,

    /* U+6EDA "滚" */
    0x0, 0x0, 0x0, 0x0, 0x0, 0x0, 0x7b, 0x0,
    0x0, 0x0, 0x0, 0x0, 0x9d, 0x30, 0x0, 0x0,
    0x0, 0xdf, 0x60, 0x0, 0x0, 0x0, 0x0, 0x8f,
    0xf5, 0x2b, 0xbb, 0xbb, 0xef, 0xeb, 0xbb, 0xbb,
    0xb0, 0x0, 0x5, 0xff, 0x8f, 0xff, 0xff, 0xff,
    0xff, 0xff, 0xff, 0xe0, 0x0, 0x0, 0x5a, 0x0,
    0x5, 0xe7, 0x0, 0x6, 0xf5, 0x0, 0x0, 0x0,
    0x0, 0x0, 0x0, 0x6f, 0xe3, 0x0, 0x7, 0xff,
    0x90, 0x0, 0x0, 0x20, 0x0, 0x1a, 0xff, 0x34,
    0xf8, 0x0, 0x4e, 0xfd, 0x20, 0xb, 0xf6, 0x0,
    0xef, 0xd2, 0x2f, 0xf6, 0x4, 0x1, 0xcf, 0xe0,
    0x5, 0xff, 0x90, 0x79, 0x2, 0xef, 0x60, 0x9f,
    0x80, 0xa, 0x80, 0x0, 0x2e, 0xf5, 0x0, 0x3e,
    0xf5, 0x1, 0x4f, 0xf8, 0x0, 0x0, 0x0, 0x2,
    0x70, 0x7, 0xff, 0xfe, 0xff, 0xff, 0xff, 0x60,
    0x0, 0x0, 0x0, 0x0, 0x8, 0xff, 0xef, 0xff,
    0xd4, 0x4f, 0xd0, 0x0, 0x0, 0x0, 0x52, 0x2,
    0x30, 0x6f, 0xdd, 0xf3, 0x3, 0x12, 0x0, 0x0,
    0x0, 0xef, 0x10, 0x9, 0xfe, 0x16, 0xfb, 0x1,
    0xcf, 0x60, 0x0, 0x5, 0xfb, 0x5, 0xdf, 0xf2,
    0x0, 0xef, 0x8e, 0xfa, 0x10, 0x0, 0xc, 0xfa,
    0xdf, 0xff, 0xf0, 0x0, 0x5f, 0xfe, 0x50, 0x0,
    0x0, 0x3f, 0xe3, 0xfc, 0x4c, 0xf0, 0x0, 0x9,
    0xfe, 0x30, 0x0, 0x0, 0xaf, 0x70, 0x10, 0xd,
    0xf0, 0x37, 0x50, 0xbf, 0xf6, 0x0, 0x2, 0xff,
    0x10, 0x0, 0x2f, 0xff, 0xff, 0x90, 0xa, 0xff,
    0xe3, 0x4, 0xe9, 0x0, 0x0, 0x9f, 0xfd, 0x94,
    0x0, 0x0, 0x5e, 0xc0, 0x0, 0x1, 0x0, 0x0,
    0x18, 0x20, 0x0, 0x0, 0x0, 0x0, 0x10,

    /* U+706D "灭" */
    0x8, 0xdd, 0xdd, 0xdd, 0xdd, 0xdd, 0xdd, 0xdd,
    0xdd, 0xdd, 0x20, 0xa, 0xff, 0xff, 0xff, 0xff,
    0xff, 0xff, 0xff, 0xff, 0xff, 0x20, 0x2, 0x33,
    0x33, 0x33, 0x37, 0xfe, 0x33, 0x33, 0x33, 0x33,
    0x0, 0x0, 0x0, 0x0, 0x0, 0x5, 0xfd, 0x0,
    0x0, 0x0, 0x0, 0x0, 0x0, 0x0, 0x0, 0x0,
    0x6, 0xfc, 0x0, 0x0, 0x0, 0x0, 0x0, 0x0,
    0x0, 0x37, 0x10, 0x7, 0xfc, 0x0, 0x0, 0x1a,
    0x40, 0x0, 0x0, 0x0, 0xaf, 0x80, 0x7, 0xfd,
    0x0, 0x0, 0x8f, 0xd0, 0x0, 0x0, 0x1, 0xff,
    0x20, 0x9, 0xff, 0x10, 0x0, 0xef, 0x50, 0x0,
    0x0, 0x8, 0xfc, 0x0, 0xb, 0xff, 0x50, 0x6,
    0xfd, 0x0, 0x0, 0x0, 0x3f, 0xf4, 0x0, 0xe,
    0xff, 0x90, 0xe, 0xf4, 0x0, 0x0, 0x0, 0xbf,
    0xa0, 0x0, 0x2f, 0xff, 0xe0, 0x5f, 0xb0, 0x0,
    0x0, 0x0, 0x7, 0x10, 0x0, 0x8f, 0xcc, 0xf7,
    0x2, 0x10, 0x0, 0x0, 0x0, 0x0, 0x0, 0x1,
    0xef, 0x65, 0xfe, 0x0, 0x0, 0x0, 0x0, 0x0,
    0x0, 0x0, 0x9, 0xfe, 0x0, 0xef, 0x80, 0x0,
    0x0, 0x0, 0x0, 0x0, 0x0, 0x8f, 0xf5, 0x0,
    0x4f, 0xf5, 0x0, 0x0, 0x0, 0x0, 0x0, 0x9,
    0xff, 0x90, 0x0, 0x8, 0xff, 0x70, 0x0, 0x0,
    0x0, 0x5, 0xef, 0xf9, 0x0, 0x0, 0x0, 0xaf,
    0xfc, 0x40, 0x0, 0x18, 0xef, 0xff, 0x50, 0x0,
    0x0, 0x0, 0x6, 0xff, 0xfe, 0x90, 0x2e, 0xff,
    0x92, 0x0, 0x0, 0x0, 0x0, 0x0, 0x29, 0xef,
    0x80, 0x5, 0x71, 0x0, 0x0, 0x0, 0x0, 0x0,
    0x0, 0x0, 0x5, 0x0,

    /* U+70B9 "点" */
    0x0, 0x0, 0x0, 0x0, 0x8, 0x81, 0x0, 0x0,
    0x0, 0x0, 0x0, 0x0, 0x0, 0x0, 0x0, 0xff,
    0x20, 0x0, 0x0, 0x0, 0x0, 0x0, 0x0, 0x0,
    0x0, 0xf, 0xf5, 0x22, 0x22, 0x22, 0x20, 0x0,
    0x0, 0x0, 0x0, 0x0, 0xff, 0xff, 0xff, 0xff,
    0xff, 0x10, 0x0, 0x0, 0x0, 0x0, 0xf, 0xfc,
    0xcc, 0xcc, 0xcc, 0xc1, 0x0, 0x0, 0x0, 0x0,
    0x0, 0xff, 0x20, 0x0, 0x0, 0x0, 0x0, 0x0,
    0x0, 0x0, 0x0, 0xf, 0xf2, 0x0, 0x0, 0x0,
    0x0, 0x0, 0x4, 0xff, 0xff, 0xff, 0xff, 0xff,
    0xff, 0xff, 0xe0, 0x0, 0x0, 0x4f, 0xff, 0xff,
    0xff, 0xff, 0xff, 0xff, 0xfe, 0x0, 0x0, 0x4,
    0xfb, 0x0, 0x0, 0x0, 0x0, 0x0, 0x3f, 0xe0,
    0x0, 0x0, 0x4f, 0xb0, 0x0, 0x0, 0x0, 0x0,
    0x3, 0xfe, 0x0, 0x0, 0x4, 0xfb, 0x0, 0x0,
    0x0, 0x0, 0x0, 0x3f, 0xe0, 0x0, 0x0, 0x4f,
    0xfc, 0xcc, 0xcc, 0xcc, 0xcc, 0xcd, 0xfe, 0x0,
    0x0, 0x4, 0xff, 0xff, 0xff, 0xff, 0xff, 0xff,
    0xff, 0xe0, 0x0, 0x0, 0x2, 0x22, 0x22, 0x22,
    0x22, 0x22, 0x22, 0x22, 0x0, 0x0, 0x3, 0x94,
    0x0, 0x11, 0x0, 0x15, 0x10, 0x7, 0xa0, 0x0,
    0x0, 0xbf, 0x80, 0x6f, 0x90, 0xa, 0xf7, 0x0,
    0xdf, 0x60, 0x0, 0x4f, 0xf1, 0x4, 0xfc, 0x0,
    0x4f, 0xe0, 0x3, 0xff, 0x10, 0x1e, 0xf8, 0x0,
    0x2f, 0xe0, 0x0, 0xef, 0x40, 0x9, 0xf8, 0xa,
    0xfb, 0x0, 0x1, 0xff, 0x0, 0x9, 0xf9, 0x0,
    0x2f, 0xd0, 0x5, 0x10, 0x0, 0x6, 0x40, 0x0,
    0x22, 0x0, 0x0, 0x40, 0x0,

    /* U+7184 "熄" */
    0x0, 0x0, 0x34, 0x0, 0x0, 0x0, 0x4, 0x86,
    0x0, 0x0, 0x0, 0x0, 0x0, 0xdf, 0x0, 0x0,
    0x0, 0x9, 0xfa, 0x0, 0x0, 0x0, 0x0, 0x0,
    0xdf, 0x0, 0x0, 0x77, 0x7d, 0xfa, 0x77, 0x77,
    0x0, 0x0, 0x0, 0xdf, 0x0, 0x1, 0xff, 0xff,
    0xff, 0xff, 0xfe, 0x0, 0x0, 0x0, 0xdf, 0x5,
    0x62, 0xfd, 0x0, 0x0, 0x1, 0xfe, 0x0, 0x3,
    0xc2, 0xdf, 0xb, 0xf3, 0xfe, 0x66, 0x66, 0x67,
    0xfe, 0x0, 0x5, 0xf2, 0xdf, 0x1f, 0xb1, 0xff,
    0xff, 0xff, 0xff, 0xfe, 0x0, 0x6, 0xf1, 0xdf,
    0x6f, 0x51, 0xfd, 0x0, 0x0, 0x1, 0xfe, 0x0,
    0x9, 0xf0, 0xdf, 0xbe, 0x1, 0xfe, 0x77, 0x77,
    0x78, 0xfe, 0x0, 0xd, 0xb0, 0xef, 0x34, 0x1,
    0xff, 0xee, 0xee, 0xee, 0xfe, 0x0, 0x1b, 0x50,
    0xee, 0x0, 0x1, 0xfd, 0x0, 0x0, 0x1, 0xfe,
    0x0, 0x0, 0x0, 0xfd, 0x0, 0x1, 0xff, 0xff,
    0xff, 0xff, 0xfe, 0x0, 0x0, 0x2, 0xfd, 0x0,
    0x0, 0x88, 0x8d, 0x98, 0x88, 0x87, 0x0, 0x0,
    0x4, 0xff, 0x50, 0x0, 0x0, 0x4f, 0xd2, 0x0,
    0x0, 0x0, 0x0, 0x8, 0xff, 0xf5, 0x0, 0x2,
    0x29, 0xfe, 0x10, 0x0, 0x0, 0x0, 0xd, 0xf7,
    0xff, 0x8b, 0x4f, 0xd0, 0x8f, 0x91, 0xca, 0x0,
    0x0, 0x3f, 0xd0, 0x6c, 0x9f, 0x4f, 0xd0, 0x6,
    0x0, 0xbf, 0x40, 0x0, 0xbf, 0x80, 0x0, 0xcf,
    0x1f, 0xd0, 0x0, 0xa, 0x6f, 0xd0, 0x7, 0xff,
    0x10, 0x2, 0xfb, 0x1f, 0xd0, 0x0, 0x1f, 0xaa,
    0xf3, 0x1f, 0xf6, 0x0, 0x5, 0xf6, 0xf, 0xfc,
    0xbb, 0xdf, 0x65, 0xf6, 0x7, 0x90, 0x0, 0x0,
    0x10, 0x7, 0xef, 0xff, 0xfb, 0x0, 0x10, 0x0,
    0x0, 0x0, 0x0, 0x0, 0x0, 0x0, 0x0, 0x0,
    0x0, 0x0,

    /* U+7259 "牙" */
    0x1, 0xbb, 0xbb, 0xbb, 0xbb, 0xbb, 0xbb, 0xbb,
    0xbb, 0xa0, 0x2, 0xff, 0xff, 0xff, 0xff, 0xff,
    0xff, 0xff, 0xff, 0xe0, 0x0, 0x44, 0x44, 0x44,
    0x44, 0x44, 0x4f, 0xf5, 0x44, 0x30, 0x0, 0x4,
    0xc8, 0x0, 0x0, 0x0, 0xf, 0xf2, 0x0, 0x0,
    0x0, 0x8, 0xf9, 0x0, 0x0, 0x0, 0xf, 0xf2,
    0x0, 0x0, 0x0, 0xc, 0xf5, 0x0, 0x0, 0x0,
    0xf, 0xf2, 0x0, 0x0, 0x0, 0xf, 0xf1, 0x0,
    0x0, 0x0, 0xf, 0xf2, 0x0, 0x0, 0x0, 0x4f,
    0xd0, 0x0, 0x0, 0x0, 0xf, 0xf2, 0x0, 0x0,
    0x0, 0x8f, 0xff, 0xff, 0xff, 0xff, 0xff, 0xff,
    0xff, 0xfe, 0x0, 0xdf, 0xff, 0xff, 0xff, 0xff,
    0xff, 0xff, 0xff, 0xfe, 0x0, 0x0, 0x0, 0x0,
    0x1, 0xcf, 0xdf, 0xf3, 0x0, 0x0, 0x0, 0x0,
    0x0, 0x0, 0x1c, 0xfd, 0x1f, 0xf2, 0x0, 0x0,
    0x0, 0x0, 0x0, 0x2, 0xdf, 0xe2, 0xf, 0xf2,
    0x0, 0x0, 0x0, 0x0, 0x0, 0x6f, 0xfd, 0x20,
    0xf, 0xf2, 0x0, 0x0, 0x0, 0x0, 0x2b, 0xff,
    0xb0, 0x0, 0xf, 0xf2, 0x0, 0x0, 0x0, 0x19,
    0xff, 0xf7, 0x0, 0x0, 0xf, 0xf2, 0x0, 0x0,
    0x3a, 0xff, 0xfc, 0x20, 0x0, 0x0, 0xf, 0xf2,
    0x0, 0x0, 0x8f, 0xfd, 0x60, 0x0, 0x1, 0x10,
    0x1f, 0xf1, 0x0, 0x0, 0x9, 0x50, 0x0, 0x0,
    0x7, 0xff, 0xff, 0xf0, 0x0, 0x0, 0x0, 0x0,
    0x0, 0x0, 0x1, 0xff, 0xeb, 0x30, 0x0, 0x0,
    0x0, 0x0, 0x0, 0x0, 0x0, 0x0, 0x0, 0x0,
    0x0, 0x0,

    /* U+73B0 "现" */
    0x0, 0x0, 0x0, 0x0, 0x3, 0x66, 0x66, 0x66,
    0x66, 0x65, 0x0, 0xe, 0xff, 0xff, 0xff, 0x97,
    0xff, 0xff, 0xff, 0xff, 0xfe, 0x0, 0xd, 0xee,
    0xff, 0xee, 0x87, 0xfb, 0x66, 0x66, 0x67, 0xfe,
    0x0, 0x0, 0x1, 0xfe, 0x0, 0x7, 0xf8, 0x0,
    0x0, 0x2, 0xfe, 0x0, 0x0, 0x1, 0xfe, 0x0,
    0x7, 0xf8, 0x1, 0x64, 0x2, 0xfe, 0x0, 0x0,
    0x1, 0xfe, 0x0, 0x7, 0xf8, 0x3, 0xfa, 0x2,
    0xfe, 0x0, 0x0, 0x1, 0xfe, 0x0, 0x7, 0xf8,
    0x3, 0xfa, 0x2, 0xfe, 0x0, 0x8, 0xde, 0xff,
    0xdd, 0x17, 0xf8, 0x3, 0xfa, 0x2, 0xfe, 0x0,
    0x9, 0xff, 0xff, 0xff, 0x17, 0xf8, 0x4, 0xfa,
    0x2, 0xfe, 0x0, 0x0, 0x1, 0xfe, 0x0, 0x7,
    0xf8, 0x5, 0xfa, 0x2, 0xfe, 0x0, 0x0, 0x1,
    0xfe, 0x0, 0x7, 0xf8, 0x6, 0xf9, 0x2, 0xfe,
    0x0, 0x0, 0x1, 0xfe, 0x0, 0x7, 0xf8, 0x8,
    0xf6, 0x2, 0xfe, 0x0, 0x0, 0x1, 0xfe, 0x0,
    0x1, 0x21, 0xd, 0xf8, 0x30, 0x22, 0x0, 0x0,
    0x1, 0xfe, 0x1, 0x30, 0x0, 0x2f, 0xff, 0x90,
    0x0, 0x0, 0x0, 0x1, 0xff, 0xbf, 0xb0, 0x0,
    0xaf, 0xaf, 0x90, 0x2, 0x30, 0x4, 0x8d, 0xff,
    0xff, 0xc0, 0x4, 0xfd, 0x5f, 0x90, 0x5, 0xf4,
    0x2f, 0xff, 0xfd, 0x72, 0x0, 0x3f, 0xf3, 0x5f,
    0x90, 0x6, 0xf4, 0xe, 0xc7, 0x20, 0x0, 0x5,
    0xff, 0x60, 0x5f, 0x90, 0x8, 0xf2, 0x0, 0x0,
    0x0, 0x1, 0xaf, 0xf6, 0x0, 0x3f, 0xe8, 0x8e,
    0xe0, 0x0, 0x0, 0x0, 0x5, 0xfe, 0x40, 0x0,
    0xa, 0xff, 0xfe, 0x50, 0x0, 0x0, 0x0, 0x0,
    0x40, 0x0, 0x0, 0x0, 0x0, 0x0, 0x0,

    /* U+7528 "用" */
    0x0, 0x0, 0x0, 0x0, 0x0, 0x0, 0x0, 0x0,
    0x0, 0x0, 0x0, 0xc, 0xff, 0xff, 0xff, 0xff,
    0xff, 0xff, 0xff, 0xfc, 0x0, 0xc, 0xff, 0xee,
    0xee, 0xff, 0xfe, 0xee, 0xef, 0xfc, 0x0, 0xc,
    0xf4, 0x0, 0x0, 0xef, 0x20, 0x0, 0x4, 0xfc,
    0x0, 0xc, 0xf4, 0x0, 0x0, 0xef, 0x20, 0x0,
    0x4, 0xfc, 0x0, 0xc, 0xf4, 0x0, 0x0, 0xef,
    0x20, 0x0, 0x4, 0xfc, 0x0, 0xc, 0xff, 0xff,
    0xff, 0xff, 0xff, 0xff, 0xff, 0xfc, 0x0, 0xc,
    0xff, 0xff, 0xff, 0xff, 0xff, 0xff, 0xff, 0xfc,
    0x0, 0xc, 0xf4, 0x0, 0x0, 0xef, 0x20, 0x0,
    0x4, 0xfc, 0x0, 0xd, 0xf3, 0x0, 0x0, 0xef,
    0x20, 0x0, 0x4, 0xfc, 0x0, 0xd, 0xf3, 0x0,
    0x0, 0xef, 0x20, 0x0, 0x4, 0xfc, 0x0, 0xe,
    0xff, 0xee, 0xee, 0xff, 0xfe, 0xee, 0xef, 0xfc,
    0x0, 0xf, 0xff, 0xff, 0xff, 0xff, 0xff, 0xff,
    0xff, 0xfc, 0x0, 0x2f, 0xe0, 0x0, 0x0, 0xff,
    0x20, 0x0, 0x4, 0xfc, 0x0, 0x5f, 0xa0, 0x0,
    0x0, 0xef, 0x20, 0x0, 0x4, 0xfc, 0x0, 0xaf,
    0x60, 0x0, 0x0, 0xef, 0x20, 0x0, 0x4, 0xfc,
    0x0, 0xef, 0x20, 0x0, 0x0, 0xef, 0x20, 0x0,
    0x4, 0xfc, 0x8, 0xfd, 0x0, 0x0, 0x0, 0xef,
    0x20, 0x0, 0x4, 0xfc, 0x2f, 0xf5, 0x0, 0x0,
    0x0, 0xef, 0x21, 0xdd, 0xdf, 0xfa, 0x1b, 0xc0,
    0x0, 0x0, 0x0, 0xef, 0x20, 0xcf, 0xff, 0xc2,
    0x0, 0x10, 0x0, 0x0, 0x0, 0x0, 0x0, 0x1,
    0x10, 0x0,

    /* U+7535 "电" */
    0x0, 0x0, 0x0, 0x0, 0x0, 0x0, 0x0, 0x0,
    0x0, 0x0, 0x0, 0x0, 0x0, 0x2, 0xff, 0x10,
    0x0, 0x0, 0x0, 0x0, 0x0, 0x0, 0x0, 0x2,
    0xff, 0x10, 0x0, 0x0, 0x0, 0x0, 0x2, 0x22,
    0x22, 0x24, 0xff, 0x32, 0x22, 0x22, 0x20, 0x0,
    0x3f, 0xff, 0xff, 0xff, 0xff, 0xff, 0xff, 0xff,
    0xf3, 0x0, 0x3f, 0xfd, 0xdd, 0xde, 0xff, 0xdd,
    0xdd, 0xdf, 0xf3, 0x0, 0x3f, 0xe0, 0x0, 0x2,
    0xff, 0x10, 0x0, 0xe, 0xf3, 0x0, 0x3f, 0xe0,
    0x0, 0x2, 0xff, 0x10, 0x0, 0xe, 0xf3, 0x0,
    0x3f, 0xfd, 0xdd, 0xde, 0xff, 0xdd, 0xdd, 0xdf,
    0xf3, 0x0, 0x3f, 0xff, 0xff, 0xff, 0xff, 0xff,
    0xff, 0xff, 0xf3, 0x0, 0x3f, 0xe0, 0x0, 0x3,
    0xff, 0x20, 0x0, 0xe, 0xf3, 0x0, 0x3f, 0xe0,
    0x0, 0x2, 0xff, 0x10, 0x0, 0xe, 0xf3, 0x0,
    0x3f, 0xe0, 0x0, 0x2, 0xff, 0x10, 0x0, 0xe,
    0xf3, 0x0, 0x3f, 0xff, 0xff, 0xff, 0xff, 0xff,
    0xff, 0xff, 0xf3, 0x0, 0x3f, 0xff, 0xff, 0xff,
    0xff, 0xff, 0xff, 0xff, 0xf3, 0x0, 0x3f, 0xe0,
    0x0, 0x2, 0xff, 0x10, 0x0, 0x0, 0x9, 0x40,
    0x18, 0x70, 0x0, 0x2, 0xff, 0x10, 0x0, 0x0,
    0xd, 0xf4, 0x0, 0x0, 0x0, 0x1, 0xff, 0x10,
    0x0, 0x0, 0xf, 0xf2, 0x0, 0x0, 0x0, 0x0,
    0xff, 0x61, 0x11, 0x11, 0x7f, 0xf0, 0x0, 0x0,
    0x0, 0x0, 0xbf, 0xff, 0xff, 0xff, 0xff, 0x90,
    0x0, 0x0, 0x0, 0x0, 0x2b, 0xef, 0xff, 0xff,
    0xea, 0x0,

    /* U+7684 "的" */
    0x0, 0x0, 0x76, 0x10, 0x0, 0x0, 0x75, 0x0,
    0x0, 0x0, 0x0, 0x0, 0xff, 0x20, 0x0, 0x1,
    0xff, 0x10, 0x0, 0x0, 0x0, 0x4, 0xfd, 0x0,
    0x0, 0x7, 0xfc, 0x0, 0x0, 0x0, 0x0, 0x7,
    0xf7, 0x0, 0x0, 0xc, 0xf8, 0x22, 0x22, 0x21,
    0x1f, 0xff, 0xff, 0xff, 0xd0, 0x1f, 0xff, 0xff,
    0xff, 0xfd, 0x1f, 0xfd, 0xdd, 0xdf, 0xd0, 0x9f,
    0xec, 0xcc, 0xcc, 0xfd, 0x1f, 0xd0, 0x0, 0xf,
    0xd1, 0xff, 0x30, 0x0, 0x1, 0xfd, 0x1f, 0xd0,
    0x0, 0xf, 0xdb, 0xfb, 0x0, 0x0, 0x2, 0xfc,
    0x1f, 0xd0, 0x0, 0xf, 0xec, 0xf2, 0x0, 0x0,
    0x3, 0xfb, 0x1f, 0xd0, 0x0, 0xf, 0xd0, 0x34,
    0xd3, 0x0, 0x3, 0xfb, 0x1f, 0xff, 0xff, 0xff,
    0xd0, 0x6, 0xfe, 0x10, 0x4, 0xfa, 0x1f, 0xfc,
    0xcc, 0xdf, 0xd0, 0x0, 0xbf, 0xa0, 0x5, 0xf9,
    0x1f, 0xd0, 0x0, 0xf, 0xd0, 0x0, 0x1f, 0xf5,
    0x6, 0xf9, 0x1f, 0xd0, 0x0, 0xf, 0xd0, 0x0,
    0x7, 0xfe, 0x7, 0xf8, 0x1f, 0xd0, 0x0, 0xf,
    0xd0, 0x0, 0x0, 0xd7, 0x8, 0xf7, 0x1f, 0xd0,
    0x0, 0xf, 0xd0, 0x0, 0x0, 0x0, 0x9, 0xf5,
    0x1f, 0xd1, 0x11, 0x2f, 0xd0, 0x0, 0x0, 0x0,
    0xb, 0xf4, 0x1f, 0xff, 0xff, 0xff, 0xd0, 0x0,
    0x0, 0x0, 0xe, 0xf2, 0x1f, 0xfc, 0xcc, 0xcc,
    0xa0, 0x0, 0x21, 0x0, 0x4f, 0xe0, 0x1f, 0xd0,
    0x0, 0x0, 0x0, 0x0, 0x5f, 0xff, 0xff, 0x80,
    0xb, 0x90, 0x0, 0x0, 0x0, 0x0, 0x1f, 0xff,
    0xe9, 0x0, 0x0, 0x0, 0x0, 0x0, 0x0, 0x0,
    0x0, 0x0, 0x0, 0x0,

    /* U+76F4 "直" */
    0x0, 0x0, 0x0, 0x0, 0x1, 0x87, 0x0, 0x0,
    0x0, 0x0, 0x0, 0x0, 0x0, 0x0, 0x0, 0x4,
    0xff, 0x0, 0x0, 0x0, 0x0, 0x0, 0x5, 0xcc,
    0xcc, 0xcc, 0xcd, 0xff, 0xcc, 0xcc, 0xcc, 0xcc,
    0x50, 0x6, 0xff, 0xff, 0xff, 0xff, 0xff, 0xff,
    0xff, 0xff, 0xff, 0x60, 0x0, 0x0, 0x0, 0x0,
    0xa, 0xf6, 0x0, 0x0, 0x0, 0x0, 0x0, 0x0,
    0x0, 0xaa, 0xaa, 0xae, 0xfc, 0xaa, 0xaa, 0xaa,
    0x10, 0x0, 0x0, 0x0, 0xff, 0xff, 0xff, 0xff,
    0xff, 0xff, 0xff, 0x10, 0x0, 0x0, 0x0, 0xff,
    0x0, 0x0, 0x0, 0x0, 0x0, 0xff, 0x10, 0x0,
    0x0, 0x0, 0xff, 0x0, 0x0, 0x0, 0x0, 0x0,
    0xff, 0x10, 0x0, 0x0, 0x0, 0xff, 0xff, 0xff,
    0xff, 0xff, 0xff, 0xff, 0x10, 0x0, 0x0, 0x0,
    0xff, 0x88, 0x88, 0x88, 0x88, 0x88, 0xff, 0x10,
    0x0, 0x0, 0x0, 0xff, 0x0, 0x0, 0x0, 0x0,
    0x0, 0xff, 0x10, 0x0, 0x0, 0x0, 0xff, 0xff,
    0xff, 0xff, 0xff, 0xff, 0xff, 0x10, 0x0, 0x0,
    0x0, 0xff, 0x88, 0x88, 0x88, 0x88, 0x88, 0xff,
    0x10, 0x0, 0x0, 0x0, 0xff, 0x0, 0x0, 0x0,
    0x0, 0x0, 0xff, 0x10, 0x0, 0x0, 0x0, 0xff,
    0xff, 0xff, 0xff, 0xff, 0xff, 0xff, 0x10, 0x0,
    0x0, 0x0, 0xff, 0x88, 0x88, 0x88, 0x88, 0x88,
    0xff, 0x10, 0x0, 0x0, 0x0, 0xff, 0x0, 0x0,
    0x0, 0x0, 0x0, 0xff, 0x10, 0x0, 0xd, 0xdd,
    0xff, 0xdd, 0xdd, 0xdd, 0xdd, 0xdd, 0xff, 0xdd,
    0xd1, 0xf, 0xff, 0xff, 0xff, 0xff, 0xff, 0xff,
    0xff, 0xff, 0xff, 0xf1, 0x0, 0x0, 0x0, 0x0,
    0x0, 0x0, 0x0, 0x0, 0x0, 0x0, 0x0,

    /* U+770B "看" */
    0x0, 0x0, 0x0, 0x0, 0x0, 0x0, 0x0, 0x1,
    0x35, 0x0, 0x0, 0x3, 0x77, 0x88, 0x99, 0xaa,
    0xbc, 0xef, 0xff, 0xfa, 0x0, 0x0, 0x6f, 0xff,
    0xff, 0xff, 0xfe, 0xdc, 0xa9, 0x75, 0x20, 0x0,
    0x0, 0x22, 0x11, 0x19, 0xfa, 0x0, 0x0, 0x0,
    0x0, 0x0, 0x0, 0x3a, 0xaa, 0xaa, 0xef, 0xda,
    0xaa, 0xaa, 0xaa, 0xa3, 0x0, 0x5, 0xff, 0xff,
    0xff, 0xff, 0xff, 0xff, 0xff, 0xff, 0x50, 0x0,
    0x0, 0x0, 0xa, 0xf9, 0x0, 0x0, 0x0, 0x0,
    0x0, 0x0, 0xab, 0xbb, 0xbb, 0xff, 0xdb, 0xbb,
    0xbb, 0xbb, 0xbb, 0xb6, 0xe, 0xff, 0xff, 0xff,
    0xff, 0xff, 0xff, 0xff, 0xff, 0xff, 0x80, 0x0,
    0x0, 0x5f, 0xf2, 0x0, 0x0, 0x0, 0x0, 0x0,
    0x0, 0x0, 0x0, 0x2f, 0xfe, 0xaa, 0xaa, 0xaa,
    0xaa, 0xaa, 0x40, 0x0, 0x0, 0x1d, 0xff, 0xff,
    0xff, 0xff, 0xff, 0xff, 0xf6, 0x0, 0x0, 0x2d,
    0xff, 0xf7, 0x0, 0x0, 0x0, 0x0, 0x9f, 0x60,
    0x0, 0x5f, 0xfe, 0xaf, 0xff, 0xff, 0xff, 0xff,
    0xff, 0xf6, 0x0, 0x4f, 0xfd, 0x18, 0xfb, 0x66,
    0x66, 0x66, 0x66, 0xcf, 0x60, 0x0, 0xb9, 0x0,
    0x8f, 0xa4, 0x44, 0x44, 0x44, 0x4b, 0xf6, 0x0,
    0x0, 0x0, 0x8, 0xff, 0xff, 0xff, 0xff, 0xff,
    0xff, 0x60, 0x0, 0x0, 0x0, 0x8f, 0x81, 0x11,
    0x11, 0x11, 0x1a, 0xf6, 0x0, 0x0, 0x0, 0x8,
    0xfc, 0x88, 0x88, 0x88, 0x88, 0xdf, 0x60, 0x0,
    0x0, 0x0, 0x8f, 0xff, 0xff, 0xff, 0xff, 0xff,
    0xf6, 0x0, 0x0, 0x0, 0x8, 0xf8, 0x0, 0x0,
    0x0, 0x0, 0xaf, 0x60, 0x0,

    /* U+7740 "着" */
    0x0, 0x0, 0x2, 0x72, 0x0, 0x0, 0x0, 0x44,
    0x0, 0x0, 0x0, 0x0, 0x0, 0xaf, 0xd0, 0x0,
    0x0, 0x1f, 0xf7, 0x0, 0x0, 0x0, 0x0, 0x2,
    0xff, 0x50, 0x0, 0xa, 0xfc, 0x0, 0x0, 0x0,
    0xd, 0xff, 0xff, 0xff, 0xff, 0xff, 0xff, 0xff,
    0xff, 0x70, 0x0, 0x89, 0x99, 0x99, 0xaf, 0xfa,
    0x99, 0x99, 0x99, 0x94, 0x0, 0x0, 0x0, 0x0,
    0x5, 0xfe, 0x0, 0x0, 0x0, 0x0, 0x0, 0x0,
    0xc, 0xff, 0xff, 0xff, 0xff, 0xff, 0xff, 0xff,
    0x60, 0x0, 0x0, 0x68, 0x88, 0xbf, 0xf8, 0x88,
    0x88, 0x88, 0x83, 0x0, 0x8, 0x99, 0x99, 0x9e,
    0xfd, 0x99, 0x99, 0x99, 0x99, 0x99, 0x40, 0xdf,
    0xff, 0xff, 0xff, 0xff, 0xff, 0xff, 0xff, 0xff,
    0xf6, 0x0, 0x0, 0x5, 0xff, 0x40, 0x0, 0x0,
    0x0, 0x0, 0x0, 0x0, 0x0, 0x3, 0xff, 0xf9,
    0x99, 0x99, 0x99, 0x99, 0x94, 0x0, 0x0, 0x1,
    0xef, 0xff, 0xff, 0xff, 0xff, 0xff, 0xff, 0x60,
    0x0, 0x2, 0xdf, 0xff, 0xb0, 0x0, 0x0, 0x0,
    0xb, 0xf6, 0x0, 0x5, 0xff, 0xe9, 0xff, 0xff,
    0xff, 0xff, 0xff, 0xff, 0x60, 0x5, 0xff, 0xc1,
    0x5f, 0xb0, 0x0, 0x0, 0x0, 0xb, 0xf6, 0x0,
    0x9, 0x90, 0x5, 0xff, 0xff, 0xff, 0xff, 0xff,
    0xff, 0x60, 0x0, 0x0, 0x0, 0x5f, 0xc4, 0x44,
    0x44, 0x44, 0x4c, 0xf6, 0x0, 0x0, 0x0, 0x5,
    0xfd, 0x77, 0x77, 0x77, 0x77, 0xdf, 0x60, 0x0,
    0x0, 0x0, 0x5f, 0xff, 0xff, 0xff, 0xff, 0xff,
    0xf6, 0x0, 0x0, 0x0, 0x5, 0xfb, 0x0, 0x0,
    0x0, 0x0, 0xbf, 0x60, 0x0,

    /* U+7761 "睡" */
    0x0, 0x0, 0x0, 0x0, 0x0, 0x0, 0x0, 0x0,
    0x1, 0x0, 0x12, 0x22, 0x22, 0x0, 0x23, 0x56,
    0x79, 0xbd, 0xfe, 0x0, 0x9f, 0xff, 0xff, 0x4,
    0xff, 0xff, 0xff, 0xff, 0xeb, 0x30, 0x9f, 0xba,
    0xef, 0x0, 0x88, 0x76, 0xcf, 0x60, 0x0, 0x0,
    0x9f, 0x10, 0xbf, 0x0, 0x0, 0x0, 0xaf, 0x50,
    0x0, 0x0, 0x9f, 0x10, 0xbf, 0x7, 0x88, 0x88,
    0xdf, 0xa8, 0x88, 0x83, 0x9f, 0xcb, 0xef, 0xf,
    0xff, 0xff, 0xff, 0xff, 0xff, 0xf7, 0x9f, 0xff,
    0xff, 0x6, 0xaf, 0xa6, 0xdf, 0x96, 0xef, 0x63,
    0x9f, 0x10, 0xbf, 0x0, 0x5f, 0x50, 0xaf, 0x50,
    0xce, 0x0, 0x9f, 0x10, 0xbf, 0x2, 0x7f, 0x72,
    0xbf, 0x62, 0xdf, 0x22, 0x9f, 0x10, 0xbf, 0x5f,
    0xff, 0xff, 0xff, 0xff, 0xff, 0xfe, 0x9f, 0xff,
    0xff, 0x4e, 0xff, 0xfe, 0xff, 0xee, 0xff, 0xed,
    0x9f, 0xcb, 0xef, 0x0, 0x5f, 0x50, 0xaf, 0x50,
    0xce, 0x0, 0x9f, 0x10, 0xbf, 0x0, 0x5f, 0x50,
    0xaf, 0x50, 0xce, 0x0, 0x9f, 0x10, 0xbf, 0xf,
    0xff, 0xff, 0xff, 0xff, 0xff, 0xf7, 0x9f, 0xcc,
    0xef, 0xd, 0xdd, 0xdd, 0xff, 0xed, 0xdd, 0xd6,
    0x9f, 0xff, 0xff, 0x0, 0x0, 0x0, 0xaf, 0x50,
    0x0, 0x0, 0x9f, 0x10, 0x0, 0x0, 0x0, 0x0,
    0xaf, 0x50, 0x0, 0x0, 0x9f, 0x10, 0x0, 0x0,
    0x0, 0x0, 0xaf, 0x50, 0x0, 0x0, 0x23, 0x0,
    0x0, 0x4, 0xee, 0xee, 0xff, 0xee, 0xee, 0xb0,
    0x0, 0x0, 0x0, 0x4, 0xff, 0xff, 0xff, 0xff,
    0xff, 0xc0,

    /* U+77E5 "知" */
    0x0, 0xa, 0x81, 0x0, 0x0, 0x0, 0x0, 0x0,
    0x0, 0x0, 0x0, 0x2, 0xff, 0x0, 0x0, 0x0,
    0x0, 0x0, 0x0, 0x0, 0x0, 0x0, 0x6f, 0xb0,
    0x0, 0x0, 0x1, 0xdd, 0xdd, 0xdd, 0xdd, 0x10,
    0xb, 0xff, 0xee, 0xee, 0xe9, 0x1f, 0xff, 0xff,
    0xff, 0xf1, 0x1, 0xff, 0xff, 0xff, 0xff, 0xa1,
    0xff, 0x11, 0x11, 0xff, 0x10, 0x7f, 0xb0, 0xbf,
    0x60, 0x0, 0x1f, 0xe0, 0x0, 0xf, 0xf1, 0x1f,
    0xf4, 0xb, 0xf5, 0x0, 0x1, 0xfe, 0x0, 0x0,
    0xff, 0x11, 0xbb, 0x0, 0xbf, 0x50, 0x0, 0x1f,
    0xe0, 0x0, 0xf, 0xf1, 0x0, 0x10, 0xb, 0xf5,
    0x0, 0x1, 0xfe, 0x0, 0x0, 0xff, 0x11, 0xee,
    0xee, 0xff, 0xfe, 0xee, 0x5f, 0xe0, 0x0, 0xf,
    0xf1, 0x1f, 0xff, 0xff, 0xff, 0xff, 0xf5, 0xfe,
    0x0, 0x0, 0xff, 0x10, 0x0, 0x0, 0xff, 0x30,
    0x0, 0x1f, 0xe0, 0x0, 0xf, 0xf1, 0x0, 0x0,
    0x2f, 0xf3, 0x0, 0x1, 0xfe, 0x0, 0x0, 0xff,
    0x10, 0x0, 0x5, 0xff, 0xe2, 0x0, 0x1f, 0xe0,
    0x0, 0xf, 0xf1, 0x0, 0x0, 0xbf, 0xef, 0xd1,
    0x1, 0xfe, 0x0, 0x0, 0xff, 0x10, 0x0, 0x2f,
    0xf3, 0xcf, 0xb0, 0x1f, 0xe0, 0x0, 0xf, 0xf1,
    0x0, 0xc, 0xfb, 0x1, 0xef, 0x91, 0xff, 0x33,
    0x33, 0xff, 0x10, 0x7, 0xff, 0x20, 0x4, 0xff,
    0x3f, 0xff, 0xff, 0xff, 0xf1, 0x7, 0xff, 0x70,
    0x0, 0x8, 0x61, 0xff, 0xbb, 0xbc, 0xff, 0x11,
    0xef, 0x90, 0x0, 0x0, 0x0, 0x1f, 0xe0, 0x0,
    0xf, 0xf1, 0x3, 0x60, 0x0, 0x0, 0x0, 0x0,
    0x33, 0x0, 0x0, 0x0, 0x0,

    /* U+7801 "码" */
    0x4, 0x44, 0x44, 0x44, 0x30, 0x22, 0x22, 0x22,
    0x22, 0x20, 0x0, 0xff, 0xff, 0xff, 0xfb, 0x4f,
    0xff, 0xff, 0xff, 0xff, 0x0, 0x9, 0x9c, 0xfc,
    0x99, 0x73, 0xbb, 0xbb, 0xbb, 0xcf, 0xe0, 0x0,
    0x0, 0xaf, 0x40, 0x0, 0x1, 0x42, 0x0, 0x3,
    0xfc, 0x0, 0x0, 0xe, 0xf0, 0x0, 0x0, 0x4f,
    0xa0, 0x0, 0x4f, 0xb0, 0x0, 0x3, 0xfb, 0x0,
    0x0, 0x6, 0xf8, 0x0, 0x6, 0xf9, 0x0, 0x0,
    0x7f, 0x70, 0x0, 0x0, 0x7f, 0x70, 0x0, 0x8f,
    0x70, 0x0, 0xd, 0xfc, 0xaa, 0xa2, 0x9, 0xf5,
    0x0, 0xa, 0xf5, 0x0, 0x4, 0xff, 0xff, 0xff,
    0x30, 0xbf, 0x30, 0x0, 0xcf, 0x30, 0x0, 0xcf,
    0xf5, 0x2a, 0xf3, 0xc, 0xff, 0xff, 0xff, 0xff,
    0xfb, 0x5f, 0xff, 0x30, 0x9f, 0x30, 0xcc, 0xcc,
    0xcc, 0xcc, 0xef, 0xa1, 0xfd, 0xf3, 0x9, 0xf3,
    0x0, 0x0, 0x0, 0x0, 0x6, 0xf9, 0x5, 0x8f,
    0x30, 0x9f, 0x30, 0x0, 0x0, 0x0, 0x0, 0x8f,
    0x70, 0x8, 0xf3, 0x9, 0xf3, 0x9a, 0xaa, 0xaa,
    0xaa, 0x29, 0xf5, 0x0, 0x8f, 0x30, 0x9f, 0x3e,
    0xff, 0xff, 0xff, 0xf4, 0xcf, 0x30, 0x8, 0xfd,
    0xce, 0xf3, 0x22, 0x22, 0x22, 0x22, 0xe, 0xf1,
    0x0, 0x8f, 0xff, 0xff, 0x30, 0x0, 0x0, 0x0,
    0x2, 0xfe, 0x0, 0x8, 0xf4, 0x0, 0x0, 0x0,
    0x0, 0x0, 0x0, 0x8f, 0xa0, 0x0, 0x8f, 0x30,
    0x0, 0x0, 0x0, 0x0, 0xad, 0xef, 0xf5, 0x0,
    0x0, 0x0, 0x0, 0x0, 0x0, 0x0, 0x6, 0xff,
    0xe8, 0x0, 0x0, 0x0, 0x0, 0x0, 0x0, 0x0,
    0x0, 0x0, 0x0, 0x0, 0x0,

    /* U+786E "确" */
    0x0, 0x0, 0x0, 0x0, 0x0, 0x3, 0x72, 0x0,
    0x0, 0x0, 0x0, 0x77, 0x77, 0x77, 0x74, 0x0,
    0xbf, 0x60, 0x0, 0x0, 0x0, 0xe, 0xff, 0xff,
    0xff, 0x90, 0x3f, 0xfc, 0xbb, 0xba, 0x0, 0x0,
    0x56, 0xbf, 0xa6, 0x64, 0xb, 0xff, 0xff, 0xff,
    0xf3, 0x0, 0x0, 0xb, 0xf3, 0x0, 0x4, 0xfd,
    0x0, 0x7, 0xf9, 0x0, 0x0, 0x0, 0xff, 0x0,
    0x2, 0xef, 0x40, 0x2, 0xfe, 0x0, 0x0, 0x0,
    0x3f, 0xb0, 0x2, 0xef, 0xff, 0xff, 0xff, 0xff,
    0xff, 0x30, 0x7, 0xf7, 0x0, 0x2f, 0xff, 0xed,
    0xdf, 0xfd, 0xdf, 0xf3, 0x0, 0xdf, 0xca, 0xaa,
    0x46, 0xf8, 0x0, 0xfd, 0x0, 0xbf, 0x30, 0x4f,
    0xff, 0xff, 0xf0, 0x5f, 0x80, 0x1f, 0xd0, 0xc,
    0xf3, 0xc, 0xff, 0x63, 0xcf, 0x5, 0xff, 0xff,
    0xff, 0xff, 0xff, 0x34, 0xff, 0xf3, 0xb, 0xf0,
    0x6f, 0xc9, 0x9f, 0xe9, 0x9e, 0xf3, 0xf, 0xdf,
    0x30, 0xbf, 0x6, 0xf8, 0x0, 0xfd, 0x0, 0xbf,
    0x30, 0x58, 0xf3, 0xb, 0xf0, 0x7f, 0x93, 0x4f,
    0xd3, 0x3c, 0xf3, 0x0, 0x8f, 0x30, 0xbf, 0x8,
    0xff, 0xff, 0xff, 0xff, 0xff, 0x30, 0x8, 0xf3,
    0xb, 0xf0, 0xbf, 0x97, 0x8f, 0xe7, 0x7d, 0xf3,
    0x0, 0x8f, 0xdc, 0xff, 0xe, 0xf0, 0x0, 0xfd,
    0x0, 0xbf, 0x30, 0x8, 0xff, 0xff, 0xf4, 0xfc,
    0x0, 0xf, 0xd0, 0xb, 0xf3, 0x0, 0x8f, 0x40,
    0x0, 0xcf, 0x70, 0x0, 0xfd, 0x0, 0xcf, 0x30,
    0x7, 0xd2, 0x0, 0x6f, 0xe0, 0x0, 0xf, 0xc7,
    0xcf, 0xf2, 0x0, 0x0, 0x0, 0x0, 0xb5, 0x0,
    0x0, 0x0, 0x6f, 0xe8, 0x0, 0x0, 0x0, 0x0,
    0x0, 0x0, 0x0, 0x0, 0x0, 0x0, 0x0,

    /* U+793A "示" */
    0x0, 0x0, 0x0, 0x0, 0x0, 0x0, 0x0, 0x0,
    0x0, 0x0, 0x0, 0x0, 0x9f, 0xff, 0xff, 0xff,
    0xff, 0xff, 0xff, 0xfe, 0x0, 0x0, 0x9, 0xff,
    0xff, 0xff, 0xff, 0xff, 0xff, 0xff, 0xe0, 0x0,
    0x0, 0x0, 0x0, 0x0, 0x0, 0x0, 0x0, 0x0,
    0x0, 0x0, 0x0, 0x0, 0x0, 0x0, 0x0, 0x0,
    0x0, 0x0, 0x0, 0x0, 0x0, 0x0, 0x0, 0x0,
    0x0, 0x0, 0x0, 0x0, 0x0, 0x0, 0x0, 0x8,
    0xee, 0xee, 0xee, 0xee, 0xee, 0xee, 0xee, 0xee,
    0xee, 0xd0, 0x9f, 0xff, 0xff, 0xff, 0xff, 0xff,
    0xff, 0xff, 0xff, 0xfe, 0x1, 0x22, 0x22, 0x22,
    0x22, 0xef, 0x62, 0x22, 0x22, 0x22, 0x20, 0x0,
    0x0, 0x0, 0x0, 0xe, 0xf5, 0x0, 0x0, 0x0,
    0x0, 0x0, 0x0, 0x3a, 0x60, 0x0, 0xef, 0x50,
    0x3, 0xa4, 0x0, 0x0, 0x0, 0xb, 0xfb, 0x0,
    0xe, 0xf5, 0x0, 0x9f, 0xd0, 0x0, 0x0, 0x3,
    0xff, 0x40, 0x0, 0xef, 0x50, 0x1, 0xef, 0x80,
    0x0, 0x0, 0xaf, 0xc0, 0x0, 0xe, 0xf5, 0x0,
    0x6, 0xff, 0x20, 0x0, 0x5f, 0xf4, 0x0, 0x0,
    0xef, 0x50, 0x0, 0xc, 0xfb, 0x0, 0x2e, 0xfa,
    0x0, 0x0, 0xe, 0xf5, 0x0, 0x0, 0x4f, 0xf3,
    0xd, 0xfe, 0x10, 0x0, 0x0, 0xef, 0x50, 0x0,
    0x0, 0xdf, 0x90, 0x2c, 0x30, 0x2, 0x22, 0x2f,
    0xf4, 0x0, 0x0, 0x7, 0xb3, 0x0, 0x0, 0x0,
    0x8f, 0xff, 0xff, 0x20, 0x0, 0x0, 0x0, 0x0,
    0x0, 0x0, 0x3, 0xff, 0xec, 0x50, 0x0, 0x0,
    0x0, 0x0, 0x0, 0x0, 0x0, 0x0, 0x0, 0x0,
    0x0, 0x0, 0x0, 0x0, 0x0,

    /* U+79F0 "称" */
    0x0, 0x0, 0x0, 0x6, 0x10, 0x5, 0x72, 0x0,
    0x0, 0x0, 0x0, 0x0, 0x4, 0x7b, 0xff, 0xa0,
    0xc, 0xf4, 0x0, 0x0, 0x0, 0x0, 0x9, 0xff,
    0xff, 0xe9, 0x40, 0xf, 0xf1, 0x0, 0x0, 0x0,
    0x0, 0x4, 0xb8, 0xdf, 0x30, 0x0, 0x4f, 0xfe,
    0xee, 0xee, 0xee, 0xc0, 0x0, 0x0, 0xaf, 0x30,
    0x0, 0x8f, 0xff, 0xff, 0xff, 0xff, 0xb0, 0x0,
    0x0, 0xaf, 0x30, 0x0, 0xef, 0x20, 0xef, 0x20,
    0x9f, 0x50, 0x1, 0x11, 0xbf, 0x41, 0x15, 0xfb,
    0x0, 0xef, 0x10, 0xff, 0x0, 0xe, 0xff, 0xff,
    0xff, 0xed, 0xf4, 0x0, 0xef, 0x13, 0xe9, 0x0,
    0xc, 0xdd, 0xff, 0xed, 0xde, 0xc0, 0x0, 0xef,
    0x10, 0x0, 0x0, 0x0, 0x3, 0xff, 0x40, 0x0,
    0x48, 0x50, 0xef, 0x16, 0xb0, 0x0, 0x0, 0xa,
    0xff, 0xf3, 0x0, 0x5f, 0xa0, 0xef, 0x1a, 0xf5,
    0x0, 0x0, 0x1f, 0xff, 0xee, 0x20, 0x9f, 0x50,
    0xef, 0x15, 0xfa, 0x0, 0x0, 0x9f, 0xcf, 0x6f,
    0xd0, 0xdf, 0x10, 0xef, 0x10, 0xff, 0x0, 0x2,
    0xf9, 0xaf, 0x38, 0x62, 0xfd, 0x0, 0xef, 0x10,
    0xbf, 0x50, 0xc, 0xf2, 0xaf, 0x30, 0x8, 0xf8,
    0x0, 0xef, 0x10, 0x7f, 0x90, 0x3f, 0x90, 0xaf,
    0x30, 0x1e, 0xf2, 0x0, 0xef, 0x10, 0x3f, 0xd0,
    0xa, 0x0, 0xaf, 0x30, 0x4f, 0xa0, 0x0, 0xef,
    0x10, 0xf, 0xd0, 0x0, 0x0, 0xaf, 0x30, 0x1,
    0x10, 0x0, 0xef, 0x10, 0x2, 0x0, 0x0, 0x0,
    0xaf, 0x30, 0x0, 0x0, 0x1, 0xff, 0x10, 0x0,
    0x0, 0x0, 0x0, 0xaf, 0x30, 0x0, 0x4, 0xff,
    0xff, 0x0, 0x0, 0x0, 0x0, 0x0, 0xaf, 0x30,
    0x0, 0x0, 0xdd, 0xb4, 0x0, 0x0, 0x0,

    /* U+7A0D "稍" */
    0x0, 0x0, 0x0, 0x0, 0x0, 0x0, 0x0, 0x45,
    0x0, 0x0, 0x0, 0x0, 0x3, 0x9e, 0x80, 0x6,
    0x20, 0xe, 0xf0, 0x0, 0x92, 0x7, 0xcf, 0xff,
    0xfb, 0x6, 0xfa, 0x0, 0xef, 0x0, 0x7f, 0xa0,
    0x9f, 0xdf, 0xf1, 0x0, 0xd, 0xf3, 0xe, 0xf0,
    0xe, 0xf2, 0x0, 0x0, 0xef, 0x0, 0x0, 0x4f,
    0xa0, 0xef, 0x7, 0xf9, 0x0, 0x0, 0xe, 0xf0,
    0x0, 0x0, 0xd9, 0xe, 0xf0, 0x8e, 0x10, 0x1,
    0x11, 0xef, 0x11, 0x0, 0x12, 0x11, 0xef, 0x21,
    0x22, 0x1, 0xff, 0xff, 0xff, 0xf7, 0x1f, 0xff,
    0xff, 0xff, 0xff, 0xf2, 0x1d, 0xde, 0xff, 0xdd,
    0x61, 0xff, 0xcc, 0xcc, 0xcc, 0xff, 0x20, 0x0,
    0xaf, 0xf1, 0x0, 0x1f, 0xc0, 0x0, 0x0, 0xc,
    0xf2, 0x0, 0x1f, 0xff, 0xd1, 0x1, 0xfd, 0x22,
    0x22, 0x22, 0xcf, 0x20, 0x7, 0xff, 0xfe, 0xb0,
    0x1f, 0xff, 0xff, 0xff, 0xff, 0xf2, 0x0, 0xee,
    0xef, 0x5f, 0x41, 0xfe, 0x99, 0x99, 0x99, 0xef,
    0x20, 0x8f, 0x8e, 0xf0, 0x50, 0x1f, 0xc0, 0x0,
    0x0, 0xc, 0xf2, 0x2f, 0xf1, 0xef, 0x0, 0x1,
    0xff, 0xbb, 0xbb, 0xbb, 0xff, 0x20, 0xd8, 0xe,
    0xf0, 0x0, 0x1f, 0xff, 0xff, 0xff, 0xff, 0xf2,
    0x5, 0x0, 0xef, 0x0, 0x1, 0xfc, 0x0, 0x0,
    0x0, 0xcf, 0x20, 0x0, 0xe, 0xf0, 0x0, 0x1f,
    0xc0, 0x0, 0x0, 0xc, 0xf2, 0x0, 0x0, 0xef,
    0x0, 0x1, 0xfc, 0x0, 0x0, 0x0, 0xcf, 0x20,
    0x0, 0xe, 0xf0, 0x0, 0x1f, 0xc0, 0x0, 0x5f,
    0xff, 0xf0, 0x0, 0x0, 0xef, 0x0, 0x1, 0xfc,
    0x0, 0x0, 0xdd, 0xb5, 0x0,

    /* U+7A33 "稳" */
    0x0, 0x0, 0x0, 0x22, 0x0, 0x4, 0x84, 0x0,
    0x0, 0x0, 0x0, 0x0, 0x2, 0x7c, 0xfd, 0x0,
    0xd, 0xf6, 0x0, 0x0, 0x0, 0x0, 0x7, 0xef,
    0xff, 0xe9, 0x20, 0x9f, 0xff, 0xff, 0xff, 0x70,
    0x0, 0x4, 0xda, 0xff, 0x10, 0x7, 0xfe, 0x99,
    0x99, 0xff, 0x40, 0x0, 0x0, 0x0, 0xdf, 0x10,
    0x8f, 0xf3, 0x0, 0x6, 0xfa, 0x0, 0x0, 0x0,
    0x0, 0xdf, 0x13, 0xff, 0xda, 0xaa, 0xaf, 0xfb,
    0xa8, 0x0, 0x4, 0x55, 0xef, 0x65, 0x6b, 0xff,
    0xff, 0xff, 0xff, 0xfc, 0x0, 0xd, 0xff, 0xff,
    0xff, 0x60, 0x0, 0x0, 0x0, 0x1, 0xfc, 0x0,
    0x6, 0x79, 0xff, 0x87, 0x32, 0x88, 0x88, 0x88,
    0x89, 0xfc, 0x0, 0x0, 0x8, 0xff, 0x80, 0x4,
    0xff, 0xff, 0xff, 0xff, 0xfc, 0x0, 0x0, 0xe,
    0xff, 0xf4, 0x0, 0x0, 0x0, 0x0, 0x1, 0xfc,
    0x0, 0x0, 0x4f, 0xff, 0xfe, 0x10, 0x0, 0x0,
    0x0, 0x1, 0xfc, 0x0, 0x0, 0xaf, 0xff, 0x9f,
    0x8d, 0xff, 0xff, 0xff, 0xff, 0xfc, 0x0, 0x2,
    0xfb, 0xdf, 0x2e, 0x19, 0xaa, 0xaa, 0xba, 0xaa,
    0xa8, 0x0, 0xa, 0xf4, 0xdf, 0x11, 0x0, 0x0,
    0x6, 0xe3, 0x0, 0x0, 0x0, 0x3f, 0xd0, 0xdf,
    0x10, 0x35, 0x19, 0x73, 0xfe, 0x10, 0x89, 0x0,
    0xe, 0x50, 0xdf, 0x10, 0xbf, 0x5f, 0xc0, 0x7f,
    0x90, 0xbf, 0x30, 0x4, 0x0, 0xdf, 0x12, 0xfd,
    0x1f, 0xc0, 0x6, 0x7, 0x5f, 0xa0, 0x0, 0x0,
    0xdf, 0x1b, 0xf5, 0x1f, 0xc0, 0x0, 0x1f, 0xad,
    0xf1, 0x0, 0x0, 0xdf, 0x2d, 0xd0, 0xf, 0xfa,
    0x99, 0xcf, 0x66, 0xd3, 0x0, 0x0, 0xdf, 0x10,
    0x20, 0x7, 0xef, 0xff, 0xfb, 0x0, 0x0,

    /* U+7A7A "空" */
    0x0, 0x0, 0x0, 0x0, 0x27, 0x70, 0x0, 0x0,
    0x0, 0x0, 0x0, 0x0, 0x0, 0x0, 0x6f, 0xf2,
    0x0, 0x0, 0x0, 0x0, 0x0, 0x0, 0x0, 0x0,
    0xe, 0xf9, 0x0, 0x0, 0x0, 0x0, 0x3f, 0xff,
    0xff, 0xff, 0xff, 0xff, 0xff, 0xff, 0xff, 0xfe,
    0x3f, 0xfe, 0xee, 0xee, 0xee, 0xee, 0xee, 0xee,
    0xef, 0xfe, 0x3f, 0xc0, 0x0, 0x0, 0x0, 0x0,
    0x0, 0x0, 0x3, 0xfe, 0x3f, 0xc0, 0x0, 0x3c,
    0x30, 0x0, 0x99, 0x10, 0x3, 0xfe, 0x3f, 0xc0,
    0x8, 0xff, 0xa0, 0x3, 0xef, 0xf9, 0x22, 0xaa,
    0x2, 0x37, 0xef, 0xf6, 0x0, 0x0, 0x7, 0xef,
    0xfa, 0x20, 0x9, 0xff, 0xfb, 0x20, 0x0, 0x0,
    0x0, 0x18, 0xff, 0xf6, 0x7, 0xfb, 0x30, 0x0,
    0x0, 0x0, 0x0, 0x0, 0x1a, 0xe1, 0x0, 0x38,
    0xcc, 0xcc, 0xcc, 0xcc, 0xcc, 0xcc, 0xc6, 0x0,
    0x0, 0xa, 0xff, 0xff, 0xff, 0xff, 0xff, 0xff,
    0xf7, 0x0, 0x0, 0x0, 0x0, 0x0, 0xf, 0xf5,
    0x0, 0x0, 0x0, 0x0, 0x0, 0x0, 0x0, 0x0,
    0xf, 0xf4, 0x0, 0x0, 0x0, 0x0, 0x0, 0x0,
    0x0, 0x0, 0xf, 0xf4, 0x0, 0x0, 0x0, 0x0,
    0x0, 0x0, 0x0, 0x0, 0xf, 0xf4, 0x0, 0x0,
    0x0, 0x0, 0x0, 0x0, 0x0, 0x0, 0xf, 0xf4,
    0x0, 0x0, 0x0, 0x0, 0x1d, 0xdd, 0xdd, 0xdd,
    0xdf, 0xfe, 0xdd, 0xdd, 0xdd, 0xdb, 0x2f, 0xff,
    0xff, 0xff, 0xff, 0xff, 0xff, 0xff, 0xff, 0xfd,
    0x0, 0x0, 0x0, 0x0, 0x0, 0x0, 0x0, 0x0,
    0x0, 0x0,

    /* U+7AD6 "竖" */
    0x0, 0x0, 0x0, 0x0, 0x0, 0x0, 0x0, 0x0,
    0x0, 0x0, 0x0, 0x12, 0x0, 0x5f, 0x70, 0x99,
    0x99, 0x99, 0x99, 0xa5, 0x0, 0xa, 0xf3, 0x5,
    0xf7, 0xf, 0xff, 0xff, 0xff, 0xff, 0x90, 0x0,
    0xaf, 0x30, 0x5f, 0x70, 0x6f, 0xa2, 0x22, 0x3e,
    0xf3, 0x0, 0xa, 0xf3, 0x5, 0xf7, 0x0, 0xef,
    0x10, 0x6, 0xfc, 0x0, 0x0, 0xaf, 0x30, 0x5f,
    0x70, 0x6, 0xfb, 0x2, 0xef, 0x40, 0x0, 0xa,
    0xf3, 0x5, 0xf7, 0x0, 0xc, 0xf9, 0xdf, 0x80,
    0x0, 0x0, 0xaf, 0x30, 0x5f, 0x70, 0x0, 0x1e,
    0xff, 0xc0, 0x0, 0x0, 0xa, 0xf3, 0x5, 0xf7,
    0x0, 0x8, 0xff, 0xfe, 0x60, 0x0, 0x0, 0xaf,
    0x30, 0x5f, 0x73, 0x9e, 0xff, 0x9c, 0xff, 0xd8,
    0x30, 0x9, 0xf3, 0x5, 0xf7, 0x7f, 0xfa, 0x20,
    0x6, 0xef, 0xfc, 0x0, 0x0, 0x0, 0x39, 0x42,
    0xfc, 0x0, 0x0, 0x0, 0x5a, 0x20, 0x0, 0x0,
    0x0, 0x0, 0xe, 0xf2, 0x0, 0x0, 0x0, 0x0,
    0x0, 0x9e, 0xee, 0xee, 0xee, 0xff, 0xfe, 0xee,
    0xee, 0xee, 0x0, 0xa, 0xff, 0xff, 0xff, 0xff,
    0xff, 0xff, 0xff, 0xff, 0xf0, 0x0, 0x0, 0x4,
    0xda, 0x0, 0x0, 0x0, 0x6e, 0x80, 0x0, 0x0,
    0x0, 0x0, 0x2f, 0xf1, 0x0, 0x0, 0xa, 0xf8,
    0x0, 0x0, 0x0, 0x0, 0x0, 0xcf, 0x60, 0x0,
    0x0, 0xff, 0x20, 0x0, 0x0, 0x0, 0x0, 0x8,
    0xd5, 0x0, 0x0, 0x4f, 0xd0, 0x0, 0x0, 0x9,
    0xdd, 0xdd, 0xed, 0xdd, 0xdd, 0xde, 0xff, 0xdd,
    0xdd, 0xc0, 0xbf, 0xff, 0xff, 0xff, 0xff, 0xff,
    0xff, 0xff, 0xff, 0xfe, 0x0,

    /* U+7AEF "端" */
    0x0, 0x0, 0x30, 0x0, 0x0, 0x0, 0x2, 0x73,
    0x0, 0x0, 0x0, 0x0, 0xaf, 0x40, 0x0, 0x67,
    0x0, 0x5f, 0x70, 0x6, 0x71, 0x0, 0x4, 0xfc,
    0x0, 0xe, 0xf0, 0x5, 0xf7, 0x0, 0xdf, 0x20,
    0x0, 0xd, 0xf2, 0x0, 0xef, 0x0, 0x5f, 0x70,
    0xd, 0xf2, 0x7, 0x77, 0xba, 0x77, 0x3e, 0xf0,
    0x5, 0xf7, 0x0, 0xdf, 0x20, 0xff, 0xff, 0xff,
    0xf6, 0xef, 0xdd, 0xef, 0xed, 0xdf, 0xf2, 0x6,
    0x66, 0x66, 0x66, 0x2d, 0xff, 0xff, 0xff, 0xff,
    0xff, 0x20, 0x28, 0x20, 0xc, 0x80, 0x0, 0x0,
    0x0, 0x0, 0x0, 0x0, 0x3, 0xf6, 0x0, 0xfb,
    0xac, 0xcc, 0xcc, 0xcc, 0xcc, 0xcc, 0xb0, 0x1f,
    0x80, 0x2f, 0x8c, 0xff, 0xff, 0xff, 0xff, 0xff,
    0xfd, 0x0, 0xfb, 0x4, 0xf6, 0x0, 0x0, 0xb,
    0xf7, 0x0, 0x0, 0x0, 0xd, 0xd0, 0x6f, 0x30,
    0x0, 0x0, 0xdf, 0x30, 0x0, 0x0, 0x0, 0xbe,
    0x8, 0xf0, 0x3f, 0xff, 0xff, 0xff, 0xff, 0xff,
    0x60, 0xa, 0xf0, 0xad, 0x3, 0xfe, 0xbe, 0xfb,
    0xdf, 0xbd, 0xf6, 0x0, 0x9f, 0x1d, 0xa0, 0x3f,
    0xb0, 0xae, 0x8, 0xf1, 0x6f, 0x60, 0x2, 0x20,
    0xfc, 0xb8, 0xfb, 0xa, 0xe0, 0x8f, 0x16, 0xf6,
    0x5, 0x8c, 0xff, 0xff, 0xaf, 0xb0, 0xae, 0x8,
    0xf1, 0x6f, 0x60, 0xff, 0xff, 0xd9, 0x54, 0xfb,
    0xa, 0xe0, 0x8f, 0x16, 0xf6, 0xa, 0x95, 0x10,
    0x0, 0x3f, 0xb0, 0xae, 0x8, 0xf1, 0x6f, 0x60,
    0x0, 0x0, 0x0, 0x3, 0xfb, 0xa, 0xe0, 0x8f,
    0x7c, 0xf6, 0x0, 0x0, 0x0, 0x0, 0x3f, 0xb0,
    0x9c, 0x6, 0xc8, 0xfd, 0x10, 0x0, 0x0, 0x0,
    0x0, 0x0, 0x0, 0x0, 0x0, 0x0, 0x0,

    /* U+7B49 "等" */
    0x0, 0x1, 0x83, 0x0, 0x0, 0x0, 0x37, 0x20,
    0x0, 0x0, 0x0, 0x0, 0x9, 0xfb, 0x0, 0x0,
    0x0, 0xcf, 0x70, 0x0, 0x0, 0x0, 0x0, 0x2f,
    0xfd, 0xcc, 0xcc, 0x94, 0xff, 0xdc, 0xcc, 0xcc,
    0xa0, 0x0, 0xcf, 0xff, 0xff, 0xff, 0xce, 0xff,
    0xff, 0xff, 0xff, 0xd0, 0xa, 0xfe, 0x1c, 0xf4,
    0x1, 0xcf, 0xb0, 0x4f, 0xe0, 0x0, 0x0, 0x2e,
    0xf4, 0x5, 0xf8, 0x1, 0xff, 0x10, 0x9, 0xf6,
    0x0, 0x0, 0x1, 0x40, 0x1, 0x30, 0x2, 0xff,
    0x10, 0x2, 0x30, 0x0, 0x0, 0x0, 0xc, 0xff,
    0xff, 0xff, 0xff, 0xff, 0xff, 0xff, 0xf0, 0x0,
    0x0, 0x8, 0xaa, 0xaa, 0xab, 0xff, 0xba, 0xaa,
    0xaa, 0xa0, 0x0, 0x0, 0x0, 0x0, 0x0, 0x1,
    0xff, 0x0, 0x0, 0x0, 0x0, 0x0, 0xb, 0xbb,
    0xbb, 0xbb, 0xbc, 0xff, 0xcb, 0xbb, 0xbb, 0xbb,
    0xb0, 0xf, 0xff, 0xff, 0xff, 0xff, 0xff, 0xff,
    0xff, 0xff, 0xff, 0xf0, 0x0, 0x0, 0x0, 0x0,
    0x0, 0x0, 0x0, 0xbf, 0x70, 0x0, 0x0, 0x0,
    0x0, 0x0, 0x0, 0x0, 0x0, 0x0, 0xbf, 0x80,
    0x0, 0x0, 0x3, 0xff, 0xff, 0xff, 0xff, 0xff,
    0xff, 0xff, 0xff, 0xff, 0x60, 0x2, 0xbb, 0xbc,
    0xfc, 0xbb, 0xbb, 0xbb, 0xef, 0xdb, 0xbb, 0x50,
    0x0, 0x0, 0xc, 0xfa, 0x0, 0x0, 0x0, 0xaf,
    0x70, 0x0, 0x0, 0x0, 0x0, 0x3, 0xef, 0xc1,
    0x0, 0x0, 0xaf, 0x70, 0x0, 0x0, 0x0, 0x0,
    0x0, 0x1d, 0xfb, 0x0, 0x0, 0xbf, 0x70, 0x0,
    0x0, 0x0, 0x0, 0x0, 0x1, 0xb2, 0xe, 0xee,
    0xff, 0x50, 0x0, 0x0, 0x0, 0x0, 0x0, 0x0,
    0x0, 0x9, 0xff, 0xd8, 0x0, 0x0, 0x0, 0x0,
    0x0, 0x0, 0x0, 0x0, 0x0, 0x0, 0x0, 0x0,
    0x0, 0x0,

    /* U+7B97 "算" */
    0x0, 0x2, 0x84, 0x0, 0x0, 0x0, 0x48, 0x30,
    0x0, 0x0, 0x0, 0x0, 0xbf, 0x90, 0x0, 0x0,
    0xd, 0xf6, 0x0, 0x0, 0x0, 0x0, 0x4f, 0xff,
    0xff, 0xff, 0xa6, 0xff, 0xff, 0xff, 0xff, 0xc0,
    0x3e, 0xfa, 0xff, 0xca, 0xaa, 0xff, 0xab, 0xff,
    0xaa, 0xa8, 0x1e, 0xf9, 0x7, 0xfa, 0x1, 0xef,
    0x70, 0xb, 0xf9, 0x0, 0x0, 0x7b, 0x15, 0x6f,
    0xa5, 0x59, 0xe6, 0x55, 0x7f, 0x84, 0x0, 0x0,
    0x3, 0xff, 0xff, 0xff, 0xff, 0xff, 0xff, 0xff,
    0xa0, 0x0, 0x0, 0x3f, 0xe1, 0x11, 0x11, 0x11,
    0x11, 0x18, 0xfa, 0x0, 0x0, 0x3, 0xff, 0xff,
    0xff, 0xff, 0xff, 0xff, 0xff, 0xa0, 0x0, 0x0,
    0x3f, 0xe0, 0x0, 0x0, 0x0, 0x0, 0x8, 0xfa,
    0x0, 0x0, 0x3, 0xff, 0xff, 0xff, 0xff, 0xff,
    0xff, 0xff, 0xa0, 0x0, 0x0, 0x3f, 0xe4, 0x44,
    0x44, 0x44, 0x44, 0x4a, 0xfa, 0x0, 0x0, 0x3,
    0xfe, 0x55, 0x55, 0x55, 0x55, 0x55, 0xaf, 0xa0,
    0x0, 0x0, 0x3f, 0xff, 0xff, 0xff, 0xff, 0xff,
    0xff, 0xfa, 0x0, 0x0, 0x0, 0x0, 0x5f, 0xb0,
    0x0, 0x1, 0xff, 0x0, 0x0, 0x0, 0x8a, 0xaa,
    0xac, 0xfe, 0xaa, 0xaa, 0xbf, 0xfa, 0xaa, 0xa9,
    0xd, 0xff, 0xff, 0xff, 0xff, 0xff, 0xff, 0xff,
    0xff, 0xff, 0xe0, 0x0, 0x0, 0x8f, 0xf2, 0x0,
    0x0, 0x2f, 0xf1, 0x0, 0x0, 0x0, 0x4, 0xcf,
    0xf6, 0x0, 0x0, 0x1, 0xff, 0x0, 0x0, 0x0,
    0x3e, 0xff, 0xe5, 0x0, 0x0, 0x0, 0x1f, 0xf0,
    0x0, 0x0, 0x0, 0xac, 0x60, 0x0, 0x0, 0x0,
    0x1, 0xff, 0x0, 0x0, 0x0, 0x0, 0x0, 0x0,
    0x0, 0x0, 0x0, 0x0, 0x0, 0x0, 0x0,

    /* U+7ECF "经" */
    0x0, 0x0, 0x11, 0x0, 0x0, 0x0, 0x0, 0x0,
    0x0, 0x0, 0x0, 0x0, 0x0, 0x9f, 0x60, 0x2,
    0x33, 0x33, 0x33, 0x33, 0x30, 0x0, 0x0, 0x1,
    0xff, 0x30, 0xc, 0xff, 0xff, 0xff, 0xff, 0xf8,
    0x0, 0x0, 0x7, 0xfb, 0x0, 0x8, 0xaa, 0xaa,
    0xaa, 0xdf, 0xf3, 0x0, 0x0, 0xe, 0xf3, 0x0,
    0x0, 0x0, 0x0, 0x3, 0xff, 0x90, 0x0, 0x0,
    0x7f, 0xa0, 0x9, 0x10, 0x0, 0x0, 0x3e, 0xfb,
    0x0, 0x0, 0x2, 0xfe, 0x10, 0x9f, 0xc0, 0x0,
    0x6, 0xff, 0xc0, 0x0, 0x0, 0x1c, 0xfa, 0x67,
    0xff, 0x40, 0x2, 0xaf, 0xff, 0xc4, 0x0, 0x0,
    0x5f, 0xff, 0xff, 0xf8, 0x2, 0x9f, 0xff, 0x9d,
    0xff, 0xd5, 0x0, 0xd, 0xa8, 0xdf, 0xd1, 0xbf,
    0xff, 0xb2, 0x0, 0x5d, 0xff, 0xc1, 0x0, 0x5,
    0xfe, 0x20, 0x9f, 0xa3, 0x0, 0x0, 0x0, 0x5e,
    0xb0, 0x0, 0x3f, 0xf4, 0x0, 0x13, 0x11, 0x11,
    0x11, 0x11, 0x13, 0x10, 0x3, 0xef, 0xca, 0xcf,
    0x49, 0xff, 0xff, 0xff, 0xff, 0xff, 0x0, 0x3f,
    0xff, 0xff, 0xfe, 0x37, 0xcc, 0xcd, 0xfe, 0xcc,
    0xcc, 0x0, 0xf, 0xfc, 0x95, 0x20, 0x0, 0x0,
    0x6, 0xfa, 0x0, 0x0, 0x0, 0x4, 0x10, 0x0,
    0x0, 0x0, 0x0, 0x6, 0xfa, 0x0, 0x0, 0x0,
    0x0, 0x0, 0x0, 0x48, 0x10, 0x0, 0x6, 0xfa,
    0x0, 0x0, 0x0, 0x0, 0x48, 0xcf, 0xff, 0x40,
    0x0, 0x6, 0xfa, 0x0, 0x0, 0x0, 0x3f, 0xff,
    0xff, 0xc8, 0x10, 0x0, 0x6, 0xfa, 0x0, 0x0,
    0x0, 0x1f, 0xea, 0x61, 0x0, 0xde, 0xee, 0xef,
    0xff, 0xee, 0xee, 0xe1, 0x3, 0x0, 0x0, 0x0,
    0xef, 0xff, 0xff, 0xff, 0xff, 0xff, 0xf1,

    /* U+7ED9 "给" */
    0x0, 0x0, 0x11, 0x0, 0x0, 0x0, 0x1, 0x20,
    0x0, 0x0, 0x0, 0x0, 0x0, 0x8f, 0x70, 0x0,
    0x0, 0x8, 0xf9, 0x0, 0x0, 0x0, 0x0, 0x0,
    0xef, 0x60, 0x0, 0x0, 0xe, 0xfd, 0x0, 0x0,
    0x0, 0x0, 0x6, 0xfe, 0x0, 0x0, 0x0, 0x7f,
    0xff, 0x70, 0x0, 0x0, 0x0, 0xd, 0xf6, 0x0,
    0x0, 0x2, 0xff, 0x5e, 0xf3, 0x0, 0x0, 0x0,
    0x5f, 0xd0, 0x2a, 0x10, 0xc, 0xf9, 0x5, 0xfe,
    0x20, 0x0, 0x0, 0xef, 0x30, 0xaf, 0xa0, 0xaf,
    0xd0, 0x0, 0xaf, 0xe2, 0x0, 0xa, 0xfc, 0x57,
    0xff, 0x2a, 0xff, 0x62, 0x22, 0x3e, 0xfe, 0x50,
    0x2f, 0xff, 0xff, 0xf6, 0xcf, 0xff, 0xff, 0xff,
    0xff, 0xdf, 0xe1, 0xb, 0xb8, 0xdf, 0xc0, 0x4e,
    0x4a, 0xbb, 0xbb, 0xbb, 0x2a, 0x30, 0x0, 0x4,
    0xfe, 0x10, 0x0, 0x0, 0x0, 0x0, 0x0, 0x0,
    0x0, 0x0, 0x1e, 0xf4, 0x0, 0x0, 0x11, 0x11,
    0x11, 0x11, 0x10, 0x0, 0x1, 0xdf, 0xc8, 0xbe,
    0x71, 0xff, 0xff, 0xff, 0xff, 0xf1, 0x0, 0xe,
    0xff, 0xff, 0xfd, 0x51, 0xff, 0xbb, 0xbb, 0xbf,
    0xf1, 0x0, 0xb, 0xea, 0x73, 0x0, 0x1, 0xfe,
    0x0, 0x0, 0xf, 0xf1, 0x0, 0x1, 0x0, 0x0,
    0x0, 0x1, 0xfe, 0x0, 0x0, 0xf, 0xf1, 0x0,
    0x0, 0x0, 0x3, 0x6a, 0x61, 0xfe, 0x0, 0x0,
    0xf, 0xf1, 0x0, 0x5, 0x8c, 0xff, 0xff, 0x91,
    0xfe, 0x0, 0x0, 0xf, 0xf1, 0x0, 0xe, 0xff,
    0xfb, 0x73, 0x1, 0xff, 0xff, 0xff, 0xff, 0xf1,
    0x0, 0x8, 0x73, 0x0, 0x0, 0x1, 0xff, 0xcc,
    0xcc, 0xcf, 0xf1, 0x0, 0x0, 0x0, 0x0, 0x0,
    0x1, 0xfe, 0x0, 0x0, 0xf, 0xf1, 0x0,

    /* U+7EDF "统" */
    0x0, 0x0, 0x59, 0x20, 0x0, 0x0, 0x8, 0xb1,
    0x0, 0x0, 0x0, 0x0, 0x0, 0xcf, 0xb0, 0x0,
    0x0, 0xb, 0xf8, 0x0, 0x0, 0x0, 0x0, 0x2,
    0xff, 0x30, 0x0, 0x0, 0x5, 0xfe, 0x0, 0x0,
    0x0, 0x0, 0x9, 0xfc, 0x0, 0x1b, 0xbb, 0xbc,
    0xfc, 0xbb, 0xbb, 0xa0, 0x0, 0x1f, 0xf4, 0x0,
    0x2f, 0xff, 0xff, 0xff, 0xff, 0xff, 0xe0, 0x0,
    0x8f, 0xa0, 0x7e, 0x42, 0x22, 0xbf, 0xc2, 0x22,
    0x22, 0x20, 0x2, 0xff, 0x10, 0xef, 0x60, 0x5,
    0xff, 0x20, 0x4d, 0x20, 0x0, 0x1d, 0xfc, 0x8b,
    0xfd, 0x0, 0x1e, 0xf7, 0x0, 0x6f, 0xc0, 0x0,
    0x3f, 0xff, 0xff, 0xf4, 0x0, 0xbf, 0xc0, 0x0,
    0xc, 0xf6, 0x0, 0xd, 0xc9, 0xef, 0xb0, 0x2a,
    0xff, 0xba, 0xcd, 0xff, 0xfe, 0x0, 0x0, 0x4,
    0xfe, 0x10, 0x6f, 0xff, 0xff, 0xff, 0xfe, 0xef,
    0x80, 0x0, 0x1e, 0xf5, 0x0, 0x2e, 0xba, 0x85,
    0x33, 0x20, 0x3f, 0xc0, 0x0, 0xcf, 0xd6, 0x9d,
    0x20, 0xf, 0xf0, 0xc, 0xf3, 0x4, 0x0, 0xb,
    0xff, 0xff, 0xff, 0x20, 0x1f, 0xf0, 0xc, 0xf3,
    0x0, 0x0, 0xe, 0xff, 0xb7, 0x40, 0x0, 0x2f,
    0xe0, 0xc, 0xf3, 0x0, 0x0, 0x5, 0x40, 0x0,
    0x0, 0x0, 0x6f, 0xb0, 0xc, 0xf3, 0x0, 0x0,
    0x0, 0x0, 0x2, 0x8d, 0x30, 0xaf, 0x70, 0xc,
    0xf3, 0x7, 0x60, 0x0, 0x38, 0xdf, 0xff, 0x53,
    0xff, 0x30, 0xc, 0xf3, 0x9, 0xf2, 0xe, 0xff,
    0xfd, 0x71, 0x2d, 0xfa, 0x0, 0xc, 0xf4, 0xb,
    0xf1, 0xd, 0xd8, 0x20, 0x7, 0xff, 0xe1, 0x0,
    0xb, 0xfe, 0xcf, 0xd0, 0x2, 0x0, 0x0, 0x5,
    0xfc, 0x10, 0x0, 0x4, 0xef, 0xfe, 0x50, 0x0,
    0x0, 0x0, 0x0, 0x30, 0x0, 0x0, 0x0, 0x0,
    0x0, 0x0,

    /* U+7F6E "置" */
    0x7, 0xff, 0xff, 0xff, 0xff, 0xff, 0xff, 0xff,
    0xff, 0xc0, 0x7, 0xfb, 0x77, 0xbf, 0xb7, 0x7b,
    0xfb, 0x77, 0xaf, 0xc0, 0x7, 0xf7, 0x0, 0x7f,
    0x70, 0x6, 0xf7, 0x0, 0x4f, 0xc0, 0x7, 0xfb,
    0x77, 0xbf, 0xb7, 0x7b, 0xfb, 0x77, 0xaf, 0xc0,
    0x7, 0xff, 0xff, 0xff, 0xff, 0xff, 0xff, 0xff,
    0xff, 0xc0, 0x0, 0x0, 0x0, 0x0, 0x4f, 0xe0,
    0x0, 0x0, 0x0, 0x0, 0x7f, 0xff, 0xff, 0xff,
    0xff, 0xff, 0xff, 0xff, 0xff, 0xf5, 0x38, 0x88,
    0x88, 0x88, 0xcf, 0xb8, 0x88, 0x88, 0x88, 0x82,
    0x0, 0x5, 0x55, 0x55, 0xcf, 0x85, 0x55, 0x55,
    0x50, 0x0, 0x0, 0xf, 0xff, 0xff, 0xff, 0xff,
    0xff, 0xff, 0xf0, 0x0, 0x0, 0xf, 0xf0, 0x0,
    0x0, 0x0, 0x0, 0x1f, 0xf0, 0x0, 0x0, 0xf,
    0xff, 0xff, 0xff, 0xff, 0xff, 0xff, 0xf0, 0x0,
    0x0, 0xf, 0xf0, 0x0, 0x0, 0x0, 0x0, 0xf,
    0xf0, 0x0, 0x0, 0xf, 0xff, 0xff, 0xff, 0xff,
    0xff, 0xff, 0xf0, 0x0, 0x0, 0xf, 0xf2, 0x22,
    0x22, 0x22, 0x22, 0x3f, 0xf0, 0x0, 0x0, 0xf,
    0xfb, 0xbb, 0xbb, 0xbb, 0xbb, 0xbf, 0xf0, 0x0,
    0x0, 0xf, 0xf6, 0x66, 0x66, 0x66, 0x66, 0x7f,
    0xf0, 0x0, 0x57, 0x7f, 0xf7, 0x77, 0x77, 0x77,
    0x77, 0x7f, 0xf7, 0x76, 0xcf, 0xff, 0xff, 0xff,
    0xff, 0xff, 0xff, 0xff, 0xff, 0xfe, 0x0, 0x0,
    0x0, 0x0, 0x0, 0x0, 0x0, 0x0, 0x0, 0x0,

    /* U+7FFB "翻" */
    0x0, 0x0, 0x0, 0x3, 0x56, 0x0, 0x0, 0x0,
    0x0, 0x0, 0x0, 0x7a, 0xcd, 0xef, 0xff, 0xf4,
    0x8b, 0xbb, 0x78, 0xaa, 0xa7, 0x7, 0xcb, 0xae,
    0xf5, 0x52, 0xc, 0xff, 0xfa, 0xcf, 0xff, 0xa0,
    0xc, 0x90, 0xcf, 0xa, 0xf1, 0x0, 0xf, 0xa1,
    0x12, 0xfa, 0x0, 0x9f, 0xc, 0xf1, 0xf9, 0x0,
    0x0, 0xfa, 0x0, 0xf, 0xa0, 0x8a, 0xe8, 0xef,
    0xaf, 0xa5, 0xa8, 0xf, 0xab, 0x90, 0xfa, 0xf,
    0xff, 0xff, 0xff, 0xff, 0x99, 0xe0, 0xfa, 0x8e,
    0x1f, 0xa0, 0x0, 0x2e, 0xff, 0xd3, 0x0, 0x3f,
    0x4f, 0xa3, 0xf5, 0xfa, 0x0, 0xc, 0xfe, 0xfe,
    0xf7, 0x0, 0xe9, 0xfa, 0xf, 0xaf, 0xa0, 0x1c,
    0xf7, 0xcf, 0x1d, 0xf9, 0x8, 0x6f, 0xa0, 0x75,
    0xfa, 0x1e, 0xfa, 0xc, 0xf0, 0x1d, 0x50, 0x0,
    0xfa, 0x0, 0x1f, 0xa0, 0xea, 0x0, 0x79, 0x0,
    0x0, 0x0, 0x9f, 0xa0, 0xb, 0xfa, 0x6, 0xff,
    0xff, 0xff, 0xff, 0x60, 0x8f, 0xfa, 0xa, 0xff,
    0xa0, 0x4f, 0xb9, 0xde, 0x9b, 0xf6, 0x7f, 0xbf,
    0xba, 0xfa, 0xfa, 0x4, 0xf4, 0x9, 0xd0, 0x4f,
    0x7f, 0xc0, 0xfb, 0xd9, 0x1f, 0xa0, 0x4f, 0xff,
    0xff, 0xff, 0xf6, 0x60, 0xf, 0xa2, 0x0, 0xfa,
    0x4, 0xf9, 0x7c, 0xe7, 0x9f, 0x60, 0x0, 0xfa,
    0x0, 0xf, 0xa0, 0x4f, 0x40, 0x9d, 0x4, 0xf6,
    0x0, 0xf, 0xa0, 0x0, 0xfa, 0x4, 0xff, 0xff,
    0xff, 0xff, 0x60, 0x0, 0xfa, 0x0, 0x1f, 0xa0,
    0x4f, 0xb9, 0x99, 0x9b, 0xf6, 0xd, 0xdf, 0x94,
    0xde, 0xf9, 0x4, 0xf4, 0x0, 0x0, 0x4f, 0x60,
    0xbe, 0xb2, 0xe, 0xeb, 0x10,

    /* U+8033 "耳" */
    0x2, 0x33, 0x33, 0x33, 0x33, 0x33, 0x33, 0x33,
    0x33, 0x33, 0x20, 0x9f, 0xff, 0xff, 0xff, 0xff,
    0xff, 0xff, 0xff, 0xff, 0xfb, 0x8, 0xdd, 0xef,
    0xfd, 0xdd, 0xdd, 0xdd, 0xdf, 0xfe, 0xdd, 0x90,
    0x0, 0x4, 0xfe, 0x0, 0x0, 0x0, 0x0, 0xef,
    0x50, 0x0, 0x0, 0x0, 0x4f, 0xe0, 0x0, 0x0,
    0x0, 0xe, 0xf5, 0x0, 0x0, 0x0, 0x4, 0xff,
    0xbb, 0xbb, 0xbb, 0xbb, 0xff, 0x50, 0x0, 0x0,
    0x0, 0x4f, 0xff, 0xff, 0xff, 0xff, 0xff, 0xf5,
    0x0, 0x0, 0x0, 0x4, 0xff, 0x33, 0x33, 0x33,
    0x33, 0xef, 0x50, 0x0, 0x0, 0x0, 0x4f, 0xe0,
    0x0, 0x0, 0x0, 0xe, 0xf5, 0x0, 0x0, 0x0,
    0x4, 0xfe, 0x0, 0x0, 0x0, 0x0, 0xef, 0x50,
    0x0, 0x0, 0x0, 0x4f, 0xfe, 0xee, 0xee, 0xee,
    0xef, 0xf5, 0x0, 0x0, 0x0, 0x4, 0xff, 0xff,
    0xff, 0xff, 0xff, 0xff, 0x50, 0x0, 0x0, 0x0,
    0x4f, 0xf0, 0x0, 0x0, 0x0, 0xe, 0xf5, 0x0,
    0x0, 0x0, 0x4, 0xfe, 0x0, 0x0, 0x0, 0x0,
    0xef, 0x50, 0x0, 0x0, 0x0, 0x4f, 0xe0, 0x0,
    0x23, 0x45, 0x6f, 0xfc, 0xbc, 0xc0, 0x89, 0xac,
    0xff, 0xef, 0xff, 0xff, 0xff, 0xff, 0xff, 0xfe,
    0xf, 0xff, 0xff, 0xff, 0xff, 0xff, 0xed, 0xcf,
    0xfa, 0x75, 0x40, 0xaa, 0x98, 0x76, 0x43, 0x21,
    0x0, 0x0, 0xef, 0x50, 0x0, 0x0, 0x0, 0x0,
    0x0, 0x0, 0x0, 0x0, 0xe, 0xf5, 0x0, 0x0,
    0x0, 0x0, 0x0, 0x0, 0x0, 0x0, 0x0, 0xef,
    0x50, 0x0,

    /* U+8036 "耶" */
    0x0, 0x0, 0x0, 0x0, 0x0, 0x0, 0x1, 0x11,
    0x11, 0x11, 0x0, 0xf, 0xff, 0xff, 0xff, 0xff,
    0xfa, 0x4f, 0xff, 0xff, 0xff, 0xa0, 0xd, 0xef,
    0xed, 0xdd, 0xff, 0xd8, 0x4f, 0xfc, 0xcc, 0xff,
    0x90, 0x0, 0x6f, 0x70, 0x0, 0xef, 0x10, 0x4f,
    0xb0, 0x0, 0xef, 0x10, 0x0, 0x6f, 0x70, 0x0,
    0xef, 0x10, 0x4f, 0xb0, 0x6, 0xfa, 0x0, 0x0,
    0x6f, 0xda, 0xaa, 0xff, 0x10, 0x4f, 0xb0, 0xc,
    0xf2, 0x0, 0x0, 0x6f, 0xff, 0xff, 0xff, 0x10,
    0x4f, 0xb0, 0x3f, 0xa0, 0x0, 0x0, 0x6f, 0x80,
    0x0, 0xef, 0x10, 0x4f, 0xb0, 0xaf, 0x30, 0x0,
    0x0, 0x6f, 0x70, 0x0, 0xef, 0x10, 0x4f, 0xb0,
    0x9f, 0xa0, 0x0, 0x0, 0x6f, 0x80, 0x0, 0xef,
    0x10, 0x4f, 0xb0, 0xa, 0xf8, 0x0, 0x0, 0x6f,
    0xff, 0xff, 0xff, 0x10, 0x4f, 0xb0, 0x0, 0xdf,
    0x30, 0x0, 0x6f, 0xda, 0xaa, 0xff, 0x10, 0x4f,
    0xb0, 0x0, 0x4f, 0xb0, 0x0, 0x6f, 0x70, 0x0,
    0xef, 0x10, 0x4f, 0xb0, 0x0, 0xf, 0xf0, 0x0,
    0x6f, 0x70, 0x0, 0xef, 0x52, 0x4f, 0xb0, 0x0,
    0xf, 0xf0, 0x0, 0x8f, 0xb9, 0xbd, 0xff, 0xf7,
    0x4f, 0xb0, 0x11, 0x7f, 0xd0, 0x2f, 0xff, 0xff,
    0xff, 0xff, 0x83, 0x4f, 0xb0, 0xdf, 0xff, 0x50,
    0xf, 0xeb, 0x86, 0x30, 0xef, 0x10, 0x4f, 0xb0,
    0x7c, 0xa5, 0x0, 0x0, 0x0, 0x0, 0x0, 0xef,
    0x10, 0x4f, 0xb0, 0x0, 0x0, 0x0, 0x0, 0x0,
    0x0, 0x0, 0xef, 0x10, 0x4f, 0xb0, 0x0, 0x0,
    0x0, 0x0, 0x0, 0x0, 0x0, 0xef, 0x10, 0x4f,
    0xa0, 0x0, 0x0, 0x0,

    /* U+80FD "能" */
    0x0, 0x7, 0x50, 0x0, 0x0, 0x7, 0x81, 0x0,
    0x0, 0x0, 0x0, 0x3, 0xff, 0x30, 0x10, 0x0,
    0xef, 0x10, 0x0, 0x0, 0x0, 0x0, 0xbf, 0xa1,
    0xde, 0x10, 0xe, 0xf1, 0x0, 0x6d, 0x40, 0x0,
    0x5f, 0xe1, 0x9, 0xf9, 0x0, 0xef, 0x49, 0xef,
    0xfa, 0x0, 0x3e, 0xf6, 0x23, 0x6f, 0xf3, 0xe,
    0xff, 0xfe, 0x82, 0x0, 0xa, 0xff, 0xff, 0xff,
    0xff, 0xb0, 0xef, 0x93, 0x0, 0x0, 0x0, 0x4d,
    0xb9, 0x76, 0x54, 0xfd, 0xe, 0xf1, 0x0, 0x0,
    0xa8, 0x0, 0x0, 0x0, 0x0, 0x2, 0x0, 0xef,
    0x20, 0x0, 0xe, 0xf0, 0x9, 0xaa, 0xaa, 0xaa,
    0xa1, 0xd, 0xfc, 0xaa, 0xac, 0xfc, 0x0, 0xef,
    0xff, 0xff, 0xff, 0x10, 0x5f, 0xff, 0xff, 0xff,
    0x40, 0xe, 0xf1, 0x0, 0xe, 0xf1, 0x1, 0x12,
    0x22, 0x22, 0x0, 0x0, 0xef, 0x98, 0x88, 0xff,
    0x10, 0xef, 0x20, 0x0, 0x10, 0x0, 0xe, 0xff,
    0xff, 0xff, 0xf1, 0xe, 0xf2, 0x1, 0x8f, 0xb0,
    0x0, 0xef, 0x10, 0x0, 0xef, 0x10, 0xef, 0x49,
    0xff, 0xfa, 0x10, 0xe, 0xf1, 0x0, 0xe, 0xf1,
    0xe, 0xff, 0xff, 0x92, 0x0, 0x0, 0xef, 0xff,
    0xff, 0xff, 0x10, 0xef, 0xb5, 0x0, 0x0, 0x0,
    0xe, 0xf9, 0x88, 0x8f, 0xf1, 0xe, 0xf2, 0x0,
    0x0, 0x66, 0x0, 0xef, 0x0, 0x0, 0xef, 0x10,
    0xef, 0x20, 0x0, 0xa, 0xf3, 0xe, 0xf0, 0x0,
    0xf, 0xf1, 0xd, 0xf4, 0x0, 0x0, 0xdf, 0x10,
    0xef, 0x3, 0xee, 0xff, 0x0, 0xbf, 0xff, 0xff,
    0xff, 0xc0, 0xe, 0xf0, 0xd, 0xec, 0x50, 0x2,
    0xac, 0xdd, 0xdd, 0xb2, 0x0,

    /* U+8111 "脑" */
    0x0, 0x0, 0x0, 0x0, 0x0, 0x0, 0x3, 0x30,
    0x0, 0x0, 0x0, 0xb, 0xbb, 0xbb, 0xa0, 0x0,
    0x5, 0xfd, 0x0, 0x0, 0x0, 0x0, 0xff, 0xff,
    0xfe, 0x0, 0x0, 0xd, 0xf6, 0x0, 0x0, 0x0,
    0xf, 0xc0, 0xd, 0xe1, 0x44, 0x44, 0x8f, 0xd4,
    0x44, 0x43, 0x0, 0xfc, 0x0, 0xde, 0x6f, 0xff,
    0xff, 0xff, 0xff, 0xff, 0xc0, 0xf, 0xc0, 0xd,
    0xe4, 0x99, 0x99, 0x99, 0x99, 0x99, 0x97, 0x0,
    0xfe, 0xaa, 0xfe, 0x0, 0x0, 0x0, 0x5, 0xf5,
    0x0, 0x0, 0xf, 0xff, 0xff, 0xe0, 0x99, 0x15,
    0x0, 0xaf, 0x27, 0xa2, 0x0, 0xfc, 0x0, 0xde,
    0xf, 0xfa, 0xf5, 0xf, 0xc0, 0xbf, 0x30, 0xf,
    0xc0, 0xd, 0xe0, 0xff, 0xd, 0xf8, 0xf6, 0xb,
    0xf3, 0x0, 0xfc, 0x0, 0xde, 0xf, 0xf0, 0x2f,
    0xff, 0x10, 0xbf, 0x30, 0x1f, 0xfb, 0xbf, 0xe0,
    0xff, 0x0, 0x7f, 0xe0, 0xb, 0xf3, 0x1, 0xff,
    0xff, 0xfe, 0xf, 0xf0, 0xc, 0xff, 0x70, 0xbf,
    0x30, 0x2f, 0xa0, 0xd, 0xe0, 0xff, 0x5, 0xfb,
    0xef, 0x1b, 0xf3, 0x3, 0xf8, 0x0, 0xde, 0xf,
    0xf2, 0xff, 0x26, 0xfa, 0xbf, 0x30, 0x5f, 0x60,
    0xd, 0xe0, 0xff, 0xdf, 0x70, 0xd, 0x8b, 0xf3,
    0x7, 0xf4, 0x0, 0xde, 0xf, 0xf4, 0xb0, 0x0,
    0x10, 0xbf, 0x30, 0xaf, 0x20, 0xd, 0xe0, 0xff,
    0x0, 0x0, 0x0, 0xb, 0xf3, 0xe, 0xe0, 0x0,
    0xde, 0xf, 0xff, 0xff, 0xff, 0xff, 0xff, 0x33,
    0xf9, 0x8, 0xcf, 0xd0, 0xde, 0xee, 0xee, 0xee,
    0xef, 0xf3, 0x8, 0x50, 0x5f, 0xd5, 0x0, 0x0,
    0x0, 0x0, 0x0, 0xbf, 0x30, 0x0, 0x0, 0x0,
    0x0, 0x0, 0x0, 0x0, 0x0, 0x0, 0x0,

    /* U+81EA "自" */
    0x0, 0x0, 0x0, 0x6b, 0x90, 0x0, 0x0, 0x0,
    0x0, 0x0, 0x0, 0xbf, 0xb0, 0x0, 0x0, 0x0,
    0x0, 0x0, 0x0, 0xff, 0x40, 0x0, 0x0, 0x0,
    0xbd, 0xdd, 0xdd, 0xff, 0xdd, 0xdd, 0xdd, 0xdc,
    0xcf, 0xff, 0xff, 0xff, 0xff, 0xff, 0xff, 0xfe,
    0xcf, 0x62, 0x22, 0x22, 0x22, 0x22, 0x25, 0xfe,
    0xcf, 0x40, 0x0, 0x0, 0x0, 0x0, 0x4, 0xfe,
    0xcf, 0x40, 0x0, 0x0, 0x0, 0x0, 0x4, 0xfe,
    0xcf, 0xee, 0xee, 0xee, 0xee, 0xee, 0xee, 0xfe,
    0xcf, 0xff, 0xff, 0xff, 0xff, 0xff, 0xff, 0xfe,
    0xcf, 0x50, 0x0, 0x0, 0x0, 0x0, 0x4, 0xfe,
    0xcf, 0x40, 0x0, 0x0, 0x0, 0x0, 0x4, 0xfe,
    0xcf, 0x50, 0x0, 0x0, 0x0, 0x0, 0x4, 0xfe,
    0xcf, 0xff, 0xff, 0xff, 0xff, 0xff, 0xff, 0xfe,
    0xcf, 0xee, 0xee, 0xee, 0xee, 0xee, 0xee, 0xfe,
    0xcf, 0x40, 0x0, 0x0, 0x0, 0x0, 0x4, 0xfe,
    0xcf, 0x40, 0x0, 0x0, 0x0, 0x0, 0x4, 0xfe,
    0xcf, 0x50, 0x0, 0x0, 0x0, 0x0, 0x4, 0xfe,
    0xcf, 0xff, 0xff, 0xff, 0xff, 0xff, 0xff, 0xfe,
    0xcf, 0xee, 0xee, 0xee, 0xee, 0xee, 0xee, 0xfe,
    0xcf, 0x40, 0x0, 0x0, 0x0, 0x0, 0x3, 0xed,

    /* U+83DC "菜" */
    0x0, 0x0, 0x0, 0x58, 0x40, 0x0, 0x2, 0x88,
    0x0, 0x0, 0x0, 0x1, 0x11, 0x11, 0xaf, 0x91,
    0x11, 0x15, 0xfe, 0x11, 0x11, 0x10, 0x9, 0xff,
    0xff, 0xff, 0xff, 0xff, 0xff, 0xff, 0xff, 0xff,
    0xe0, 0x6, 0xbb, 0xbb, 0xef, 0xdb, 0xbb, 0xbc,
    0xff, 0xbb, 0xbb, 0xa0, 0x0, 0x0, 0x0, 0x9f,
    0x80, 0x0, 0x3, 0xfe, 0x2, 0x0, 0x0, 0x0,
    0x0, 0x0, 0x36, 0x53, 0x45, 0x79, 0xbd, 0xff,
    0xa0, 0x0, 0x0, 0xcf, 0xff, 0xff, 0xff, 0xff,
    0xff, 0xff, 0xeb, 0x92, 0x0, 0x0, 0x9e, 0xdc,
    0xbb, 0xa9, 0x97, 0x64, 0x21, 0x3, 0x30, 0x0,
    0x0, 0x2, 0x70, 0x0, 0x8, 0xe3, 0x0, 0x0,
    0xd, 0xf7, 0x0, 0x0, 0xb, 0xf8, 0x0, 0x6,
    0xfc, 0x0, 0x0, 0x6f, 0xe0, 0x0, 0x0, 0x1,
    0xff, 0x20, 0x0, 0xff, 0x10, 0x0, 0xef, 0x40,
    0x0, 0x0, 0x0, 0x8f, 0x70, 0x0, 0xc9, 0x10,
    0x7, 0xf9, 0x0, 0x0, 0x0, 0x0, 0x12, 0x0,
    0x0, 0xff, 0x20, 0x0, 0x40, 0x0, 0x0, 0x8,
    0xee, 0xee, 0xee, 0xee, 0xff, 0xee, 0xee, 0xee,
    0xee, 0xd0, 0x9, 0xff, 0xff, 0xff, 0xff, 0xff,
    0xff, 0xff, 0xff, 0xff, 0xe0, 0x0, 0x0, 0x0,
    0x8, 0xff, 0xff, 0xff, 0x80, 0x0, 0x0, 0x0,
    0x0, 0x0, 0x3, 0xcf, 0xf4, 0xff, 0x5d, 0xfd,
    0x40, 0x0, 0x0, 0x0, 0x5, 0xbf, 0xfd, 0x20,
    0xff, 0x21, 0xbf, 0xfc, 0x71, 0x0, 0x9, 0xef,
    0xff, 0x80, 0x0, 0xff, 0x20, 0x6, 0xef, 0xff,
    0xb1, 0x9, 0xff, 0x91, 0x0, 0x0, 0xff, 0x20,
    0x0, 0x7, 0xef, 0x90, 0x0, 0x61, 0x0, 0x0,
    0x0, 0xff, 0x20, 0x0, 0x0, 0x4, 0x0,

    /* U+84DD "蓝" */
    0x0, 0x0, 0x0, 0x66, 0x10, 0x0, 0x0, 0x66,
    0x0, 0x0, 0x0, 0x0, 0x0, 0x0, 0xef, 0x30,
    0x0, 0x2, 0xfe, 0x0, 0x0, 0x0, 0xc, 0xff,
    0xff, 0xff, 0xff, 0xff, 0xff, 0xff, 0xff, 0xff,
    0xd0, 0x9, 0xbb, 0xbb, 0xff, 0xcb, 0xbb, 0xbc,
    0xff, 0xbb, 0xbb, 0x90, 0x0, 0x0, 0x0, 0xdf,
    0x20, 0x0, 0x2, 0xfe, 0x0, 0x0, 0x0, 0x0,
    0x0, 0x0, 0x18, 0x70, 0x0, 0x7b, 0x40, 0x0,
    0x0, 0x0, 0x0, 0x3c, 0x90, 0x2f, 0xd0, 0x0,
    0xdf, 0x50, 0x0, 0x0, 0x0, 0x0, 0x3f, 0xb0,
    0x2f, 0xd0, 0x3, 0xff, 0xff, 0xff, 0xff, 0x0,
    0x0, 0x3f, 0xb0, 0x2f, 0xd0, 0x9, 0xfd, 0xab,
    0xba, 0xaa, 0x0, 0x0, 0x3f, 0xb0, 0x2f, 0xd0,
    0x2f, 0xf1, 0x4e, 0x60, 0x0, 0x0, 0x0, 0x3f,
    0xb0, 0x2f, 0xd0, 0xcf, 0x80, 0x1e, 0xf3, 0x0,
    0x0, 0x0, 0x3f, 0xb0, 0x2f, 0xd0, 0x8d, 0x0,
    0x3, 0xfc, 0x0, 0x0, 0x0, 0x28, 0x50, 0x2e,
    0xc0, 0x0, 0x0, 0x0, 0xbc, 0x10, 0x0, 0x0,
    0x5, 0x88, 0x88, 0x88, 0x88, 0x88, 0x88, 0x99,
    0x70, 0x0, 0x0, 0x9, 0xff, 0xff, 0xff, 0xff,
    0xff, 0xff, 0xff, 0xc0, 0x0, 0x0, 0x9, 0xf6,
    0x12, 0xfb, 0x11, 0xaf, 0x31, 0x4f, 0xc0, 0x0,
    0x0, 0x9, 0xf5, 0x0, 0xfb, 0x0, 0xaf, 0x10,
    0x3f, 0xc0, 0x0, 0x0, 0x9, 0xf5, 0x0, 0xfb,
    0x0, 0xaf, 0x10, 0x3f, 0xc0, 0x0, 0x0, 0x9,
    0xf5, 0x0, 0xfb, 0x0, 0xaf, 0x10, 0x3f, 0xc0,
    0x0, 0xc, 0xce, 0xfd, 0xcc, 0xfe, 0xcc, 0xef,
    0xcc, 0xdf, 0xfc, 0xc0, 0xf, 0xff, 0xff, 0xff,
    0xff, 0xff, 0xff, 0xff, 0xff, 0xff, 0xf1,

    /* U+884C "行" */
    0x0, 0x0, 0x2, 0x10, 0x0, 0x0, 0x0, 0x0,
    0x0, 0x0, 0x0, 0x0, 0x0, 0x1e, 0xf5, 0x0,
    0x0, 0x0, 0x0, 0x0, 0x0, 0x0, 0x0, 0x1,
    0xdf, 0xc0, 0x5, 0xff, 0xff, 0xff, 0xff, 0xff,
    0x70, 0x0, 0x2d, 0xfd, 0x0, 0x4, 0xee, 0xee,
    0xee, 0xee, 0xee, 0x60, 0x4, 0xef, 0xd1, 0x0,
    0x0, 0x0, 0x0, 0x0, 0x0, 0x0, 0x0, 0x1f,
    0xfa, 0x0, 0x54, 0x0, 0x0, 0x0, 0x0, 0x0,
    0x0, 0x0, 0x8, 0x80, 0x3, 0xff, 0x40, 0x0,
    0x0, 0x0, 0x0, 0x0, 0x0, 0x0, 0x0, 0x1d,
    0xf8, 0x0, 0x0, 0x0, 0x0, 0x0, 0x0, 0x0,
    0x0, 0x0, 0xbf, 0xd0, 0x4f, 0xff, 0xff, 0xff,
    0xff, 0xff, 0xf0, 0x0, 0xa, 0xff, 0x30, 0x4e,
    0xee, 0xee, 0xef, 0xff, 0xee, 0xe0, 0x0, 0xbf,
    0xff, 0x20, 0x0, 0x0, 0x0, 0x4, 0xfd, 0x0,
    0x0, 0x1c, 0xff, 0xff, 0x20, 0x0, 0x0, 0x0,
    0x4, 0xfd, 0x0, 0x0, 0x2f, 0xf5, 0xef, 0x20,
    0x0, 0x0, 0x0, 0x4, 0xfd, 0x0, 0x0, 0x5,
    0x40, 0xef, 0x20, 0x0, 0x0, 0x0, 0x4, 0xfd,
    0x0, 0x0, 0x0, 0x0, 0xef, 0x20, 0x0, 0x0,
    0x0, 0x4, 0xfd, 0x0, 0x0, 0x0, 0x0, 0xef,
    0x20, 0x0, 0x0, 0x0, 0x4, 0xfd, 0x0, 0x0,
    0x0, 0x0, 0xef, 0x20, 0x0, 0x0, 0x0, 0x4,
    0xfd, 0x0, 0x0, 0x0, 0x0, 0xef, 0x20, 0x0,
    0x0, 0x0, 0x4, 0xfd, 0x0, 0x0, 0x0, 0x0,
    0xef, 0x20, 0x0, 0x0, 0x0, 0x5, 0xfd, 0x0,
    0x0, 0x0, 0x0, 0xef, 0x20, 0x0, 0x0, 0xef,
    0xff, 0xfa, 0x0, 0x0, 0x0, 0x0, 0xef, 0x20,
    0x0, 0x0, 0xaf, 0xfe, 0xb1, 0x0, 0x0, 0x0,
    0x0, 0x11, 0x0, 0x0, 0x0, 0x0, 0x0, 0x0,
    0x0, 0x0,

    /* U+88AB "被" */
    0x0, 0x0, 0x50, 0x0, 0x0, 0x0, 0x0, 0x78,
    0x0, 0x0, 0x0, 0x0, 0xa, 0xf6, 0x0, 0x0,
    0x0, 0x0, 0xdf, 0x10, 0x0, 0x0, 0x0, 0x2,
    0xfe, 0x0, 0x0, 0x0, 0x0, 0xdf, 0x10, 0x0,
    0x0, 0x0, 0x0, 0x9e, 0x20, 0x5, 0x77, 0x77,
    0xef, 0x87, 0x78, 0x61, 0x1c, 0xcc, 0xdd, 0xd9,
    0xb, 0xff, 0xff, 0xff, 0xff, 0xff, 0xf2, 0x1f,
    0xff, 0xff, 0xfd, 0xb, 0xf8, 0x66, 0xef, 0x76,
    0x8f, 0xd0, 0x0, 0x0, 0x6, 0xf7, 0xb, 0xf2,
    0x0, 0xdf, 0x10, 0x6f, 0x90, 0x0, 0x0, 0xd,
    0xf1, 0xb, 0xf2, 0x0, 0xdf, 0x10, 0xaf, 0x30,
    0x0, 0x0, 0x7f, 0x82, 0x1b, 0xf3, 0x0, 0xef,
    0x10, 0x14, 0x0, 0x0, 0x3, 0xff, 0x1d, 0xbb,
    0xff, 0xff, 0xff, 0xff, 0xff, 0x40, 0x0, 0x1d,
    0xff, 0xbf, 0x3c, 0xff, 0xfd, 0xdd, 0xdd, 0xff,
    0x10, 0x0, 0xcf, 0xff, 0xf5, 0xc, 0xfb, 0xf5,
    0x0, 0x2, 0xfc, 0x0, 0x1c, 0xff, 0xfe, 0xfb,
    0xe, 0xf3, 0xfd, 0x0, 0x9, 0xf6, 0x0, 0x2f,
    0xe4, 0xfc, 0x7f, 0x5f, 0xe0, 0xcf, 0x50, 0x2f,
    0xf1, 0x0, 0x9, 0x21, 0xfc, 0xb, 0x3f, 0xb0,
    0x3f, 0xf2, 0xcf, 0x70, 0x0, 0x0, 0x1, 0xfc,
    0x0, 0x6f, 0x80, 0x8, 0xff, 0xfc, 0x0, 0x0,
    0x0, 0x1, 0xfc, 0x0, 0xaf, 0x50, 0x0, 0xef,
    0xf4, 0x0, 0x0, 0x0, 0x1, 0xfc, 0x1, 0xff,
    0x0, 0x2c, 0xff, 0xfe, 0x50, 0x0, 0x0, 0x1,
    0xfc, 0x9, 0xf9, 0x18, 0xff, 0xd4, 0xcf, 0xfb,
    0x50, 0x0, 0x1, 0xfc, 0xf, 0xf3, 0xff, 0xf9,
    0x0, 0x8, 0xff, 0xf4, 0x0, 0x1, 0xfc, 0x3,
    0x60, 0x8a, 0x20, 0x0, 0x0, 0x18, 0x80,

    /* U+8981 "要" */
    0x7c, 0xcc, 0xcc, 0xcc, 0xcc, 0xcc, 0xcc, 0xcc,
    0xcc, 0xc6, 0x9f, 0xff, 0xff, 0xff, 0xff, 0xff,
    0xff, 0xff, 0xff, 0xf7, 0x0, 0x0, 0x0, 0xaf,
    0x50, 0x9, 0xf6, 0x0, 0x0, 0x0, 0x0, 0x0,
    0x0, 0xaf, 0x50, 0x9, 0xf6, 0x0, 0x0, 0x0,
    0x7, 0xff, 0xff, 0xff, 0xff, 0xff, 0xff, 0xff,
    0xff, 0xa0, 0x7, 0xfc, 0x99, 0xdf, 0xb9, 0x9d,
    0xfc, 0x99, 0xcf, 0xa0, 0x7, 0xf6, 0x0, 0xaf,
    0x50, 0x9, 0xf6, 0x0, 0x5f, 0xa0, 0x7, 0xf7,
    0x0, 0xaf, 0x50, 0x9, 0xf6, 0x0, 0x6f, 0xa0,
    0x7, 0xff, 0xff, 0xff, 0xff, 0xff, 0xff, 0xff,
    0xff, 0xa0, 0x5, 0xaa, 0xaa, 0xaf, 0xfb, 0xaa,
    0xaa, 0xaa, 0xaa, 0x70, 0x0, 0x0, 0x0, 0x4f,
    0xf2, 0x0, 0x0, 0x0, 0x0, 0x0, 0xab, 0xbb,
    0xbb, 0xef, 0xfb, 0xbb, 0xbb, 0xbb, 0xbb, 0xbb,
    0xef, 0xff, 0xff, 0xff, 0xff, 0xff, 0xff, 0xff,
    0xff, 0xfe, 0x0, 0x0, 0x5f, 0xf3, 0x0, 0x0,
    0x1e, 0xf7, 0x0, 0x0, 0x0, 0x2, 0xef, 0xa1,
    0x0, 0x0, 0xbf, 0xc0, 0x0, 0x0, 0x0, 0xa,
    0xff, 0xff, 0xda, 0x7d, 0xfd, 0x10, 0x0, 0x0,
    0x0, 0x0, 0x14, 0x8c, 0xff, 0xff, 0xfb, 0x51,
    0x0, 0x0, 0x1, 0x34, 0x69, 0xcf, 0xff, 0xdc,
    0xff, 0xff, 0xc7, 0x20, 0x7f, 0xff, 0xff, 0xfd,
    0x94, 0x0, 0x15, 0xaf, 0xff, 0xe1, 0x1b, 0xa8,
    0x63, 0x10, 0x0, 0x0, 0x0, 0x0, 0x5a, 0x20,

    /* U+8BA1 "计" */
    0x0, 0x0, 0x0, 0x0, 0x0, 0x0, 0x3, 0x53,
    0x0, 0x0, 0x0, 0x0, 0xa9, 0x0, 0x0, 0x0,
    0x0, 0x9f, 0x90, 0x0, 0x0, 0x0, 0x2e, 0xfb,
    0x0, 0x0, 0x0, 0x9, 0xf9, 0x0, 0x0, 0x0,
    0x0, 0x2e, 0xfc, 0x0, 0x0, 0x0, 0x9f, 0x90,
    0x0, 0x0, 0x0, 0x0, 0x2e, 0xf3, 0x0, 0x0,
    0x9, 0xf9, 0x0, 0x0, 0x0, 0x0, 0x0, 0x25,
    0x0, 0x0, 0x0, 0x9f, 0x90, 0x0, 0x0, 0x0,
    0x0, 0x0, 0x0, 0x0, 0x0, 0x9, 0xf9, 0x0,
    0x0, 0x2, 0x77, 0x77, 0x71, 0x3, 0x33, 0x33,
    0xbf, 0xa3, 0x33, 0x33, 0x4f, 0xff, 0xff, 0x31,
    0xff, 0xff, 0xff, 0xff, 0xff, 0xff, 0xf2, 0x88,
    0x8f, 0xf3, 0x1e, 0xee, 0xee, 0xff, 0xfe, 0xee,
    0xee, 0x0, 0x0, 0xef, 0x30, 0x0, 0x0, 0x9,
    0xf9, 0x0, 0x0, 0x0, 0x0, 0xe, 0xf3, 0x0,
    0x0, 0x0, 0x9f, 0x90, 0x0, 0x0, 0x0, 0x0,
    0xef, 0x30, 0x0, 0x0, 0x9, 0xf9, 0x0, 0x0,
    0x0, 0x0, 0xe, 0xf3, 0x0, 0x0, 0x0, 0x9f,
    0x90, 0x0, 0x0, 0x0, 0x0, 0xef, 0x30, 0x0,
    0x0, 0x9, 0xf9, 0x0, 0x0, 0x0, 0x0, 0xe,
    0xf3, 0x6d, 0x0, 0x0, 0x9f, 0x90, 0x0, 0x0,
    0x0, 0x0, 0xef, 0xdf, 0xf3, 0x0, 0x9, 0xf9,
    0x0, 0x0, 0x0, 0x0, 0x1f, 0xff, 0xe4, 0x0,
    0x0, 0x9f, 0x90, 0x0, 0x0, 0x0, 0xb, 0xff,
    0xb1, 0x0, 0x0, 0x9, 0xf9, 0x0, 0x0, 0x0,
    0x0, 0x9f, 0x70, 0x0, 0x0, 0x0, 0x9f, 0x90,
    0x0, 0x0, 0x0, 0x1, 0x40, 0x0, 0x0, 0x0,
    0x9, 0xf9, 0x0, 0x0, 0x0,

    /* U+8BA4 "认" */
    0x0, 0x1, 0x20, 0x0, 0x0, 0x0, 0x9, 0xb3,
    0x0, 0x0, 0x0, 0x0, 0x1d, 0xe3, 0x0, 0x0,
    0x0, 0xd, 0xf4, 0x0, 0x0, 0x0, 0x0, 0xa,
    0xff, 0x40, 0x0, 0x0, 0xd, 0xf4, 0x0, 0x0,
    0x0, 0x0, 0x0, 0x9f, 0xf3, 0x0, 0x0, 0xd,
    0xf3, 0x0, 0x0, 0x0, 0x0, 0x0, 0x9, 0xb0,
    0x0, 0x0, 0xd, 0xf3, 0x0, 0x0, 0x0, 0x0,
    0x0, 0x0, 0x0, 0x0, 0x0, 0xe, 0xf2, 0x0,
    0x0, 0x0, 0x0, 0x0, 0x0, 0x0, 0x0, 0x0,
    0xf, 0xf2, 0x0, 0x0, 0x0, 0x3e, 0xee, 0xee,
    0x40, 0x0, 0x0, 0x1f, 0xf3, 0x0, 0x0, 0x0,
    0x4f, 0xff, 0xff, 0x40, 0x0, 0x0, 0x2f, 0xf6,
    0x0, 0x0, 0x0, 0x0, 0x0, 0xcf, 0x40, 0x0,
    0x0, 0x4f, 0xf9, 0x0, 0x0, 0x0, 0x0, 0x0,
    0xbf, 0x40, 0x0, 0x0, 0x6f, 0xfd, 0x0, 0x0,
    0x0, 0x0, 0x0, 0xbf, 0x40, 0x0, 0x0, 0x9f,
    0xff, 0x20, 0x0, 0x0, 0x0, 0x0, 0xbf, 0x40,
    0x0, 0x0, 0xdf, 0xdf, 0x60, 0x0, 0x0, 0x0,
    0x0, 0xbf, 0x40, 0x0, 0x2, 0xff, 0x4f, 0xd0,
    0x0, 0x0, 0x0, 0x0, 0xbf, 0x41, 0x70, 0x9,
    0xfb, 0xd, 0xf4, 0x0, 0x0, 0x0, 0x0, 0xbf,
    0x9e, 0xf1, 0x1f, 0xf4, 0x6, 0xfd, 0x0, 0x0,
    0x0, 0x0, 0xdf, 0xff, 0x90, 0xbf, 0xc0, 0x0,
    0xef, 0x80, 0x0, 0x0, 0x2, 0xff, 0xe4, 0x7,
    0xff, 0x30, 0x0, 0x4f, 0xf5, 0x0, 0x0, 0xc,
    0xfb, 0x10, 0x8f, 0xf7, 0x0, 0x0, 0x9, 0xff,
    0x70, 0x0, 0x3, 0x90, 0x0, 0xaf, 0x90, 0x0,
    0x0, 0x0, 0x9f, 0x90, 0x0, 0x0, 0x0, 0x0,
    0x5, 0x0, 0x0, 0x0, 0x0, 0x5, 0x0,

    /* U+8BBE "设" */
    0x0, 0x0, 0x0, 0x0, 0x0, 0x0, 0x0, 0x0,
    0x0, 0x0, 0x0, 0x1c, 0xc1, 0x0, 0x0, 0x1d,
    0xdd, 0xdd, 0xdd, 0x10, 0x0, 0x1, 0xcf, 0xd1,
    0x0, 0x1, 0xff, 0xff, 0xff, 0xf1, 0x0, 0x0,
    0x0, 0xcf, 0xd1, 0x0, 0x1f, 0xd0, 0x0, 0xef,
    0x10, 0x0, 0x0, 0x1, 0xde, 0x20, 0x2, 0xfc,
    0x0, 0xe, 0xf1, 0x0, 0x0, 0x0, 0x2, 0x20,
    0x0, 0x7f, 0x90, 0x0, 0xef, 0x10, 0x0, 0x0,
    0x0, 0x0, 0x0, 0x2f, 0xf3, 0x0, 0xe, 0xf2,
    0x0, 0xb, 0xbb, 0xba, 0x0, 0x6e, 0xfa, 0x0,
    0x0, 0xbf, 0xff, 0xf0, 0xff, 0xff, 0xe0, 0x2e,
    0xfa, 0x0, 0x0, 0x2, 0xac, 0xcb, 0x4, 0x45,
    0xfe, 0x0, 0x35, 0x0, 0x0, 0x0, 0x0, 0x0,
    0x0, 0x0, 0x1f, 0xe0, 0x5, 0xee, 0xee, 0xee,
    0xee, 0xef, 0xa0, 0x0, 0x1, 0xfe, 0x0, 0x5f,
    0xff, 0xff, 0xff, 0xff, 0xf9, 0x0, 0x0, 0x1f,
    0xe0, 0x0, 0x5f, 0xc0, 0x0, 0x0, 0xdf, 0x20,
    0x0, 0x1, 0xfe, 0x0, 0x0, 0xcf, 0x50, 0x0,
    0x7f, 0xb0, 0x0, 0x0, 0x1f, 0xe0, 0x1, 0x3,
    0xfe, 0x30, 0x4f, 0xf2, 0x0, 0x0, 0x1, 0xfe,
    0x2d, 0x90, 0x7, 0xfe, 0x6f, 0xf4, 0x0, 0x0,
    0x0, 0x1f, 0xff, 0xfa, 0x0, 0x8, 0xff, 0xf6,
    0x0, 0x0, 0x0, 0x5, 0xff, 0xf7, 0x0, 0x5,
    0xcf, 0xff, 0xb4, 0x0, 0x0, 0x0, 0xef, 0xe4,
    0x4, 0x8d, 0xff, 0xc7, 0xef, 0xfc, 0x73, 0x0,
    0xa, 0xd2, 0x5, 0xff, 0xfd, 0x50, 0x0, 0x8f,
    0xff, 0xf1, 0x0, 0x10, 0x0, 0xa, 0x72, 0x0,
    0x0, 0x0, 0x5, 0xb5, 0x0,

    /* U+8BC6 "识" */
    0x0, 0x0, 0x0, 0x0, 0x0, 0x0, 0x0, 0x0,
    0x0, 0x0, 0x0, 0x3d, 0x30, 0x0, 0x0, 0x0,
    0x0, 0x0, 0x0, 0x0, 0x0, 0x9, 0xff, 0x40,
    0x0, 0x2f, 0xff, 0xff, 0xff, 0xff, 0xe0, 0x0,
    0x8, 0xff, 0x50, 0x2, 0xff, 0xff, 0xff, 0xff,
    0xfe, 0x0, 0x0, 0x8, 0xfa, 0x0, 0x2f, 0xe0,
    0x0, 0x0, 0x3f, 0xe0, 0x0, 0x0, 0x6, 0x0,
    0x2, 0xfe, 0x0, 0x0, 0x3, 0xfe, 0x0, 0x0,
    0x0, 0x0, 0x0, 0x2f, 0xe0, 0x0, 0x0, 0x3f,
    0xe0, 0xb, 0xbb, 0xba, 0x0, 0x2, 0xfe, 0x0,
    0x0, 0x3, 0xfe, 0x0, 0xff, 0xff, 0xe0, 0x0,
    0x2f, 0xe0, 0x0, 0x0, 0x3f, 0xe0, 0x4, 0x45,
    0xfe, 0x0, 0x2, 0xfe, 0x0, 0x0, 0x3, 0xfe,
    0x0, 0x0, 0x1f, 0xe0, 0x0, 0x2f, 0xff, 0xff,
    0xff, 0xff, 0xe0, 0x0, 0x1, 0xfe, 0x0, 0x2,
    0xff, 0xff, 0xff, 0xff, 0xfe, 0x0, 0x0, 0x1f,
    0xe0, 0x0, 0x0, 0x0, 0x0, 0x0, 0x0, 0x0,
    0x0, 0x1, 0xfe, 0x0, 0x0, 0x0, 0x0, 0x0,
    0x0, 0x0, 0x0, 0x0, 0x1f, 0xe0, 0x33, 0x0,
    0xeb, 0x20, 0x6, 0xd6, 0x0, 0x0, 0x1, 0xfe,
    0x7f, 0xc0, 0x6f, 0xe0, 0x0, 0x5f, 0xe1, 0x0,
    0x0, 0x2f, 0xff, 0xf8, 0xd, 0xf8, 0x0, 0x0,
    0xdf, 0x90, 0x0, 0x6, 0xff, 0xf5, 0x5, 0xff,
    0x20, 0x0, 0x4, 0xff, 0x10, 0x1, 0xef, 0xd2,
    0x2, 0xef, 0x90, 0x0, 0x0, 0xd, 0xf8, 0x0,
    0xc, 0xb0, 0x0, 0xbf, 0xe1, 0x0, 0x0, 0x0,
    0x6f, 0xe0, 0x0, 0x10, 0x0, 0x0, 0x83, 0x0,
    0x0, 0x0, 0x1, 0x71, 0x0,

    /* U+8BD5 "试" */
    0x0, 0x0, 0x0, 0x0, 0x0, 0x0, 0x2, 0x53,
    0x1, 0x0, 0x0, 0x1c, 0x70, 0x0, 0x0, 0x0,
    0x0, 0x7f, 0xa8, 0xf2, 0x0, 0x3, 0xff, 0x80,
    0x0, 0x0, 0x0, 0x6, 0xfa, 0x3f, 0xe1, 0x0,
    0x3, 0xef, 0x80, 0x0, 0x0, 0x0, 0x6f, 0xb0,
    0x7f, 0x90, 0x0, 0x3, 0xfa, 0x0, 0x0, 0x0,
    0x6, 0xfb, 0x1, 0x92, 0x0, 0x0, 0x3, 0x6,
    0xff, 0xff, 0xff, 0xff, 0xff, 0xff, 0xf1, 0x0,
    0x0, 0x0, 0x6f, 0xff, 0xff, 0xff, 0xff, 0xff,
    0xff, 0x18, 0x99, 0x98, 0x0, 0x0, 0x0, 0x0,
    0x3f, 0xd0, 0x0, 0x0, 0xef, 0xff, 0xe0, 0x0,
    0x0, 0x0, 0x2, 0xfe, 0x0, 0x0, 0x6, 0x77,
    0xfe, 0x0, 0x0, 0x0, 0x0, 0x2f, 0xf0, 0x0,
    0x0, 0x0, 0xf, 0xe0, 0xb, 0xff, 0xff, 0xf2,
    0xff, 0x0, 0x0, 0x0, 0x0, 0xfe, 0x0, 0xad,
    0xff, 0xed, 0x1f, 0xf2, 0x0, 0x0, 0x0, 0xf,
    0xe0, 0x0, 0xa, 0xf3, 0x0, 0xdf, 0x30, 0x0,
    0x0, 0x0, 0xfe, 0x0, 0x0, 0xaf, 0x30, 0xb,
    0xf5, 0x0, 0x0, 0x0, 0xf, 0xe0, 0x0, 0xa,
    0xf3, 0x0, 0x9f, 0x80, 0x0, 0x0, 0x0, 0xfe,
    0x3, 0x10, 0xaf, 0x30, 0x6, 0xfb, 0x5, 0x50,
    0x0, 0x1f, 0xe8, 0xf5, 0xa, 0xfa, 0xcb, 0x3f,
    0xe0, 0x7f, 0x30, 0x4, 0xff, 0xfe, 0xaa, 0xff,
    0xff, 0xc0, 0xff, 0x4a, 0xf1, 0x0, 0xcf, 0xfa,
    0x1e, 0xff, 0xc7, 0x30, 0xa, 0xfe, 0xfd, 0x0,
    0xb, 0xe5, 0x0, 0x65, 0x10, 0x0, 0x0, 0x2f,
    0xff, 0x70, 0x0, 0x22, 0x0, 0x0, 0x0, 0x0,
    0x0, 0x0, 0x5e, 0xc0, 0x0, 0x0, 0x0, 0x0,
    0x0, 0x0, 0x0, 0x0, 0x0, 0x0, 0x0,

    /* U+8BDD "话" */
    0x0, 0x0, 0x0, 0x0, 0x0, 0x0, 0x0, 0x0,
    0x26, 0x10, 0x0, 0x3e, 0x40, 0x0, 0x0, 0x1,
    0x35, 0x8b, 0xef, 0xfb, 0x0, 0x6, 0xff, 0x50,
    0x8, 0xdf, 0xff, 0xff, 0xff, 0xda, 0x60, 0x0,
    0x6, 0xff, 0x50, 0x7f, 0xdb, 0xab, 0xfc, 0x0,
    0x0, 0x0, 0x0, 0x7, 0xf6, 0x0, 0x0, 0x0,
    0x5f, 0xb0, 0x0, 0x0, 0x0, 0x0, 0x3, 0x0,
    0x0, 0x0, 0x5, 0xfb, 0x0, 0x0, 0x0, 0x0,
    0x0, 0x0, 0x0, 0x0, 0x0, 0x5f, 0xb0, 0x0,
    0x0, 0xb, 0xcc, 0xca, 0x0, 0xde, 0xee, 0xef,
    0xff, 0xee, 0xee, 0xe4, 0xef, 0xff, 0xd0, 0xe,
    0xff, 0xff, 0xff, 0xff, 0xff, 0xff, 0x53, 0x34,
    0xfd, 0x0, 0x0, 0x0, 0x6, 0xfb, 0x0, 0x0,
    0x0, 0x0, 0x1f, 0xd0, 0x0, 0x0, 0x0, 0x5f,
    0xb0, 0x0, 0x0, 0x0, 0x1, 0xfd, 0x0, 0x0,
    0x0, 0x5, 0xfb, 0x0, 0x0, 0x0, 0x0, 0x1f,
    0xd0, 0x0, 0x7a, 0xaa, 0xcf, 0xea, 0xaa, 0xa2,
    0x0, 0x1, 0xfd, 0x0, 0xb, 0xff, 0xff, 0xff,
    0xff, 0xff, 0x20, 0x0, 0x1f, 0xd0, 0x71, 0xbf,
    0x73, 0x33, 0x33, 0x3f, 0xf2, 0x0, 0x1, 0xfe,
    0x9f, 0x7b, 0xf5, 0x0, 0x0, 0x0, 0xff, 0x20,
    0x0, 0x2f, 0xff, 0xe3, 0xbf, 0x50, 0x0, 0x0,
    0xf, 0xf2, 0x0, 0x6, 0xff, 0xd2, 0xb, 0xf5,
    0x0, 0x0, 0x0, 0xff, 0x20, 0x1, 0xff, 0xc1,
    0x0, 0xbf, 0xee, 0xee, 0xee, 0xef, 0xf2, 0x0,
    0xa, 0xb0, 0x0, 0xb, 0xff, 0xff, 0xff, 0xff,
    0xff, 0x20, 0x0, 0x10, 0x0, 0x0, 0xbf, 0x50,
    0x0, 0x0, 0xe, 0xe2, 0x0,

    /* U+8BED "语" */
    0x0, 0x0, 0x0, 0x0, 0x0, 0x0, 0x0, 0x0,
    0x0, 0x0, 0x0, 0x3d, 0x30, 0x2, 0xcc, 0xcc,
    0xcc, 0xcc, 0xcc, 0xcc, 0x60, 0x8, 0xff, 0x40,
    0x2f, 0xff, 0xff, 0xff, 0xff, 0xff, 0xf8, 0x0,
    0x8, 0xff, 0x30, 0x0, 0x0, 0xff, 0x20, 0x0,
    0x0, 0x0, 0x0, 0x8, 0xf8, 0x0, 0x0, 0x2f,
    0xe0, 0x0, 0x0, 0x0, 0x0, 0x0, 0x6, 0x0,
    0x5d, 0xde, 0xff, 0xdd, 0xde, 0xd1, 0x0, 0x0,
    0x0, 0x0, 0x5, 0xff, 0xff, 0xff, 0xff, 0xff,
    0x0, 0xb, 0xcc, 0xca, 0x0, 0x0, 0xd, 0xf4,
    0x0, 0xf, 0xe0, 0x0, 0xef, 0xff, 0xd0, 0x0,
    0x1, 0xff, 0x0, 0x1, 0xfd, 0x0, 0x0, 0x2,
    0xfd, 0xa, 0xbb, 0xcf, 0xfb, 0xbb, 0xcf, 0xeb,
    0xb3, 0x0, 0x1f, 0xd0, 0xef, 0xff, 0xff, 0xff,
    0xff, 0xff, 0xff, 0x40, 0x1, 0xfd, 0x2, 0x22,
    0x22, 0x22, 0x22, 0x22, 0x22, 0x20, 0x0, 0x1f,
    0xd0, 0x0, 0x0, 0x0, 0x0, 0x0, 0x0, 0x0,
    0x0, 0x1, 0xfd, 0x0, 0x2f, 0xff, 0xff, 0xff,
    0xff, 0xfc, 0x0, 0x0, 0x1f, 0xd0, 0x2, 0xff,
    0xcc, 0xcc, 0xcc, 0xdf, 0xc0, 0x0, 0x1, 0xfd,
    0x7, 0x8f, 0xc0, 0x0, 0x0, 0x3, 0xfc, 0x0,
    0x0, 0x1f, 0xec, 0xfc, 0xfc, 0x0, 0x0, 0x0,
    0x3f, 0xc0, 0x0, 0x4, 0xff, 0xfa, 0x4f, 0xc0,
    0x0, 0x0, 0x3, 0xfc, 0x0, 0x0, 0xcf, 0xf6,
    0x2, 0xff, 0xcc, 0xcc, 0xcc, 0xdf, 0xc0, 0x0,
    0x5, 0xd2, 0x0, 0x2f, 0xff, 0xff, 0xff, 0xff,
    0xfc, 0x0, 0x0, 0x1, 0x0, 0x2, 0xfc, 0x0,
    0x0, 0x0, 0x3e, 0xc0, 0x0,

    /* U+8BF4 "说" */
    0x0, 0x0, 0x0, 0x0, 0x0, 0x30, 0x0, 0x0,
    0x13, 0x0, 0x0, 0x0, 0x2c, 0x30, 0x0, 0xb,
    0xf6, 0x0, 0x0, 0x8f, 0xc0, 0x0, 0x0, 0x8f,
    0xf3, 0x0, 0x4, 0xff, 0x10, 0x0, 0xef, 0x60,
    0x0, 0x0, 0x8, 0xff, 0x20, 0x0, 0xbf, 0x90,
    0x5, 0xfe, 0x0, 0x0, 0x0, 0x0, 0x9f, 0xb0,
    0x0, 0x5f, 0x80, 0xc, 0xf7, 0x0, 0x0, 0x0,
    0x0, 0x9, 0x10, 0xdf, 0xff, 0xff, 0xff, 0xff,
    0xf6, 0x0, 0x0, 0x0, 0x0, 0x0, 0xdf, 0xdc,
    0xcc, 0xcc, 0xcf, 0xf6, 0x0, 0x9, 0x99, 0x99,
    0x0, 0xdf, 0x20, 0x0, 0x0, 0xa, 0xf6, 0x0,
    0x1f, 0xff, 0xff, 0x0, 0xdf, 0x20, 0x0, 0x0,
    0xa, 0xf6, 0x0, 0x5, 0x56, 0xff, 0x0, 0xdf,
    0x20, 0x0, 0x0, 0xa, 0xf6, 0x0, 0x0, 0x1,
    0xff, 0x0, 0xdf, 0xdc, 0xcc, 0xcc, 0xcf, 0xf6,
    0x0, 0x0, 0x1, 0xff, 0x0, 0xdf, 0xff, 0xff,
    0xff, 0xff, 0xf6, 0x0, 0x0, 0x1, 0xff, 0x0,
    0x0, 0x4f, 0xf0, 0x2f, 0xe0, 0x0, 0x0, 0x0,
    0x1, 0xff, 0x0, 0x0, 0x6f, 0xc0, 0x2f, 0xe0,
    0x0, 0x0, 0x0, 0x1, 0xff, 0x5, 0x30, 0x8f,
    0xa0, 0x2f, 0xe0, 0x0, 0x0, 0x0, 0x1, 0xff,
    0x7f, 0x90, 0xcf, 0x70, 0x2f, 0xe0, 0x0, 0x0,
    0x0, 0x2, 0xff, 0xff, 0x62, 0xff, 0x10, 0x2f,
    0xe0, 0x6, 0x20, 0x0, 0x7, 0xff, 0xf4, 0xc,
    0xfb, 0x0, 0x2f, 0xe0, 0xa, 0xf2, 0x0, 0x3f,
    0xfd, 0x20, 0x9f, 0xe1, 0x0, 0x1f, 0xf0, 0xc,
    0xf0, 0x0, 0xe, 0xc1, 0x3e, 0xff, 0x40, 0x0,
    0xf, 0xff, 0xff, 0xd0, 0x0, 0x4, 0x0, 0x1e,
    0xc3, 0x0, 0x0, 0x7, 0xef, 0xfe, 0x40, 0x0,
    0x0, 0x0, 0x1, 0x0, 0x0, 0x0, 0x0, 0x0,
    0x0, 0x0,

    /* U+8D25 "败" */
    0x0, 0x0, 0x0, 0x0, 0x0, 0x0, 0x3, 0x51,
    0x0, 0x0, 0x0, 0x0, 0xaa, 0xaa, 0xaa, 0xaa,
    0x0, 0xa, 0xf5, 0x0, 0x0, 0x0, 0x1, 0xff,
    0xff, 0xff, 0xff, 0x10, 0xe, 0xf1, 0x0, 0x0,
    0x0, 0x1, 0xfb, 0x33, 0x33, 0xcf, 0x10, 0x3f,
    0xd0, 0x0, 0x0, 0x0, 0x1, 0xf9, 0x6, 0x60,
    0xaf, 0x10, 0x7f, 0xfd, 0xdd, 0xdd, 0xc0, 0x1,
    0xf9, 0xe, 0xe0, 0xaf, 0x10, 0xcf, 0xff, 0xff,
    0xff, 0xf0, 0x1, 0xf9, 0xe, 0xe0, 0xaf, 0x13,
    0xfd, 0x0, 0x5, 0xf8, 0x0, 0x1, 0xf9, 0xe,
    0xe0, 0xaf, 0x1a, 0xf7, 0x0, 0x7, 0xf5, 0x0,
    0x1, 0xf9, 0xe, 0xe0, 0xaf, 0x5f, 0xf8, 0x0,
    0xa, 0xf3, 0x0, 0x1, 0xf9, 0xe, 0xe0, 0xaf,
    0xaf, 0xfd, 0x0, 0xd, 0xf0, 0x0, 0x1, 0xf9,
    0xe, 0xe0, 0xaf, 0x2c, 0xaf, 0x30, 0xf, 0xc0,
    0x0, 0x1, 0xf9, 0xf, 0xd0, 0xaf, 0x10, 0x4f,
    0x90, 0x5f, 0x80, 0x0, 0x1, 0xf9, 0xf, 0xc0,
    0xaf, 0x10, 0xd, 0xf2, 0xbf, 0x30, 0x0, 0x1,
    0xf9, 0x2f, 0xa0, 0xaf, 0x10, 0x6, 0xfb, 0xfd,
    0x0, 0x0, 0x1, 0xf9, 0x6f, 0x60, 0x9e, 0x10,
    0x0, 0xdf, 0xf6, 0x0, 0x0, 0x0, 0x0, 0xbf,
    0x25, 0x0, 0x0, 0x0, 0x6f, 0xf1, 0x0, 0x0,
    0x0, 0x4, 0xfc, 0x5f, 0xa0, 0x0, 0x1, 0xdf,
    0xfc, 0x0, 0x0, 0x0, 0xd, 0xf3, 0xb, 0xf6,
    0x0, 0x1c, 0xfa, 0xcf, 0xb0, 0x0, 0x1, 0xbf,
    0xa0, 0x1, 0xff, 0x14, 0xef, 0xb0, 0x1d, 0xfe,
    0x40, 0xd, 0xfb, 0x0, 0x0, 0x7e, 0x5f, 0xfa,
    0x0, 0x1, 0xbf, 0xf2, 0x4, 0x80, 0x0, 0x0,
    0x1, 0x5, 0x60, 0x0, 0x0, 0x6, 0x50,

    /* U+8D77 "起" */
    0x0, 0x0, 0x7, 0x70, 0x0, 0x0, 0x0, 0x0,
    0x0, 0x0, 0x0, 0x0, 0x0, 0xe, 0xf0, 0x0,
    0x1, 0x88, 0x88, 0x88, 0x88, 0x0, 0x0, 0x0,
    0xe, 0xf1, 0x0, 0x3, 0xff, 0xff, 0xff, 0xff,
    0x0, 0x6, 0xff, 0xff, 0xff, 0xff, 0x81, 0x66,
    0x66, 0x66, 0xff, 0x0, 0x5, 0xcc, 0xcf, 0xfc,
    0xcc, 0x60, 0x0, 0x0, 0x0, 0xff, 0x0, 0x0,
    0x0, 0xe, 0xf0, 0x0, 0x0, 0x0, 0x0, 0x0,
    0xff, 0x0, 0x0, 0x0, 0xe, 0xf0, 0x0, 0x0,
    0x0, 0x0, 0x0, 0xff, 0x0, 0xe, 0xee, 0xef,
    0xfe, 0xee, 0xe0, 0xaa, 0xaa, 0xaa, 0xff, 0x0,
    0xf, 0xff, 0xff, 0xff, 0xff, 0xf0, 0xff, 0xff,
    0xff, 0xff, 0x0, 0x0, 0x0, 0x7, 0xf7, 0x0,
    0x0, 0xff, 0x22, 0x22, 0xaa, 0x0, 0x0, 0x75,
    0x7, 0xf7, 0x0, 0x0, 0xff, 0x0, 0x0, 0x0,
    0x0, 0x0, 0xfd, 0x7, 0xf7, 0x0, 0x0, 0xff,
    0x0, 0x0, 0x0, 0x0, 0x1, 0xfd, 0x7, 0xff,
    0xff, 0xd0, 0xff, 0x0, 0x0, 0x4, 0x20, 0x1,
    0xfc, 0x7, 0xfd, 0xcc, 0xa0, 0xff, 0x0, 0x0,
    0xa, 0xf2, 0x3, 0xff, 0x27, 0xf7, 0x0, 0x0,
    0xff, 0x10, 0x0, 0xd, 0xf1, 0x4, 0xff, 0x97,
    0xf7, 0x0, 0x0, 0xdf, 0xed, 0xdd, 0xef, 0xc0,
    0x6, 0xff, 0xfd, 0xf7, 0x0, 0x0, 0x4e, 0xff,
    0xff, 0xfd, 0x30, 0x9, 0xf7, 0xff, 0xf7, 0x0,
    0x0, 0x0, 0x0, 0x0, 0x0, 0x0, 0xb, 0xf1,
    0x7f, 0xfd, 0x73, 0x10, 0x0, 0x0, 0x0, 0x0,
    0x0, 0x1f, 0xe0, 0x5, 0xef, 0xff, 0xff, 0xff,
    0xff, 0xff, 0xff, 0xf2, 0x6f, 0xa0, 0x0, 0x16,
    0xad, 0xef, 0xff, 0xff, 0xff, 0xff, 0xc0, 0x6,
    0x40, 0x0, 0x0, 0x0, 0x0, 0x0, 0x0, 0x0,
    0x0, 0x0,

    /* U+8DDF "跟" */
    0x0, 0xbb, 0xbb, 0xbb, 0xb2, 0x9a, 0xaa, 0xaa,
    0xaa, 0xaa, 0x0, 0x1, 0xff, 0xff, 0xff, 0xf3,
    0xef, 0xff, 0xff, 0xff, 0xff, 0x10, 0x1, 0xfb,
    0x0, 0x8, 0xf3, 0xef, 0x31, 0x11, 0x11, 0xdf,
    0x10, 0x1, 0xfb, 0x0, 0x8, 0xf3, 0xef, 0x10,
    0x0, 0x0, 0xcf, 0x10, 0x1, 0xfb, 0x0, 0x8,
    0xf3, 0xef, 0xcc, 0xcc, 0xcc, 0xff, 0x10, 0x1,
    0xfe, 0xaa, 0xad, 0xf3, 0xef, 0xee, 0xee, 0xee,
    0xff, 0x10, 0x1, 0xff, 0xff, 0xff, 0xf3, 0xef,
    0x10, 0x0, 0x0, 0xcf, 0x10, 0x0, 0x11, 0x1e,
    0xe1, 0x10, 0xef, 0x10, 0x0, 0x0, 0xcf, 0x10,
    0x0, 0x0, 0xe, 0xe0, 0x0, 0xef, 0xba, 0xaa,
    0xaa, 0xff, 0x10, 0x1, 0xe8, 0xe, 0xe0, 0x0,
    0xef, 0xff, 0xff, 0xff, 0xff, 0x10, 0x1, 0xf9,
    0xe, 0xff, 0xf4, 0xef, 0x54, 0xfd, 0x33, 0x34,
    0x0, 0x1, 0xf9, 0xe, 0xfd, 0xd3, 0xef, 0x10,
    0xaf, 0x20, 0x2d, 0xa0, 0x1, 0xf9, 0xe, 0xe0,
    0x0, 0xef, 0x10, 0x5f, 0x85, 0xef, 0xb0, 0x1,
    0xf9, 0xe, 0xe0, 0x0, 0xef, 0x10, 0x1f, 0xff,
    0xf6, 0x0, 0x1, 0xf9, 0xe, 0xe0, 0x0, 0xef,
    0x10, 0x8, 0xfe, 0x20, 0x0, 0x1, 0xf9, 0xe,
    0xf9, 0xe5, 0xef, 0x10, 0x1, 0xff, 0x70, 0x0,
    0x3, 0xfd, 0xdf, 0xff, 0xf5, 0xef, 0x24, 0x87,
    0x5f, 0xf6, 0x0, 0xf, 0xff, 0xfc, 0x84, 0x3,
    0xff, 0xff, 0xfb, 0x8, 0xff, 0xb2, 0xb, 0xa5,
    0x10, 0x0, 0x9, 0xff, 0xfb, 0x72, 0x0, 0x8f,
    0xe1, 0x0, 0x0, 0x0, 0x0, 0x1, 0xa4, 0x0,
    0x0, 0x0, 0x3, 0x40,

    /* U+8F93 "输" */
    0x0, 0x4, 0x61, 0x0, 0x0, 0x0, 0x0, 0x64,
    0x0, 0x0, 0x0, 0x0, 0xb, 0xf3, 0x0, 0x0,
    0x0, 0x6, 0xff, 0x10, 0x0, 0x0, 0x0, 0xd,
    0xf1, 0x0, 0x0, 0x0, 0x5f, 0xff, 0x90, 0x0,
    0x0, 0x1f, 0xff, 0xff, 0xff, 0x10, 0x6, 0xff,
    0x5c, 0xfb, 0x10, 0x0, 0x1d, 0xef, 0xed, 0xdd,
    0x11, 0xbf, 0xf4, 0x0, 0xbf, 0xe5, 0x0, 0x0,
    0x6f, 0x50, 0x0, 0x7e, 0xff, 0x40, 0x0, 0x1a,
    0xff, 0xd3, 0x0, 0x9f, 0x23, 0x12, 0xef, 0xff,
    0xff, 0xff, 0xff, 0xfe, 0xe2, 0x0, 0xec, 0x5f,
    0x70, 0x34, 0x59, 0x99, 0x99, 0x99, 0x90, 0x30,
    0x3, 0xf7, 0x5f, 0x70, 0x1, 0x11, 0x11, 0x10,
    0x0, 0x3, 0x20, 0xa, 0xf7, 0x9f, 0xa5, 0xe,
    0xff, 0xff, 0xf1, 0xcb, 0xf, 0x90, 0xf, 0xff,
    0xff, 0xff, 0xe, 0xd2, 0x2a, 0xf1, 0xdb, 0xf,
    0x90, 0x7, 0x87, 0xaf, 0xb7, 0xe, 0xe5, 0x5b,
    0xf1, 0xdb, 0xf, 0x90, 0x0, 0x0, 0x5f, 0x70,
    0xe, 0xff, 0xff, 0xf1, 0xdb, 0xf, 0x90, 0x0,
    0x0, 0x5f, 0x85, 0xe, 0xd2, 0x2a, 0xf1, 0xdb,
    0xf, 0x90, 0x1, 0x48, 0xcf, 0xff, 0x1e, 0xd4,
    0x4b, 0xf1, 0xdb, 0xf, 0x90, 0x1f, 0xff, 0xff,
    0xc6, 0xe, 0xff, 0xff, 0xf1, 0xdb, 0xf, 0x90,
    0xb, 0xa6, 0x7f, 0x70, 0xe, 0xd3, 0x3a, 0xf1,
    0xdb, 0xf, 0x90, 0x0, 0x0, 0x5f, 0x70, 0xe,
    0xc0, 0x8, 0xf1, 0x0, 0xf, 0x90, 0x0, 0x0,
    0x5f, 0x70, 0xe, 0xc0, 0x8, 0xf1, 0x0, 0xf,
    0x90, 0x0, 0x0, 0x5f, 0x70, 0xe, 0xc1, 0x9d,
    0xf1, 0x4a, 0xbf, 0x80, 0x0, 0x0, 0x5f, 0x70,
    0xe, 0xc0, 0xef, 0xa0, 0x3f, 0xfc, 0x20, 0x0,
    0x0, 0x0, 0x0, 0x0, 0x0, 0x0, 0x0, 0x0,
    0x0, 0x0,

    /* U+8FD4 "返" */
    0x0, 0x0, 0x0, 0x0, 0x0, 0x0, 0x0, 0x0,
    0x0, 0x12, 0x0, 0x0, 0x69, 0x0, 0x0, 0x1,
    0x23, 0x46, 0x79, 0xbe, 0xff, 0x40, 0x1, 0xef,
    0xa0, 0x0, 0x3f, 0xff, 0xff, 0xff, 0xff, 0xfb,
    0x70, 0x0, 0x3f, 0xf9, 0x0, 0x3f, 0xfa, 0x98,
    0x65, 0x31, 0x0, 0x0, 0x0, 0x4, 0xff, 0x30,
    0x3f, 0xd0, 0x0, 0x0, 0x0, 0x0, 0x0, 0x0,
    0x0, 0x62, 0x0, 0x3f, 0xe3, 0x33, 0x33, 0x33,
    0x32, 0x0, 0x0, 0x0, 0x0, 0x0, 0x3f, 0xff,
    0xff, 0xff, 0xff, 0xff, 0x30, 0x0, 0x0, 0x0,
    0x0, 0x3f, 0xe9, 0x99, 0x99, 0x9b, 0xfe, 0x0,
    0x9, 0xbb, 0xba, 0x0, 0x4f, 0xc0, 0x20, 0x0,
    0x9, 0xf8, 0x0, 0xd, 0xff, 0xfe, 0x0, 0x5f,
    0xb7, 0xf9, 0x0, 0x1f, 0xf2, 0x0, 0x3, 0x36,
    0xfe, 0x0, 0x8f, 0x93, 0xef, 0xb1, 0xbf, 0x90,
    0x0, 0x0, 0x2, 0xfe, 0x0, 0xbf, 0x60, 0x1d,
    0xff, 0xfe, 0x0, 0x0, 0x0, 0x2, 0xfe, 0x1,
    0xff, 0x30, 0x0, 0xef, 0xf7, 0x0, 0x0, 0x0,
    0x2, 0xfe, 0x6, 0xfd, 0x0, 0x1b, 0xff, 0xff,
    0x60, 0x0, 0x0, 0x2, 0xfe, 0x1f, 0xf7, 0x6,
    0xef, 0xe4, 0x8f, 0xf7, 0x0, 0x0, 0x2, 0xfe,
    0x6f, 0xe0, 0xcf, 0xfc, 0x20, 0x7, 0xff, 0x40,
    0x0, 0x1a, 0xff, 0x43, 0x40, 0x4d, 0x50, 0x0,
    0x0, 0x78, 0x0, 0x3, 0xef, 0xff, 0xfb, 0x62,
    0x0, 0x0, 0x0, 0x0, 0x1, 0x22, 0xf, 0xfb,
    0x3, 0xbf, 0xff, 0xfe, 0xdd, 0xde, 0xef, 0xff,
    0xf7, 0x7, 0xd0, 0x0, 0x3, 0x8d, 0xff, 0xff,
    0xff, 0xff, 0xff, 0xf2, 0x0, 0x20, 0x0, 0x0,
    0x0, 0x1, 0x22, 0x22, 0x11, 0x0, 0x0,

    /* U+8FD8 "还" */
    0x0, 0x1, 0x0, 0x0, 0x0, 0x0, 0x0, 0x0,
    0x0, 0x0, 0x0, 0x0, 0x9f, 0x50, 0x0, 0x11,
    0x11, 0x11, 0x11, 0x11, 0x11, 0x10, 0x0, 0x7f,
    0xf6, 0x6, 0xff, 0xff, 0xff, 0xff, 0xff, 0xff,
    0xe0, 0x0, 0x8, 0xff, 0x46, 0xff, 0xff, 0xff,
    0xff, 0xff, 0xff, 0xe0, 0x0, 0x0, 0xbf, 0xb0,
    0x0, 0x0, 0x7, 0xfe, 0x0, 0x0, 0x0, 0x0,
    0x0, 0x16, 0x0, 0x0, 0x0, 0x2f, 0xf5, 0x0,
    0x0, 0x0, 0x0, 0x0, 0x0, 0x0, 0x0, 0x0,
    0xcf, 0xf0, 0x0, 0x0, 0x0, 0x1, 0x11, 0x11,
    0x0, 0x0, 0x9, 0xff, 0xf0, 0x40, 0x0, 0x0,
    0xe, 0xff, 0xfd, 0x0, 0x0, 0x6f, 0xff, 0xf7,
    0xfc, 0x0, 0x0, 0xe, 0xff, 0xfd, 0x0, 0x7,
    0xff, 0xbf, 0xf2, 0xef, 0xc0, 0x0, 0x0, 0x3,
    0xfd, 0x0, 0x8f, 0xf9, 0x2f, 0xf0, 0x2e, 0xfc,
    0x0, 0x0, 0x3, 0xfd, 0x2c, 0xff, 0xa0, 0x2f,
    0xf0, 0x2, 0xef, 0xb0, 0x0, 0x3, 0xfd, 0x3f,
    0xf8, 0x0, 0x2f, 0xf0, 0x0, 0x3f, 0xe1, 0x0,
    0x3, 0xfd, 0x3, 0x50, 0x0, 0x2f, 0xf0, 0x0,
    0x4, 0x20, 0x0, 0x3, 0xfd, 0x0, 0x0, 0x0,
    0x2f, 0xf0, 0x0, 0x0, 0x0, 0x0, 0x3, 0xfd,
    0x0, 0x0, 0x0, 0x2f, 0xf0, 0x0, 0x0, 0x0,
    0x0, 0x7, 0xfe, 0x10, 0x0, 0x0, 0x2f, 0xf0,
    0x0, 0x0, 0x0, 0x0, 0xaf, 0xff, 0xe3, 0x0,
    0x0, 0x17, 0x70, 0x0, 0x0, 0x0, 0x9, 0xff,
    0x48, 0xff, 0xa5, 0x21, 0x0, 0x0, 0x11, 0x35,
    0x88, 0x2f, 0xf5, 0x0, 0x4e, 0xff, 0xff, 0xff,
    0xff, 0xff, 0xff, 0xf8, 0x8, 0xb0, 0x0, 0x0,
    0x7c, 0xef, 0xff, 0xff, 0xff, 0xff, 0xe4, 0x0,
    0x10, 0x0, 0x0, 0x0, 0x0, 0x11, 0x11, 0x10,
    0x0, 0x0,

    /* U+8FD9 "这" */
    0x0, 0x0, 0x0, 0x0, 0x0, 0x0, 0x24, 0x0,
    0x0, 0x0, 0x0, 0x0, 0x21, 0x0, 0x0, 0x0,
    0x4, 0xff, 0x10, 0x0, 0x0, 0x0, 0x4, 0xfd,
    0x20, 0x0, 0x0, 0x0, 0xdf, 0x90, 0x0, 0x0,
    0x0, 0x0, 0xcf, 0xe1, 0x0, 0x0, 0x0, 0x6f,
    0xd1, 0x0, 0x0, 0x0, 0x0, 0xd, 0xfc, 0x5f,
    0xff, 0xff, 0xff, 0xff, 0xff, 0xff, 0xf0, 0x0,
    0x2, 0xe6, 0x4e, 0xee, 0xee, 0xee, 0xee, 0xff,
    0xee, 0xe0, 0x0, 0x0, 0x0, 0x0, 0x0, 0x0,
    0x0, 0x2, 0xff, 0x0, 0x0, 0x0, 0x0, 0x0,
    0x2, 0xda, 0x10, 0x0, 0x8, 0xfa, 0x0, 0x0,
    0x1, 0x11, 0x11, 0x3, 0xdf, 0xe3, 0x0, 0x1e,
    0xf3, 0x0, 0x0, 0xc, 0xff, 0xfe, 0x0, 0xa,
    0xff, 0x80, 0x9f, 0xb0, 0x0, 0x0, 0x9, 0xcd,
    0xfe, 0x0, 0x0, 0x6f, 0xfd, 0xff, 0x20, 0x0,
    0x0, 0x0, 0x1, 0xfe, 0x0, 0x0, 0x2, 0xdf,
    0xfa, 0x0, 0x0, 0x0, 0x0, 0x1, 0xfe, 0x0,
    0x0, 0x4, 0xef, 0xff, 0x80, 0x0, 0x0, 0x0,
    0x1, 0xfe, 0x0, 0x0, 0x8f, 0xfb, 0x7f, 0xfb,
    0x10, 0x0, 0x0, 0x1, 0xfe, 0x0, 0x7e, 0xff,
    0x80, 0x4, 0xff, 0xd2, 0x0, 0x0, 0x1, 0xfe,
    0x2f, 0xff, 0xd5, 0x0, 0x0, 0x2e, 0xfe, 0x10,
    0x0, 0x2, 0xff, 0x9, 0xe6, 0x0, 0x0, 0x0,
    0x2, 0xd6, 0x0, 0x0, 0x4e, 0xff, 0xd3, 0x0,
    0x0, 0x0, 0x0, 0x0, 0x0, 0x0, 0x5, 0xff,
    0xcb, 0xff, 0xa4, 0x21, 0x0, 0x0, 0x12, 0x47,
    0xa4, 0xe, 0xfb, 0x0, 0x5e, 0xff, 0xff, 0xff,
    0xff, 0xff, 0xff, 0xf1, 0x5, 0xe1, 0x0, 0x0,
    0x5b, 0xef, 0xff, 0xff, 0xff, 0xff, 0xd0, 0x0,
    0x20, 0x0, 0x0, 0x0, 0x0, 0x11, 0x11, 0x0,
    0x0, 0x0,

    /* U+8FDB "进" */
    0x0, 0x1, 0x0, 0x0, 0x0, 0x24, 0x20, 0x1,
    0x43, 0x0, 0x0, 0x1, 0xdd, 0x20, 0x0, 0x0,
    0x7f, 0x90, 0x4, 0xfc, 0x0, 0x0, 0x0, 0xaf,
    0xe2, 0x0, 0x0, 0x7f, 0x90, 0x4, 0xfc, 0x0,
    0x0, 0x0, 0xb, 0xfd, 0x10, 0x0, 0x7f, 0x90,
    0x4, 0xfc, 0x0, 0x0, 0x0, 0x0, 0xcf, 0x46,
    0xee, 0xff, 0xfe, 0xee, 0xff, 0xee, 0x70, 0x0,
    0x0, 0x12, 0x6, 0xff, 0xff, 0xff, 0xff, 0xff,
    0xff, 0x70, 0x0, 0x0, 0x0, 0x0, 0x11, 0x8f,
    0x91, 0x15, 0xfc, 0x11, 0x0, 0x0, 0x0, 0x0,
    0x0, 0x0, 0x7f, 0x90, 0x4, 0xfc, 0x0, 0x0,
    0x9, 0xaa, 0xa9, 0x0, 0x0, 0x7f, 0x90, 0x4,
    0xfc, 0x0, 0x0, 0xe, 0xff, 0xfe, 0x0, 0x0,
    0x8f, 0x90, 0x4, 0xfc, 0x0, 0x0, 0x5, 0x67,
    0xfe, 0x9, 0xff, 0xff, 0xff, 0xff, 0xff, 0xff,
    0xe0, 0x0, 0x1, 0xfe, 0x9, 0xff, 0xff, 0xff,
    0xff, 0xff, 0xff, 0xe0, 0x0, 0x1, 0xfe, 0x0,
    0x0, 0xff, 0x10, 0x4, 0xfc, 0x0, 0x0, 0x0,
    0x1, 0xfe, 0x0, 0x6, 0xfc, 0x0, 0x4, 0xfc,
    0x0, 0x0, 0x0, 0x1, 0xfe, 0x0, 0x1e, 0xf7,
    0x0, 0x4, 0xfc, 0x0, 0x0, 0x0, 0x1, 0xfe,
    0x0, 0xcf, 0xe0, 0x0, 0x4, 0xfc, 0x0, 0x0,
    0x0, 0x8, 0xff, 0x30, 0xaf, 0x30, 0x0, 0x4,
    0xfc, 0x0, 0x0, 0x3, 0xef, 0xff, 0xfb, 0x64,
    0x0, 0x0, 0x0, 0x32, 0x0, 0x0, 0x1f, 0xfb,
    0x12, 0xbf, 0xff, 0xed, 0xdc, 0xcd, 0xde, 0xff,
    0xf3, 0x9, 0xd0, 0x0, 0x3, 0x8d, 0xff, 0xff,
    0xff, 0xff, 0xff, 0xd0, 0x0, 0x20, 0x0, 0x0,
    0x0, 0x1, 0x22, 0x21, 0x11, 0x0, 0x0,

    /* U+8FDE "连" */
    0x0, 0x2, 0x0, 0x0, 0x0, 0x5, 0x50, 0x0,
    0x0, 0x0, 0x0, 0x0, 0xaf, 0x40, 0x0, 0x0,
    0xd, 0xf7, 0x0, 0x0, 0x0, 0x0, 0x0, 0x6f,
    0xf2, 0x3, 0x55, 0x6f, 0xf7, 0x55, 0x55, 0x55,
    0x30, 0x0, 0x9, 0xfd, 0xa, 0xff, 0xff, 0xff,
    0xff, 0xff, 0xff, 0x90, 0x0, 0x0, 0xdf, 0x55,
    0x78, 0xff, 0x97, 0x77, 0x77, 0x77, 0x40, 0x0,
    0x0, 0x35, 0x0, 0x6, 0xfc, 0x1, 0x87, 0x0,
    0x0, 0x0, 0x0, 0x0, 0x0, 0x0, 0xd, 0xf4,
    0x3, 0xfe, 0x0, 0x0, 0x0, 0x2, 0x22, 0x22,
    0x0, 0x7f, 0xd1, 0x4, 0xfe, 0x0, 0x0, 0x0,
    0xd, 0xff, 0xfd, 0x1, 0xff, 0xff, 0xff, 0xff,
    0xff, 0xff, 0x0, 0xa, 0xbc, 0xfd, 0x0, 0xcf,
    0xed, 0xde, 0xff, 0xdd, 0xdd, 0x0, 0x0, 0x1,
    0xfd, 0x0, 0x10, 0x0, 0x3, 0xfe, 0x0, 0x0,
    0x0, 0x0, 0x1, 0xfd, 0x0, 0x0, 0x0, 0x3,
    0xfe, 0x0, 0x0, 0x0, 0x0, 0x1, 0xfd, 0x8,
    0x99, 0x99, 0x9a, 0xff, 0x99, 0x99, 0x80, 0x0,
    0x1, 0xfd, 0xd, 0xff, 0xff, 0xff, 0xff, 0xff,
    0xff, 0xe0, 0x0, 0x1, 0xfd, 0x5, 0x55, 0x55,
    0x58, 0xff, 0x55, 0x55, 0x50, 0x0, 0x1, 0xfd,
    0x0, 0x0, 0x0, 0x3, 0xfe, 0x0, 0x0, 0x0,
    0x0, 0x7, 0xfe, 0x10, 0x0, 0x0, 0x3, 0xfe,
    0x0, 0x0, 0x0, 0x0, 0xaf, 0xff, 0xe3, 0x0,
    0x0, 0x3, 0xfe, 0x0, 0x0, 0x0, 0x8, 0xfe,
    0x37, 0xff, 0xa5, 0x21, 0x0, 0x0, 0x12, 0x46,
    0x97, 0x1f, 0xf5, 0x0, 0x4e, 0xff, 0xff, 0xff,
    0xff, 0xff, 0xff, 0xf4, 0x7, 0xc0, 0x0, 0x1,
    0x7c, 0xff, 0xff, 0xff, 0xff, 0xff, 0xe1, 0x0,
    0x10, 0x0, 0x0, 0x0, 0x0, 0x11, 0x11, 0x0,
    0x0, 0x0,

    /* U+9001 "送" */
    0x0, 0x15, 0x0, 0x0, 0x2, 0x82, 0x0, 0x0,
    0x9, 0x71, 0x0, 0x0, 0xdf, 0x60, 0x0, 0x7,
    0xfb, 0x0, 0x0, 0x3f, 0xf2, 0x0, 0x0, 0x4f,
    0xf4, 0x0, 0x0, 0xef, 0x40, 0x0, 0xbf, 0x70,
    0x0, 0x0, 0x7, 0xfe, 0x10, 0x0, 0x6f, 0x80,
    0x4, 0xfd, 0x0, 0x0, 0x0, 0x0, 0xcf, 0x50,
    0xdd, 0xde, 0xdd, 0xde, 0xfe, 0xdd, 0x50, 0x0,
    0x0, 0x22, 0x0, 0xff, 0xff, 0xff, 0xff, 0xff,
    0xff, 0x60, 0x0, 0x0, 0x0, 0x0, 0x0, 0x0,
    0x2f, 0xf1, 0x0, 0x0, 0x0, 0x3, 0x44, 0x43,
    0x0, 0x0, 0x0, 0x1f, 0xf0, 0x0, 0x0, 0x0,
    0xc, 0xff, 0xfd, 0x0, 0x0, 0x0, 0x1f, 0xf0,
    0x0, 0x0, 0x0, 0x9, 0xbc, 0xfd, 0xa, 0xdd,
    0xdd, 0xef, 0xfe, 0xdd, 0xdd, 0xd1, 0x0, 0x1,
    0xfd, 0xc, 0xff, 0xff, 0xff, 0xff, 0xff, 0xff,
    0xf1, 0x0, 0x1, 0xfd, 0x0, 0x0, 0x0, 0x9f,
    0xf9, 0x0, 0x0, 0x0, 0x0, 0x1, 0xfd, 0x0,
    0x0, 0x1, 0xef, 0xff, 0xa0, 0x0, 0x0, 0x0,
    0x1, 0xfd, 0x0, 0x0, 0xb, 0xfc, 0x2e, 0xfb,
    0x0, 0x0, 0x0, 0x1, 0xfd, 0x0, 0x1, 0xcf,
    0xe2, 0x1, 0xdf, 0xc0, 0x0, 0x0, 0x1, 0xfd,
    0x1, 0x8f, 0xfe, 0x30, 0x0, 0x1d, 0xfc, 0x0,
    0x0, 0x8, 0xfe, 0x5, 0xff, 0xb1, 0x0, 0x0,
    0x1, 0xec, 0x0, 0x0, 0xbf, 0xff, 0xd2, 0x53,
    0x0, 0x0, 0x0, 0x0, 0x20, 0x0, 0xa, 0xfd,
    0x29, 0xff, 0x94, 0x10, 0x0, 0x0, 0x12, 0x36,
    0x97, 0x3f, 0xf3, 0x0, 0x5f, 0xff, 0xff, 0xff,
    0xff, 0xff, 0xff, 0xf4, 0x9, 0x90, 0x0, 0x1,
    0x7c, 0xff, 0xff, 0xff, 0xff, 0xff, 0xe1, 0x0,
    0x10, 0x0, 0x0, 0x0, 0x0, 0x11, 0x11, 0x0,
    0x0, 0x0,

    /* U+9009 "选" */
    0x0, 0x0, 0x0, 0x0, 0x0, 0x0, 0x68, 0x20,
    0x0, 0x0, 0x0, 0xa7, 0x0, 0x0, 0x7, 0xc5,
    0xb, 0xf4, 0x0, 0x0, 0x0, 0x4f, 0xf9, 0x0,
    0x0, 0xdf, 0x40, 0xbf, 0x40, 0x0, 0x0, 0x0,
    0x5f, 0xf7, 0x0, 0x4f, 0xfb, 0xbe, 0xfc, 0xbb,
    0xbb, 0x10, 0x0, 0x5f, 0xf2, 0xc, 0xff, 0xff,
    0xff, 0xff, 0xff, 0xf2, 0x0, 0x0, 0x85, 0x7,
    0xfe, 0x10, 0xc, 0xf5, 0x0, 0x0, 0x0, 0x0,
    0x0, 0x0, 0x7f, 0x40, 0x0, 0xbf, 0x40, 0x0,
    0x0, 0x0, 0x0, 0x0, 0x0, 0x20, 0x0, 0xb,
    0xf4, 0x0, 0x0, 0x0, 0x0, 0x0, 0x0, 0xce,
    0xee, 0xee, 0xff, 0xee, 0xee, 0xee, 0x1a, 0xff,
    0xfe, 0xd, 0xff, 0xff, 0xff, 0xff, 0xff, 0xff,
    0xf1, 0x9e, 0xef, 0xe0, 0x0, 0x3, 0xfe, 0x1,
    0xff, 0x0, 0x0, 0x0, 0x1, 0xfe, 0x0, 0x0,
    0x6f, 0xb0, 0x1f, 0xf0, 0x0, 0x0, 0x0, 0x1f,
    0xe0, 0x0, 0xc, 0xf7, 0x1, 0xff, 0x0, 0x10,
    0x0, 0x1, 0xfe, 0x0, 0x6, 0xff, 0x10, 0x1f,
    0xf0, 0x8, 0xd2, 0x0, 0x1f, 0xe0, 0x7, 0xff,
    0x70, 0x1, 0xff, 0x0, 0xaf, 0x30, 0x1, 0xfe,
    0x2e, 0xff, 0x80, 0x0, 0xf, 0xff, 0xef, 0xf0,
    0x0, 0x1f, 0xf2, 0x9d, 0x40, 0x0, 0x0, 0x7f,
    0xff, 0xf7, 0x0, 0xa, 0xff, 0xf7, 0x0, 0x0,
    0x0, 0x0, 0x0, 0x0, 0x0, 0xc, 0xff, 0x9d,
    0xfb, 0x40, 0x0, 0x0, 0x0, 0x2, 0x47, 0x3a,
    0xfe, 0x20, 0xa, 0xff, 0xff, 0xed, 0xee, 0xff,
    0xff, 0xf1, 0x3f, 0x40, 0x0, 0x2, 0x8d, 0xff,
    0xff, 0xff, 0xff, 0xec, 0x0, 0x20, 0x0, 0x0,
    0x0, 0x0, 0x11, 0x11, 0x0, 0x0, 0x0,

    /* U+901A "通" */
    0x0, 0x41, 0x0, 0x0, 0x9a, 0xaa, 0xaa, 0xaa,
    0xaa, 0xb4, 0x0, 0x5, 0xfe, 0x20, 0x0, 0xcf,
    0xff, 0xff, 0xff, 0xff, 0xfb, 0x0, 0x0, 0xaf,
    0xf4, 0x0, 0x0, 0x29, 0x30, 0x4, 0xef, 0x90,
    0x0, 0x0, 0x8, 0xff, 0x40, 0x0, 0x9f, 0xfd,
    0xbf, 0xd4, 0x0, 0x0, 0x0, 0x0, 0x8d, 0x20,
    0x0, 0x1, 0x8e, 0xff, 0x81, 0x0, 0x0, 0x0,
    0x0, 0x1, 0x0, 0xef, 0xff, 0xff, 0xff, 0xff,
    0xff, 0x20, 0x0, 0x0, 0x0, 0x0, 0xef, 0x87,
    0x7e, 0xf8, 0x77, 0xef, 0x20, 0x0, 0x0, 0x0,
    0x0, 0xef, 0x0, 0xc, 0xf1, 0x0, 0xdf, 0x20,
    0xf, 0xff, 0xfe, 0x0, 0xef, 0xaa, 0xae, 0xfb,
    0xaa, 0xff, 0x20, 0xe, 0xee, 0xfe, 0x0, 0xef,
    0xdd, 0xdf, 0xfd, 0xdd, 0xff, 0x20, 0x0, 0x1,
    0xfe, 0x0, 0xef, 0x0, 0xc, 0xf1, 0x0, 0xdf,
    0x20, 0x0, 0x1, 0xfe, 0x0, 0xef, 0x99, 0x9e,
    0xfa, 0x99, 0xef, 0x20, 0x0, 0x1, 0xfe, 0x0,
    0xef, 0xff, 0xff, 0xff, 0xff, 0xff, 0x20, 0x0,
    0x1, 0xfe, 0x0, 0xef, 0x0, 0xc, 0xf1, 0x0,
    0xdf, 0x20, 0x0, 0x1, 0xfe, 0x0, 0xef, 0x0,
    0xc, 0xf1, 0x11, 0xef, 0x20, 0x0, 0x2, 0xff,
    0x0, 0xef, 0x0, 0xc, 0xf1, 0xdf, 0xff, 0x0,
    0x0, 0x8f, 0xff, 0xe7, 0xa8, 0x0, 0x5, 0x70,
    0x69, 0x82, 0x0, 0xc, 0xfe, 0x56, 0xdf, 0xfe,
    0xbb, 0xaa, 0xaa, 0xbb, 0xbc, 0xc1, 0x9, 0xe2,
    0x0, 0x5, 0xae, 0xff, 0xff, 0xff, 0xff, 0xff,
    0xd0, 0x0, 0x20, 0x0, 0x0, 0x0, 0x1, 0x22,
    0x22, 0x11, 0x0, 0x0,

    /* U+9053 "道" */
    0x0, 0x0, 0x0, 0x0, 0x4, 0x70, 0x0, 0x0,
    0x53, 0x0, 0x0, 0x0, 0x72, 0x0, 0x0, 0x1e,
    0xf5, 0x0, 0x2, 0xff, 0x20, 0x0, 0x7, 0xfe,
    0x20, 0x0, 0x6, 0xfd, 0x0, 0xb, 0xf7, 0x0,
    0x0, 0x0, 0xaf, 0xd0, 0x2b, 0xbc, 0xfc, 0xbb,
    0xcf, 0xfc, 0xbb, 0xa0, 0x0, 0xc, 0xfb, 0x3f,
    0xff, 0xff, 0xff, 0xff, 0xff, 0xff, 0xd0, 0x0,
    0x1, 0xc4, 0x0, 0x0, 0x0, 0xdf, 0x50, 0x0,
    0x0, 0x0, 0x0, 0x0, 0x0, 0x0, 0x57, 0x77,
    0xff, 0x77, 0x77, 0x70, 0x0, 0x0, 0x0, 0x0,
    0x0, 0xcf, 0xff, 0xff, 0xff, 0xff, 0xf1, 0x0,
    0xa, 0xaa, 0xaa, 0x0, 0xcf, 0x20, 0x0, 0x0,
    0xe, 0xf1, 0x0, 0xe, 0xff, 0xfe, 0x0, 0xcf,
    0x76, 0x66, 0x66, 0x6f, 0xf1, 0x0, 0x3, 0x34,
    0xfe, 0x0, 0xcf, 0xff, 0xff, 0xff, 0xff, 0xf1,
    0x0, 0x0, 0x1, 0xfe, 0x0, 0xcf, 0x20, 0x0,
    0x0, 0xe, 0xf1, 0x0, 0x0, 0x1, 0xfe, 0x0,
    0xcf, 0x86, 0x66, 0x66, 0x6f, 0xf1, 0x0, 0x0,
    0x1, 0xfe, 0x0, 0xcf, 0xff, 0xff, 0xff, 0xff,
    0xf1, 0x0, 0x0, 0x1, 0xfe, 0x0, 0xcf, 0x20,
    0x0, 0x0, 0xe, 0xf1, 0x0, 0x0, 0x1, 0xfe,
    0x0, 0xcf, 0x87, 0x77, 0x77, 0x7f, 0xf1, 0x0,
    0x0, 0x2, 0xff, 0x0, 0xcf, 0xff, 0xff, 0xff,
    0xff, 0xf1, 0x0, 0x0, 0x3e, 0xff, 0xc1, 0x0,
    0x0, 0x0, 0x0, 0x0, 0x0, 0x0, 0x3, 0xff,
    0x77, 0xff, 0x82, 0x0, 0x0, 0x0, 0x0, 0x24,
    0x91, 0x1f, 0xf6, 0x0, 0x2c, 0xff, 0xfe, 0xdc,
    0xdd, 0xef, 0xff, 0xe0, 0x9, 0xa0, 0x0, 0x0,
    0x39, 0xde, 0xff, 0xff, 0xff, 0xed, 0x90, 0x0,
    0x0, 0x0, 0x0, 0x0, 0x0, 0x0, 0x0, 0x0,
    0x0, 0x0,

    /* U+90FD "都" */
    0x0, 0x0, 0x5, 0x60, 0x0, 0x0, 0x0, 0x0,
    0x0, 0x0, 0x0, 0x0, 0x0, 0xe, 0xf0, 0x0,
    0x37, 0x24, 0x44, 0x44, 0x44, 0x0, 0x0, 0x0,
    0xf, 0xf0, 0x0, 0xbf, 0x6f, 0xff, 0xff, 0xff,
    0xd1, 0x1, 0xff, 0xff, 0xff, 0xfa, 0xfe, 0xf,
    0xfb, 0xbb, 0xdf, 0xe0, 0x1, 0xcc, 0xcf, 0xfc,
    0xcf, 0xf7, 0xf, 0xf1, 0x0, 0xaf, 0x80, 0x0,
    0x0, 0xe, 0xf0, 0x5f, 0xd0, 0xf, 0xf1, 0x1,
    0xff, 0x10, 0x0, 0x0, 0xf, 0xf2, 0xff, 0x30,
    0xf, 0xf1, 0x7, 0xf9, 0x0, 0x1f, 0xff, 0xff,
    0xff, 0xff, 0xff, 0x3f, 0xf1, 0xd, 0xf2, 0x0,
    0x1c, 0xcc, 0xcd, 0xff, 0xec, 0xcc, 0x2f, 0xf1,
    0x4f, 0xa0, 0x0, 0x0, 0x0, 0x1c, 0xfd, 0x10,
    0x0, 0xf, 0xf1, 0x8f, 0xa0, 0x0, 0x0, 0x2,
    0xdf, 0xf3, 0x0, 0x0, 0xf, 0xf1, 0xb, 0xf7,
    0x0, 0x0, 0x6e, 0xff, 0xff, 0xff, 0xf5, 0xf,
    0xf1, 0x1, 0xef, 0x20, 0x2c, 0xff, 0xfa, 0xaa,
    0xae, 0xf5, 0xf, 0xf1, 0x0, 0x7f, 0x90, 0x3f,
    0xff, 0xf0, 0x0, 0xa, 0xf5, 0xf, 0xf1, 0x0,
    0x2f, 0xd0, 0x4, 0x1e, 0xfa, 0xaa, 0xae, 0xf5,
    0xf, 0xf1, 0x0, 0x1f, 0xf0, 0x0, 0xe, 0xff,
    0xff, 0xff, 0xf5, 0xf, 0xf1, 0x0, 0x5f, 0xd0,
    0x0, 0xe, 0xf0, 0x0, 0xa, 0xf5, 0xf, 0xf3,
    0xdd, 0xff, 0x90, 0x0, 0xe, 0xf0, 0x0, 0xa,
    0xf5, 0xf, 0xf1, 0xdf, 0xfb, 0x0, 0x0, 0xe,
    0xff, 0xff, 0xff, 0xf5, 0xf, 0xf1, 0x12, 0x10,
    0x0, 0x0, 0xe, 0xfa, 0xaa, 0xae, 0xf5, 0xf,
    0xf1, 0x0, 0x0, 0x0, 0x0, 0xe, 0xf0, 0x0,
    0xa, 0xf5, 0xf, 0xf1, 0x0, 0x0, 0x0, 0x0,
    0x0, 0x0, 0x0, 0x0, 0x0, 0x1, 0x10, 0x0,
    0x0, 0x0,

    /* U+914D "配" */
    0xdf, 0xff, 0xff, 0xff, 0xff, 0xc, 0xcc, 0xcc,
    0xcc, 0xc9, 0xc, 0xee, 0xff, 0xef, 0xee, 0xe0,
    0xff, 0xff, 0xff, 0xff, 0xb0, 0x0, 0xc, 0x94,
    0xf2, 0x0, 0x3, 0x33, 0x33, 0x36, 0xfb, 0x0,
    0x0, 0xc9, 0x4f, 0x20, 0x0, 0x0, 0x0, 0x0,
    0x4f, 0xb0, 0x4b, 0xbf, 0xec, 0xfc, 0xb6, 0x0,
    0x0, 0x0, 0x4, 0xfb, 0x6, 0xff, 0xff, 0xff,
    0xff, 0x90, 0x0, 0x0, 0x0, 0x4f, 0xb0, 0x6f,
    0x48, 0x97, 0xa2, 0xf9, 0x0, 0x0, 0x0, 0x4,
    0xfb, 0x6, 0xf3, 0x78, 0x69, 0x1f, 0x90, 0xbc,
    0xcc, 0xcc, 0xdf, 0xb0, 0x6f, 0x39, 0x76, 0x91,
    0xf9, 0xe, 0xff, 0xff, 0xff, 0xfb, 0x6, 0xf3,
    0xc5, 0x6a, 0x1f, 0x90, 0xef, 0x51, 0x11, 0x5f,
    0xb0, 0x6f, 0x7f, 0x5, 0xfd, 0xf9, 0xe, 0xf3,
    0x0, 0x2, 0x75, 0x6, 0xfa, 0x60, 0x3, 0x5f,
    0x90, 0xef, 0x30, 0x0, 0x0, 0x0, 0x6f, 0x30,
    0x0, 0x1, 0xf9, 0xe, 0xf3, 0x0, 0x0, 0x0,
    0x6, 0xff, 0xff, 0xff, 0xff, 0x90, 0xef, 0x30,
    0x0, 0x0, 0x0, 0x6f, 0xa8, 0x88, 0x89, 0xf9,
    0xe, 0xf3, 0x0, 0x0, 0x5c, 0x36, 0xf3, 0x0,
    0x0, 0x1f, 0x90, 0xef, 0x30, 0x0, 0x6, 0xf8,
    0x6f, 0xa9, 0x99, 0x99, 0xf9, 0xe, 0xf3, 0x0,
    0x0, 0x8f, 0x66, 0xff, 0xff, 0xff, 0xff, 0x90,
    0xdf, 0x60, 0x0, 0xc, 0xf3, 0x6f, 0x40, 0x0,
    0x2, 0xf9, 0xa, 0xff, 0xff, 0xff, 0xfe, 0x6,
    0xf3, 0x0, 0x0, 0x1d, 0x80, 0x2c, 0xff, 0xff,
    0xfd, 0x30, 0x1, 0x0, 0x0, 0x0, 0x0, 0x0,
    0x0, 0x0, 0x0, 0x0, 0x0,

    /* U+9192 "醒" */
    0x9a, 0xaa, 0xaa, 0xaa, 0xa3, 0x8a, 0xaa, 0xaa,
    0xaa, 0xa0, 0xe, 0xff, 0xff, 0xff, 0xff, 0x5b,
    0xff, 0xff, 0xff, 0xff, 0x10, 0x11, 0x5f, 0x4c,
    0xb1, 0x10, 0xbf, 0x10, 0x0, 0xc, 0xf1, 0x0,
    0x4, 0xf3, 0xbb, 0x0, 0xb, 0xf9, 0x88, 0x88,
    0xef, 0x10, 0x47, 0x9f, 0x9d, 0xd7, 0x71, 0xbf,
    0xff, 0xff, 0xff, 0xf1, 0x9, 0xff, 0xff, 0xff,
    0xff, 0x2b, 0xf1, 0x0, 0x0, 0xcf, 0x10, 0x9f,
    0x2f, 0x5d, 0x78, 0xf2, 0xbf, 0xa9, 0x99, 0x9e,
    0xf1, 0x9, 0xf0, 0xf3, 0xc5, 0x7f, 0x2b, 0xff,
    0xff, 0xff, 0xff, 0x10, 0x9f, 0xf, 0x2c, 0x57,
    0xf2, 0x3, 0x0, 0x0, 0x0, 0x0, 0x9, 0xf3,
    0xf0, 0xc6, 0x7f, 0x24, 0xf7, 0xe, 0xc0, 0x0,
    0x0, 0x9f, 0xab, 0xb, 0xdd, 0xf2, 0xaf, 0xcb,
    0xff, 0xbb, 0xb5, 0x9, 0xfc, 0x20, 0x16, 0xaf,
    0x5f, 0xff, 0xff, 0xff, 0xff, 0x60, 0x9f, 0x0,
    0x0, 0x7, 0xfe, 0xf1, 0x0, 0xfd, 0x0, 0x0,
    0x9, 0xfa, 0xaa, 0xaa, 0xdf, 0x87, 0x0, 0x1f,
    0xd0, 0x0, 0x0, 0x9f, 0xff, 0xff, 0xff, 0xf2,
    0x8f, 0xff, 0xff, 0xff, 0xf0, 0x9, 0xf0, 0x0,
    0x0, 0x7f, 0x24, 0x77, 0x7f, 0xe7, 0x77, 0x0,
    0x9f, 0x99, 0x99, 0x9c, 0xf2, 0x0, 0x0, 0xfd,
    0x0, 0x0, 0x9, 0xff, 0xff, 0xff, 0xff, 0x20,
    0x0, 0xf, 0xd0, 0x0, 0x0, 0x9f, 0x0, 0x0,
    0x7, 0xf7, 0xcc, 0xcd, 0xff, 0xcc, 0xcc, 0x19,
    0xf0, 0x0, 0x0, 0x7f, 0x7e, 0xee, 0xee, 0xee,
    0xee, 0xe1,

    /* U+91CC "里" */
    0x0, 0x8c, 0xcc, 0xcc, 0xcc, 0xcc, 0xcc, 0xcc,
    0xcc, 0x0, 0x0, 0xaf, 0xff, 0xff, 0xff, 0xff,
    0xff, 0xff, 0xff, 0x0, 0x0, 0xaf, 0x60, 0x0,
    0xd, 0xf2, 0x0, 0x2, 0xff, 0x0, 0x0, 0xaf,
    0x60, 0x0, 0xd, 0xf1, 0x0, 0x1, 0xff, 0x0,
    0x0, 0xaf, 0xda, 0xaa, 0xaf, 0xfb, 0xaa, 0xab,
    0xff, 0x0, 0x0, 0xaf, 0xff, 0xff, 0xff, 0xff,
    0xff, 0xff, 0xff, 0x0, 0x0, 0xaf, 0x60, 0x0,
    0xd, 0xf2, 0x0, 0x2, 0xff, 0x0, 0x0, 0xaf,
    0x60, 0x0, 0xd, 0xf1, 0x0, 0x1, 0xff, 0x0,
    0x0, 0xaf, 0xca, 0xaa, 0xaf, 0xfb, 0xaa, 0xab,
    0xff, 0x0, 0x0, 0xaf, 0xff, 0xff, 0xff, 0xff,
    0xff, 0xff, 0xff, 0x0, 0x0, 0x22, 0x22, 0x22,
    0x2f, 0xf6, 0x22, 0x22, 0x22, 0x0, 0x0, 0x0,
    0x0, 0x0, 0xf, 0xf4, 0x0, 0x0, 0x0, 0x0,
    0x0, 0x11, 0x11, 0x11, 0x1f, 0xf5, 0x11, 0x11,
    0x11, 0x10, 0x5, 0xff, 0xff, 0xff, 0xff, 0xff,
    0xff, 0xff, 0xff, 0xc0, 0x4, 0xcc, 0xcc, 0xcc,
    0xcf, 0xfd, 0xcc, 0xcc, 0xcc, 0xa0, 0x0, 0x0,
    0x0, 0x0, 0xf, 0xf4, 0x0, 0x0, 0x0, 0x0,
    0x0, 0x0, 0x0, 0x0, 0xf, 0xf4, 0x0, 0x0,
    0x0, 0x0, 0xbd, 0xdd, 0xdd, 0xdd, 0xdf, 0xfe,
    0xdd, 0xdd, 0xdd, 0xdc, 0xdf, 0xff, 0xff, 0xff,
    0xff, 0xff, 0xff, 0xff, 0xff, 0xfe, 0x0, 0x0,
    0x0, 0x0, 0x0, 0x0, 0x0, 0x0, 0x0, 0x0,

    /* U+91CD "重" */
    0x0, 0x0, 0x0, 0x0, 0x0, 0x0, 0x0, 0x14,
    0x50, 0x0, 0x0, 0x45, 0x67, 0x78, 0x9a, 0xbc,
    0xef, 0xff, 0xf4, 0x0, 0x0, 0xef, 0xff, 0xff,
    0xff, 0xfe, 0xdb, 0xa8, 0x52, 0x0, 0x0, 0x34,
    0x43, 0x32, 0x3f, 0xf0, 0x0, 0x0, 0x0, 0x0,
    0x8a, 0xaa, 0xaa, 0xaa, 0xbf, 0xfa, 0xaa, 0xaa,
    0xaa, 0xa8, 0xcf, 0xff, 0xff, 0xff, 0xff, 0xff,
    0xff, 0xff, 0xff, 0xfc, 0x0, 0x0, 0x0, 0x0,
    0x2f, 0xf0, 0x0, 0x0, 0x0, 0x0, 0x0, 0x8f,
    0xff, 0xff, 0xff, 0xff, 0xff, 0xff, 0xfa, 0x0,
    0x0, 0x8f, 0xb7, 0x77, 0x8f, 0xf7, 0x77, 0x7a,
    0xfb, 0x0, 0x0, 0x8f, 0x81, 0x11, 0x3f, 0xf1,
    0x11, 0x17, 0xfb, 0x0, 0x0, 0x8f, 0xff, 0xff,
    0xff, 0xff, 0xff, 0xff, 0xfb, 0x0, 0x0, 0x8f,
    0x93, 0x33, 0x5f, 0xf3, 0x33, 0x38, 0xfb, 0x0,
    0x0, 0x8f, 0xa6, 0x66, 0x7f, 0xf6, 0x66, 0x6a,
    0xfb, 0x0, 0x0, 0x8f, 0xff, 0xff, 0xff, 0xff,
    0xff, 0xff, 0xfb, 0x0, 0x0, 0x0, 0x0, 0x0,
    0x2f, 0xf0, 0x0, 0x0, 0x0, 0x0, 0x2, 0xaa,
    0xaa, 0xaa, 0xbf, 0xfa, 0xaa, 0xaa, 0xaa, 0x50,
    0x4, 0xff, 0xff, 0xff, 0xff, 0xff, 0xff, 0xff,
    0xff, 0x80, 0x0, 0x0, 0x0, 0x0, 0x2f, 0xf0,
    0x0, 0x0, 0x0, 0x0, 0x99, 0x99, 0x99, 0x99,
    0xaf, 0xf9, 0x99, 0x99, 0x99, 0x99, 0xef, 0xff,
    0xff, 0xff, 0xff, 0xff, 0xff, 0xff, 0xff, 0xff,
    0x0, 0x0, 0x0, 0x0, 0x0, 0x0, 0x0, 0x0,
    0x0, 0x0,

    /* U+952E "键" */
    0x0, 0x7, 0x50, 0x0, 0x0, 0x0, 0x0, 0x7,
    0x60, 0x0, 0x0, 0x0, 0x2f, 0xd0, 0x2, 0x77,
    0x77, 0x0, 0xe, 0xb0, 0x0, 0x0, 0x0, 0x8f,
    0xb5, 0x56, 0xff, 0xff, 0x6f, 0xff, 0xff, 0xfd,
    0x0, 0x0, 0xef, 0xff, 0xf7, 0x77, 0xfc, 0x27,
    0x7f, 0xd7, 0xce, 0x0, 0x9, 0xfc, 0x88, 0x82,
    0x4, 0xf7, 0x0, 0xe, 0xb0, 0x9e, 0x0, 0x4f,
    0xe1, 0x0, 0x0, 0xa, 0xf1, 0xef, 0xff, 0xff,
    0xff, 0xf2, 0x2f, 0xa4, 0x44, 0x41, 0x1f, 0x90,
    0x88, 0x8f, 0xd8, 0xcf, 0x81, 0x5, 0xff, 0xff,
    0xf4, 0x9f, 0x20, 0x0, 0xe, 0xb0, 0x9e, 0x0,
    0x0, 0x8c, 0xf9, 0x89, 0xff, 0xff, 0x5e, 0xef,
    0xfe, 0xfe, 0x0, 0x0, 0x8, 0xf2, 0x4, 0xcb,
    0xdf, 0x38, 0x8f, 0xd8, 0x87, 0x0, 0x0, 0x8,
    0xf2, 0x0, 0x0, 0xaf, 0x0, 0xe, 0xb0, 0x0,
    0x0, 0xc, 0xdf, 0xfe, 0xd6, 0x30, 0xdd, 0x5f,
    0xff, 0xff, 0xff, 0x30, 0xe, 0xff, 0xff, 0xfa,
    0xf5, 0xfb, 0x38, 0x8f, 0xd8, 0x88, 0x10, 0x0,
    0x9, 0xf2, 0x0, 0xec, 0xf7, 0x0, 0xe, 0xb0,
    0x0, 0x0, 0x0, 0x8, 0xf2, 0x0, 0x8f, 0xf3,
    0xde, 0xef, 0xfe, 0xee, 0x90, 0x0, 0x8, 0xf2,
    0x1, 0x1f, 0xf0, 0x9a, 0xaf, 0xea, 0xaa, 0x60,
    0x0, 0x8, 0xf6, 0xd7, 0x2f, 0xf5, 0x0, 0xe,
    0xb0, 0x0, 0x0, 0x0, 0xa, 0xff, 0xf6, 0xaf,
    0xef, 0x40, 0xe, 0xb0, 0x0, 0x0, 0x0, 0xe,
    0xfe, 0x43, 0xfa, 0x1e, 0xfa, 0x30, 0x0, 0x0,
    0x0, 0x0, 0x8f, 0xd2, 0x3f, 0xf2, 0x2, 0xcf,
    0xfe, 0xcb, 0xbb, 0xb1, 0x0, 0x1c, 0x10, 0x5f,
    0x50, 0x0, 0x4, 0x9d, 0xef, 0xff, 0xd0, 0x0,
    0x0, 0x0, 0x3, 0x0, 0x0, 0x0, 0x0, 0x0,
    0x0, 0x0,

    /* U+957F "长" */
    0x0, 0x0, 0x57, 0x30, 0x0, 0x0, 0x0, 0x0,
    0x0, 0x0, 0x0, 0x0, 0xb, 0xf6, 0x0, 0x0,
    0x0, 0x0, 0xcd, 0x50, 0x0, 0x0, 0x0, 0xbf,
    0x60, 0x0, 0x0, 0x2, 0xcf, 0xf3, 0x0, 0x0,
    0x0, 0xb, 0xf6, 0x0, 0x0, 0x5, 0xff, 0xe3,
    0x0, 0x0, 0x0, 0x0, 0xbf, 0x60, 0x0, 0x2b,
    0xff, 0xc1, 0x0, 0x0, 0x0, 0x0, 0xb, 0xf6,
    0x2, 0xaf, 0xff, 0x80, 0x0, 0x0, 0x0, 0x0,
    0x0, 0xbf, 0x60, 0xdf, 0xfc, 0x20, 0x0, 0x0,
    0x0, 0x0, 0x0, 0xb, 0xf6, 0x1, 0xb4, 0x0,
    0x0, 0x0, 0x0, 0x0, 0x11, 0x11, 0xbf, 0x71,
    0x11, 0x11, 0x11, 0x11, 0x11, 0x11, 0xb, 0xff,
    0xff, 0xff, 0xff, 0xff, 0xff, 0xff, 0xff, 0xff,
    0xe0, 0xbf, 0xff, 0xff, 0xff, 0xff, 0xff, 0xff,
    0xff, 0xff, 0xfe, 0x0, 0x0, 0xb, 0xf6, 0x0,
    0x2f, 0xe1, 0x0, 0x0, 0x0, 0x0, 0x0, 0x0,
    0xbf, 0x60, 0x0, 0xaf, 0x90, 0x0, 0x0, 0x0,
    0x0, 0x0, 0xb, 0xf6, 0x0, 0x2, 0xff, 0x40,
    0x0, 0x0, 0x0, 0x0, 0x0, 0xbf, 0x60, 0x0,
    0x8, 0xff, 0x30, 0x0, 0x0, 0x0, 0x0, 0xb,
    0xf6, 0x0, 0x0, 0xb, 0xfe, 0x40, 0x0, 0x0,
    0x0, 0x0, 0xbf, 0x60, 0x1, 0x43, 0x1d, 0xff,
    0x90, 0x0, 0x0, 0x0, 0xc, 0xfa, 0x9d, 0xff,
    0x80, 0x1b, 0xff, 0xe8, 0x20, 0x0, 0x4, 0xff,
    0xff, 0xff, 0xc5, 0x0, 0x8, 0xff, 0xff, 0x20,
    0x0, 0x6f, 0xfd, 0x84, 0x0, 0x0, 0x0, 0x1,
    0x8e, 0x60, 0x0, 0x0, 0x72, 0x0, 0x0, 0x0,
    0x0, 0x0, 0x0, 0x0, 0x0,

    /* U+95ED "闭" */
    0x0, 0x0, 0x0, 0x0, 0x0, 0x0, 0x0, 0x0,
    0x0, 0x0, 0x5, 0xe6, 0x0, 0x13, 0x33, 0x33,
    0x33, 0x33, 0x33, 0x30, 0x3, 0xff, 0x50, 0x6f,
    0xff, 0xff, 0xff, 0xff, 0xff, 0xf3, 0x0, 0x4f,
    0xe1, 0x4b, 0xbb, 0xbb, 0xbb, 0xbb, 0xbf, 0xf3,
    0x0, 0x9, 0x90, 0x0, 0x0, 0x3, 0x30, 0x0,
    0xd, 0xf3, 0x4, 0x40, 0x0, 0x0, 0x0, 0xe,
    0xf3, 0x0, 0xd, 0xf3, 0x2f, 0xe0, 0x0, 0x0,
    0x0, 0xe, 0xf3, 0x0, 0xd, 0xf3, 0x2f, 0xe0,
    0x12, 0x22, 0x22, 0x2e, 0xf5, 0x22, 0xd, 0xf3,
    0x2f, 0xe0, 0xcf, 0xff, 0xff, 0xff, 0xff, 0xff,
    0x1d, 0xf3, 0x2f, 0xe0, 0xad, 0xdd, 0xdd, 0xff,
    0xfd, 0xdd, 0x1d, 0xf3, 0x2f, 0xe0, 0x0, 0x0,
    0xa, 0xff, 0xf3, 0x0, 0xd, 0xf3, 0x2f, 0xe0,
    0x0, 0x0, 0x8f, 0xef, 0xf3, 0x0, 0xd, 0xf3,
    0x2f, 0xe0, 0x0, 0x8, 0xfe, 0x2e, 0xf3, 0x0,
    0xd, 0xf3, 0x2f, 0xe0, 0x2, 0xbf, 0xe2, 0xe,
    0xf3, 0x0, 0xd, 0xf3, 0x2f, 0xe0, 0x6f, 0xfd,
    0x20, 0xe, 0xf3, 0x0, 0xd, 0xf3, 0x2f, 0xe6,
    0xff, 0x80, 0x0, 0xe, 0xf3, 0x0, 0xd, 0xf3,
    0x2f, 0xe0, 0x93, 0x0, 0x0, 0xf, 0xf3, 0x0,
    0xd, 0xf3, 0x2f, 0xe0, 0x0, 0x1, 0xff, 0xff,
    0xf0, 0x0, 0xd, 0xf3, 0x2f, 0xe0, 0x0, 0x0,
    0xbe, 0xeb, 0x40, 0x0, 0xd, 0xf3, 0x2f, 0xe0,
    0x0, 0x0, 0x0, 0x0, 0x0, 0x6d, 0xef, 0xf1,
    0x2f, 0xe0, 0x0, 0x0, 0x0, 0x0, 0x0, 0x1f,
    0xfd, 0x60, 0x0, 0x0, 0x0, 0x0, 0x0, 0x0,
    0x0, 0x0, 0x0, 0x0,

    /* U+9762 "面" */
    0x0, 0x0, 0x0, 0x0, 0x0, 0x0, 0x0, 0x0,
    0x0, 0x0, 0xbf, 0xff, 0xff, 0xff, 0xff, 0xff,
    0xff, 0xff, 0xff, 0xfe, 0xbe, 0xee, 0xee, 0xee,
    0xff, 0xfe, 0xee, 0xee, 0xee, 0xed, 0x0, 0x0,
    0x0, 0x0, 0x9f, 0xc0, 0x0, 0x0, 0x0, 0x0,
    0x0, 0x0, 0x0, 0x0, 0xdf, 0x60, 0x0, 0x0,
    0x0, 0x0, 0xb, 0xdd, 0xdd, 0xdd, 0xff, 0xed,
    0xdd, 0xdd, 0xdd, 0xc0, 0xc, 0xff, 0xff, 0xff,
    0xff, 0xff, 0xff, 0xff, 0xff, 0xd0, 0xc, 0xf4,
    0x1, 0xfd, 0x0, 0x1, 0xfd, 0x0, 0x4f, 0xd0,
    0xc, 0xf3, 0x0, 0xfd, 0x0, 0x0, 0xfd, 0x0,
    0x3f, 0xd0, 0xc, 0xf3, 0x0, 0xff, 0xbb, 0xbb,
    0xfd, 0x0, 0x3f, 0xd0, 0xc, 0xf3, 0x0, 0xff,
    0xff, 0xff, 0xfd, 0x0, 0x3f, 0xd0, 0xc, 0xf3,
    0x0, 0xfd, 0x0, 0x0, 0xfd, 0x0, 0x3f, 0xd0,
    0xc, 0xf3, 0x0, 0xfd, 0x0, 0x1, 0xfd, 0x0,
    0x3f, 0xd0, 0xc, 0xf3, 0x0, 0xff, 0xff, 0xff,
    0xfd, 0x0, 0x3f, 0xd0, 0xc, 0xf3, 0x0, 0xff,
    0x99, 0x9a, 0xfd, 0x0, 0x3f, 0xd0, 0xc, 0xf3,
    0x0, 0xfd, 0x0, 0x0, 0xfd, 0x0, 0x3f, 0xd0,
    0xc, 0xf4, 0x1, 0xfd, 0x0, 0x1, 0xfd, 0x0,
    0x4f, 0xd0, 0xc, 0xff, 0xff, 0xff, 0xff, 0xff,
    0xff, 0xff, 0xff, 0xd0, 0xc, 0xfe, 0xdd, 0xdd,
    0xdd, 0xdd, 0xdd, 0xdd, 0xef, 0xd0, 0xc, 0xf3,
    0x0, 0x0, 0x0, 0x0, 0x0, 0x0, 0x3f, 0xd0,

    /* U+97F3 "音" */
    0x0, 0x0, 0x0, 0x0, 0x4b, 0xa0, 0x0, 0x0,
    0x0, 0x0, 0x0, 0x0, 0x0, 0x0, 0x2f, 0xf3,
    0x0, 0x0, 0x0, 0x0, 0x6, 0xcc, 0xcc, 0xcc,
    0xcf, 0xfe, 0xcc, 0xcc, 0xcc, 0xb0, 0x8, 0xff,
    0xff, 0xff, 0xff, 0xff, 0xff, 0xff, 0xff, 0xd0,
    0x0, 0x0, 0x5c, 0x90, 0x0, 0x0, 0x6, 0xea,
    0x10, 0x0, 0x0, 0x0, 0x2f, 0xf2, 0x0, 0x0,
    0xc, 0xfa, 0x0, 0x0, 0x0, 0x0, 0xc, 0xf7,
    0x0, 0x0, 0x3f, 0xf2, 0x0, 0x0, 0x9c, 0xcc,
    0xce, 0xfe, 0xcc, 0xcc, 0xef, 0xfc, 0xcc, 0xcb,
    0xcf, 0xff, 0xff, 0xff, 0xff, 0xff, 0xff, 0xff,
    0xff, 0xfe, 0x11, 0x11, 0x11, 0x11, 0x11, 0x11,
    0x11, 0x11, 0x11, 0x11, 0x0, 0x0, 0x0, 0x0,
    0x0, 0x0, 0x0, 0x0, 0x0, 0x0, 0x0, 0xd,
    0xff, 0xff, 0xff, 0xff, 0xff, 0xff, 0xf3, 0x0,
    0x0, 0xd, 0xfc, 0xbb, 0xbb, 0xbb, 0xbb, 0xbf,
    0xf3, 0x0, 0x0, 0xd, 0xf3, 0x0, 0x0, 0x0,
    0x0, 0xe, 0xf3, 0x0, 0x0, 0xd, 0xfa, 0x88,
    0x88, 0x88, 0x88, 0x8f, 0xf3, 0x0, 0x0, 0xd,
    0xff, 0xff, 0xff, 0xff, 0xff, 0xff, 0xf3, 0x0,
    0x0, 0xd, 0xf4, 0x11, 0x11, 0x11, 0x11, 0x1e,
    0xf3, 0x0, 0x0, 0xd, 0xf3, 0x0, 0x0, 0x0,
    0x0, 0xe, 0xf3, 0x0, 0x0, 0xd, 0xfc, 0xaa,
    0xaa, 0xaa, 0xaa, 0xaf, 0xf3, 0x0, 0x0, 0xd,
    0xff, 0xff, 0xff, 0xff, 0xff, 0xff, 0xf3, 0x0,
    0x0, 0xd, 0xf3, 0x0, 0x0, 0x0, 0x0, 0xe,
    0xf3, 0x0,

    /* U+98CE "风" */
    0x0, 0xb, 0xdd, 0xdd, 0xdd, 0xdd, 0xdd, 0xdd,
    0xdd, 0x30, 0x0, 0x0, 0xc, 0xff, 0xff, 0xff,
    0xff, 0xff, 0xff, 0xff, 0x40, 0x0, 0x0, 0xc,
    0xf6, 0x22, 0x22, 0x22, 0x22, 0x22, 0xdf, 0x40,
    0x0, 0x0, 0xc, 0xf5, 0x0, 0x0, 0x0, 0x3,
    0x0, 0xcf, 0x40, 0x0, 0x0, 0xc, 0xf5, 0x5,
    0x0, 0x0, 0x4f, 0xa0, 0xcf, 0x40, 0x0, 0x0,
    0xc, 0xf5, 0xbf, 0x80, 0x0, 0xaf, 0x50, 0xcf,
    0x30, 0x0, 0x0, 0xd, 0xf5, 0x3f, 0xf4, 0x1,
    0xff, 0x0, 0xcf, 0x30, 0x0, 0x0, 0xd, 0xf5,
    0x7, 0xfe, 0x28, 0xf9, 0x0, 0xcf, 0x40, 0x0,
    0x0, 0xd, 0xf4, 0x0, 0xbf, 0xde, 0xf2, 0x0,
    0xcf, 0x40, 0x0, 0x0, 0xe, 0xf4, 0x0, 0x1e,
    0xff, 0xa0, 0x0, 0xbf, 0x40, 0x0, 0x0, 0xf,
    0xf2, 0x0, 0x5, 0xff, 0x60, 0x0, 0xbf, 0x40,
    0x0, 0x0, 0x1f, 0xf0, 0x0, 0xc, 0xff, 0xe1,
    0x0, 0xaf, 0x40, 0x0, 0x0, 0x2f, 0xe0, 0x0,
    0x8f, 0xed, 0xfa, 0x0, 0xaf, 0x50, 0x0, 0x0,
    0x5f, 0xc0, 0x4, 0xff, 0x53, 0xff, 0x50, 0x9f,
    0x60, 0x0, 0x0, 0x9f, 0x90, 0x4f, 0xf9, 0x0,
    0x8f, 0xe0, 0x7f, 0x70, 0x20, 0x0, 0xdf, 0x55,
    0xff, 0xc0, 0x0, 0xe, 0xf8, 0x5f, 0x90, 0xd1,
    0x3, 0xff, 0x17, 0xfc, 0x0, 0x0, 0x6, 0xe5,
    0x2f, 0xc1, 0xf4, 0xb, 0xfb, 0x0, 0x60, 0x0,
    0x0, 0x0, 0x10, 0xf, 0xf8, 0xf2, 0x3f, 0xf3,
    0x0, 0x0, 0x0, 0x0, 0x0, 0x0, 0x9, 0xff,
    0xe0, 0x8, 0xb0, 0x0, 0x0, 0x0, 0x0, 0x0,
    0x0, 0x0, 0xbe, 0x60, 0x0, 0x10, 0x0, 0x0,
    0x0, 0x0, 0x0, 0x0, 0x0, 0x0, 0x0,

    /* U+9EA6 "麦" */
    0x0, 0x0, 0x0, 0x0, 0x1b, 0xb0, 0x0, 0x0,
    0x0, 0x0, 0x0, 0x0, 0x0, 0x0, 0x1, 0xff,
    0x0, 0x0, 0x0, 0x0, 0x0, 0xc, 0xff, 0xff,
    0xff, 0xff, 0xff, 0xff, 0xff, 0xff, 0xd0, 0x0,
    0xac, 0xcc, 0xcc, 0xcc, 0xff, 0xcc, 0xcc, 0xcc,
    0xcb, 0x0, 0x0, 0x0, 0x0, 0x0, 0x1f, 0xf0,
    0x0, 0x0, 0x0, 0x0, 0x0, 0x5, 0xbb, 0xbb,
    0xbb, 0xff, 0xbb, 0xbb, 0xbb, 0x70, 0x0, 0x0,
    0x7f, 0xff, 0xff, 0xff, 0xff, 0xff, 0xff, 0xfa,
    0x0, 0x0, 0x0, 0x0, 0x0, 0x1, 0xff, 0x0,
    0x0, 0x0, 0x0, 0x0, 0xab, 0xbb, 0xbb, 0xbb,
    0xbf, 0xfb, 0xbb, 0xbb, 0xbb, 0xba, 0xe, 0xff,
    0xff, 0xff, 0xff, 0xff, 0xff, 0xff, 0xff, 0xff,
    0xe0, 0x0, 0x0, 0x1, 0xdf, 0xd1, 0x0, 0x0,
    0x0, 0x0, 0x0, 0x0, 0x0, 0x0, 0xbf, 0xf4,
    0x0, 0x0, 0x0, 0x0, 0x0, 0x0, 0x0, 0x2,
    0xdf, 0xff, 0xff, 0xff, 0xff, 0xff, 0x80, 0x0,
    0x0, 0x7, 0xff, 0xff, 0xaa, 0xaa, 0xaa, 0xdf,
    0xf5, 0x0, 0x0, 0x5e, 0xff, 0xad, 0xf8, 0x0,
    0x0, 0x3f, 0xf8, 0x0, 0x0, 0x3, 0xfc, 0x30,
    0x1d, 0xfa, 0x10, 0x7f, 0xfa, 0x0, 0x0, 0x0,
    0x1, 0x0, 0x0, 0x1c, 0xfe, 0xdf, 0xf6, 0x0,
    0x0, 0x0, 0x0, 0x0, 0x0, 0x2, 0x8f, 0xff,
    0xfb, 0x40, 0x0, 0x0, 0x0, 0x0, 0x35, 0x9d,
    0xff, 0xfc, 0xbf, 0xff, 0xfa, 0x75, 0x20, 0x9,
    0xff, 0xff, 0xfd, 0x72, 0x0, 0x17, 0xdf, 0xff,
    0xff, 0xf1, 0x3f, 0xc8, 0x52, 0x0, 0x0, 0x0,
    0x0, 0x25, 0x8b, 0xe7, 0x0, 0x0, 0x0, 0x0,
    0x0, 0x0, 0x0, 0x0, 0x0, 0x0, 0x0,

    /* U+FF01 "！" */
    0x3, 0x32, 0x2f, 0xfb, 0x2f, 0xfb, 0x2f, 0xfb,
    0x1f, 0xfa, 0xf, 0xf9, 0xf, 0xf8, 0xe, 0xf7,
    0xd, 0xf6, 0xc, 0xf5, 0xb, 0xf4, 0x7, 0xc2,
    0x0, 0x0, 0x0, 0x10, 0xd, 0xf7, 0x4f, 0xfd,
    0xd, 0xf7, 0x0, 0x0,

    /* U+FF08 "（" */
    0x0, 0x0, 0x1b, 0x50, 0x0, 0x0, 0xcf, 0x80,
    0x0, 0x8, 0xfb, 0x0, 0x0, 0x2f, 0xf1, 0x0,
    0x0, 0xaf, 0x70, 0x0, 0x1, 0xff, 0x0, 0x0,
    0x6, 0xfa, 0x0, 0x0, 0xa, 0xf5, 0x0, 0x0,
    0xc, 0xf2, 0x0, 0x0, 0xe, 0xf1, 0x0, 0x0,
    0xf, 0xf0, 0x0, 0x0, 0xe, 0xf0, 0x0, 0x0,
    0xd, 0xf2, 0x0, 0x0, 0xb, 0xf4, 0x0, 0x0,
    0x7, 0xf9, 0x0, 0x0, 0x2, 0xfe, 0x0, 0x0,
    0x0, 0xcf, 0x50, 0x0, 0x0, 0x4f, 0xd0, 0x0,
    0x0, 0xb, 0xf8, 0x0, 0x0, 0x2, 0xef, 0x50,
    0x0, 0x0, 0x3f, 0x80, 0x0, 0x0, 0x0, 0x0,

    /* U+FF09 "）" */
    0x5, 0xb1, 0x0, 0x0, 0x8, 0xfc, 0x0, 0x0,
    0x0, 0xbf, 0x80, 0x0, 0x0, 0x1f, 0xf2, 0x0,
    0x0, 0x7, 0xfa, 0x0, 0x0, 0x0, 0xff, 0x10,
    0x0, 0x0, 0xaf, 0x50, 0x0, 0x0, 0x5f, 0xa0,
    0x0, 0x0, 0x3f, 0xc0, 0x0, 0x0, 0x1f, 0xe0,
    0x0, 0x0, 0xf, 0xf0, 0x0, 0x0, 0xf, 0xe0,
    0x0, 0x0, 0x2f, 0xd0, 0x0, 0x0, 0x4f, 0xb0,
    0x0, 0x0, 0x9f, 0x70, 0x0, 0x0, 0xef, 0x20,
    0x0, 0x5, 0xfc, 0x0, 0x0, 0xd, 0xf4, 0x0,
    0x0, 0x8f, 0xb0, 0x0, 0x5, 0xfe, 0x20, 0x0,
    0x8, 0xf3, 0x0, 0x0, 0x0, 0x0, 0x0, 0x0,

    /* U+FF0C "，" */
    0x0, 0x0, 0x0, 0x9f, 0xe3, 0x1f, 0xff, 0xa0,
    0xdf, 0xfd, 0x0, 0x4f, 0xb0, 0x6, 0xf7, 0x5,
    0xfe, 0x9, 0xfd, 0x20, 0x36, 0x0, 0x0,

    /* U+FF1A "：" */
    0x0, 0x10, 0x0, 0xbf, 0xd1, 0x2f, 0xff, 0x61,
    0xef, 0xf3, 0x2, 0x74, 0x0, 0x0, 0x0, 0x0,
    0x0, 0x0, 0x0, 0x0, 0x0, 0x0, 0x0, 0x0,
    0x0, 0x0, 0x0, 0x0, 0x27, 0x40, 0x1f, 0xff,
    0x32, 0xff, 0xf6, 0xb, 0xfd, 0x10, 0x1, 0x0,

    /* U+FF1F "？" */
    0x0, 0x6, 0xbd, 0xb8, 0x10, 0x0, 0x2d, 0xff,
    0xff, 0xff, 0x30, 0x1e, 0xfc, 0x64, 0x7f, 0xfd,
    0x0, 0x48, 0x0, 0x0, 0x7f, 0xf1, 0x0, 0x0,
    0x0, 0x4, 0xff, 0x20, 0x0, 0x0, 0x0, 0x8f,
    0xe0, 0x0, 0x0, 0x0, 0x5f, 0xf6, 0x0, 0x0,
    0x0, 0x4f, 0xf7, 0x0, 0x0, 0x0, 0x2f, 0xf9,
    0x0, 0x0, 0x0, 0xb, 0xfb, 0x0, 0x0, 0x0,
    0x0, 0xef, 0x60, 0x0, 0x0, 0x0, 0x6, 0x62,
    0x0, 0x0, 0x0, 0x0, 0x0, 0x0, 0x0, 0x0,
    0x0, 0x0, 0x10, 0x0, 0x0, 0x0, 0x0, 0xef,
    0x60, 0x0, 0x0, 0x0, 0x4f, 0xfc, 0x0, 0x0,
    0x0, 0x0, 0xdf, 0x60, 0x0, 0x0, 0x0, 0x0,
    0x0, 0x0, 0x0
};


/*---------------------
 *  GLYPH DESCRIPTION
 *--------------------*/

static const lv_font_fmt_txt_glyph_dsc_t glyph_dsc[] = {
    {.bitmap_index = 0, .adv_w = 0, .box_w = 0, .box_h = 0, .ofs_x = 0, .ofs_y = 0} /* id = 0 reserved */,
    {.bitmap_index = 0, .adv_w = 79, .box_w = 0, .box_h = 0, .ofs_x = 0, .ofs_y = 0},
    {.bitmap_index = 0, .adv_w = 121, .box_w = 4, .box_h = 17, .ofs_x = 2, .ofs_y = 0},
    {.bitmap_index = 34, .adv_w = 182, .box_w = 9, .box_h = 8, .ofs_x = 1, .ofs_y = 10},
    {.bitmap_index = 70, .adv_w = 201, .box_w = 12, .box_h = 17, .ofs_x = 0, .ofs_y = 0},
    {.bitmap_index = 172, .adv_w = 201, .box_w = 11, .box_h = 22, .ofs_x = 1, .ofs_y = -3},
    {.bitmap_index = 293, .adv_w = 331, .box_w = 20, .box_h = 17, .ofs_x = 0, .ofs_y = 0},
    {.bitmap_index = 463, .adv_w = 249, .box_w = 16, .box_h = 17, .ofs_x = 0, .ofs_y = 0},
    {.bitmap_index = 599, .adv_w = 105, .box_w = 4, .box_h = 8, .ofs_x = 1, .ofs_y = 10},
    {.bitmap_index = 615, .adv_w = 125, .box_w = 6, .box_h = 25, .ofs_x = 1, .ofs_y = -5},
    {.bitmap_index = 690, .adv_w = 125, .box_w = 5, .box_h = 25, .ofs_x = 1, .ofs_y = -5},
    {.bitmap_index = 753, .adv_w = 170, .box_w = 9, .box_h = 9, .ofs_x = 1, .ofs_y = 9},
    {.bitmap_index = 794, .adv_w = 201, .box_w = 12, .box_h = 12, .ofs_x = 0, .ofs_y = 3},
    {.bitmap_index = 866, .adv_w = 105, .box_w = 5, .box_h = 9, .ofs_x = 1, .ofs_y = -5},
    {.bitmap_index = 889, .adv_w = 126, .box_w = 6, .box_h = 2, .ofs_x = 1, .ofs_y = 6},
    {.bitmap_index = 895, .adv_w = 105, .box_w = 4, .box_h = 4, .ofs_x = 1, .ofs_y = 0},
    {.bitmap_index = 903, .adv_w = 137, .box_w = 9, .box_h = 23, .ofs_x = 0, .ofs_y = -5},
    {.bitmap_index = 1007, .adv_w = 201, .box_w = 11, .box_h = 17, .ofs_x = 1, .ofs_y = 0},
    {.bitmap_index = 1101, .adv_w = 201, .box_w = 11, .box_h = 17, .ofs_x = 1, .ofs_y = 0},
    {.bitmap_index = 1195, .adv_w = 201, .box_w = 12, .box_h = 17, .ofs_x = 0, .ofs_y = 0},
    {.bitmap_index = 1297, .adv_w = 201, .box_w = 12, .box_h = 17, .ofs_x = 0, .ofs_y = 0},
    {.bitmap_index = 1399, .adv_w = 201, .box_w = 12, .box_h = 17, .ofs_x = 0, .ofs_y = 0},
    {.bitmap_index = 1501, .adv_w = 201, .box_w = 12, .box_h = 17, .ofs_x = 0, .ofs_y = 0},
    {.bitmap_index = 1603, .adv_w = 201, .box_w = 11, .box_h = 17, .ofs_x = 1, .ofs_y = 0},
    {.bitmap_index = 1697, .adv_w = 201, .box_w = 11, .box_h = 17, .ofs_x = 1, .ofs_y = 0},
    {.bitmap_index = 1791, .adv_w = 201, .box_w = 11, .box_h = 17, .ofs_x = 1, .ofs_y = 0},
    {.bitmap_index = 1885, .adv_w = 201, .box_w = 12, .box_h = 17, .ofs_x = 0, .ofs_y = 0},
    {.bitmap_index = 1987, .adv_w = 105, .box_w = 4, .box_h = 13, .ofs_x = 1, .ofs_y = 0},
    {.bitmap_index = 2013, .adv_w = 105, .box_w = 5, .box_h = 18, .ofs_x = 1, .ofs_y = -5},
    {.bitmap_index = 2058, .adv_w = 201, .box_w = 12, .box_h = 12, .ofs_x = 0, .ofs_y = 3},
    {.bitmap_index = 2130, .adv_w = 201, .box_w = 12, .box_h = 8, .ofs_x = 0, .ofs_y = 5},
    {.bitmap_index = 2178, .adv_w = 201, .box_w = 12, .box_h = 12, .ofs_x = 0, .ofs_y = 3},
    {.bitmap_index = 2250, .adv_w = 173, .box_w = 10, .box_h = 17, .ofs_x = 0, .ofs_y = 0},
    {.bitmap_index = 2335, .adv_w = 342, .box_w = 20, .box_h = 21, .ofs_x = 1, .ofs_y = -4},
    {.bitmap_index = 2545, .adv_w = 219, .box_w = 14, .box_h = 17, .ofs_x = 0, .ofs_y = 0},
    {.bitmap_index = 2664, .adv_w = 235, .box_w = 12, .box_h = 17, .ofs_x = 2, .ofs_y = 0},
    {.bitmap_index = 2766, .adv_w = 227, .box_w = 13, .box_h = 17, .ofs_x = 1, .ofs_y = 0},
    {.bitmap_index = 2877, .adv_w = 246, .box_w = 13, .box_h = 17, .ofs_x = 2, .ofs_y = 0},
    {.bitmap_index = 2988, .adv_w = 211, .box_w = 10, .box_h = 17, .ofs_x = 2, .ofs_y = 0},
    {.bitmap_index = 3073, .adv_w = 199, .box_w = 10, .box_h = 17, .ofs_x = 2, .ofs_y = 0},
    {.bitmap_index = 3158, .adv_w = 247, .box_w = 13, .box_h = 17, .ofs_x = 1, .ofs_y = 0},
    {.bitmap_index = 3269, .adv_w = 261, .box_w = 13, .box_h = 17, .ofs_x = 2, .ofs_y = 0},
    {.bitmap_index = 3380, .adv_w = 109, .box_w = 3, .box_h = 17, .ofs_x = 2, .ofs_y = 0},
    {.bitmap_index = 3406, .adv_w = 193, .box_w = 11, .box_h = 17, .ofs_x = 0, .ofs_y = 0},
    {.bitmap_index = 3500, .adv_w = 234, .box_w = 13, .box_h = 17, .ofs_x = 2, .ofs_y = 0},
    {.bitmap_index = 3611, .adv_w = 196, .box_w = 10, .box_h = 17, .ofs_x = 2, .ofs_y = 0},
    {.bitmap_index = 3696, .adv_w = 292, .box_w = 15, .box_h = 17, .ofs_x = 2, .ofs_y = 0},
    {.bitmap_index = 3824, .adv_w = 258, .box_w = 13, .box_h = 17, .ofs_x = 2, .ofs_y = 0},
    {.bitmap_index = 3935, .adv_w = 265, .box_w = 15, .box_h = 17, .ofs_x = 1, .ofs_y = 0},
    {.bitmap_index = 4063, .adv_w = 228, .box_w = 12, .box_h = 17, .ofs_x = 2, .ofs_y = 0},
    {.bitmap_index = 4165, .adv_w = 265, .box_w = 15, .box_h = 22, .ofs_x = 1, .ofs_y = -5},
    {.bitmap_index = 4330, .adv_w = 231, .box_w = 12, .box_h = 17, .ofs_x = 2, .ofs_y = 0},
    {.bitmap_index = 4432, .adv_w = 214, .box_w = 13, .box_h = 17, .ofs_x = 0, .ofs_y = 0},
    {.bitmap_index = 4543, .adv_w = 215, .box_w = 13, .box_h = 17, .ofs_x = 0, .ofs_y = 0},
    {.bitmap_index = 4654, .adv_w = 258, .box_w = 13, .box_h = 17, .ofs_x = 2, .ofs_y = 0},
    {.bitmap_index = 4765, .adv_w = 209, .box_w = 15, .box_h = 17, .ofs_x = -1, .ofs_y = 0},
    {.bitmap_index = 4893, .adv_w = 315, .box_w = 20, .box_h = 17, .ofs_x = 0, .ofs_y = 0},
    {.bitmap_index = 5063, .adv_w = 210, .box_w = 13, .box_h = 17, .ofs_x = 0, .ofs_y = 0},
    {.bitmap_index = 5174, .adv_w = 195, .box_w = 14, .box_h = 17, .ofs_x = -1, .ofs_y = 0},
    {.bitmap_index = 5293, .adv_w = 214, .box_w = 12, .box_h = 17, .ofs_x = 1, .ofs_y = 0},
    {.bitmap_index = 5395, .adv_w = 125, .box_w = 5, .box_h = 23, .ofs_x = 2, .ofs_y = -5},
    {.bitmap_index = 5453, .adv_w = 137, .box_w = 9, .box_h = 23, .ofs_x = 0, .ofs_y = -5},
    {.bitmap_index = 5557, .adv_w = 125, .box_w = 6, .box_h = 23, .ofs_x = 0, .ofs_y = -5},
    {.bitmap_index = 5626, .adv_w = 201, .box_w = 11, .box_h = 10, .ofs_x = 1, .ofs_y = 7},
    {.bitmap_index = 5681, .adv_w = 198, .box_w = 13, .box_h = 2, .ofs_x = 0, .ofs_y = -3},
    {.bitmap_index = 5694, .adv_w = 216, .box_w = 7, .box_h = 7, .ofs_x = 2, .ofs_y = 14},
    {.bitmap_index = 5719, .adv_w = 202, .box_w = 10, .box_h = 13, .ofs_x = 1, .ofs_y = 0},
    {.bitmap_index = 5784, .adv_w = 221, .box_w = 12, .box_h = 18, .ofs_x = 1, .ofs_y = 0},
    {.bitmap_index = 5892, .adv_w = 182, .box_w = 10, .box_h = 13, .ofs_x = 1, .ofs_y = 0},
    {.bitmap_index = 5957, .adv_w = 222, .box_w = 11, .box_h = 18, .ofs_x = 1, .ofs_y = 0},
    {.bitmap_index = 6056, .adv_w = 199, .box_w = 11, .box_h = 13, .ofs_x = 1, .ofs_y = 0},
    {.bitmap_index = 6128, .adv_w = 122, .box_w = 9, .box_h = 18, .ofs_x = 0, .ofs_y = 0},
    {.bitmap_index = 6209, .adv_w = 203, .box_w = 12, .box_h = 18, .ofs_x = 1, .ofs_y = -5},
    {.bitmap_index = 6317, .adv_w = 219, .box_w = 11, .box_h = 18, .ofs_x = 1, .ofs_y = 0},
    {.bitmap_index = 6416, .adv_w = 101, .box_w = 4, .box_h = 18, .ofs_x = 1, .ofs_y = 0},
    {.bitmap_index = 6452, .adv_w = 102, .box_w = 7, .box_h = 23, .ofs_x = -2, .ofs_y = -5},
    {.bitmap_index = 6533, .adv_w = 202, .box_w = 12, .box_h = 18, .ofs_x = 1, .ofs_y = 0},
    {.bitmap_index = 6641, .adv_w = 105, .box_w = 5, .box_h = 18, .ofs_x = 1, .ofs_y = 0},
    {.bitmap_index = 6686, .adv_w = 332, .box_w = 18, .box_h = 13, .ofs_x = 1, .ofs_y = 0},
    {.bitmap_index = 6803, .adv_w = 220, .box_w = 11, .box_h = 13, .ofs_x = 1, .ofs_y = 0},
    {.bitmap_index = 6875, .adv_w = 216, .box_w = 12, .box_h = 13, .ofs_x = 1, .ofs_y = 0},
    {.bitmap_index = 6953, .adv_w = 222, .box_w = 12, .box_h = 18, .ofs_x = 1, .ofs_y = -5},
    {.bitmap_index = 7061, .adv_w = 222, .box_w = 11, .box_h = 18, .ofs_x = 1, .ofs_y = -5},
    {.bitmap_index = 7160, .adv_w = 144, .box_w = 9, .box_h = 13, .ofs_x = 1, .ofs_y = 0},
    {.bitmap_index = 7219, .adv_w = 169, .box_w = 10, .box_h = 13, .ofs_x = 0, .ofs_y = 0},
    {.bitmap_index = 7284, .adv_w = 139, .box_w = 9, .box_h = 17, .ofs_x = 0, .ofs_y = 0},
    {.bitmap_index = 7361, .adv_w = 218, .box_w = 11, .box_h = 13, .ofs_x = 1, .ofs_y = 0},
    {.bitmap_index = 7433, .adv_w = 192, .box_w = 12, .box_h = 13, .ofs_x = 0, .ofs_y = 0},
    {.bitmap_index = 7511, .adv_w = 292, .box_w = 18, .box_h = 13, .ofs_x = 0, .ofs_y = 0},
    {.bitmap_index = 7628, .adv_w = 185, .box_w = 12, .box_h = 13, .ofs_x = 0, .ofs_y = 0},
    {.bitmap_index = 7706, .adv_w = 191, .box_w = 12, .box_h = 18, .ofs_x = 0, .ofs_y = -5},
    {.bitmap_index = 7814, .adv_w = 173, .box_w = 11, .box_h = 13, .ofs_x = 0, .ofs_y = 0},
    {.bitmap_index = 7886, .adv_w = 125, .box_w = 7, .box_h = 23, .ofs_x = 0, .ofs_y = -5},
    {.bitmap_index = 7967, .adv_w = 99, .box_w = 2, .box_h = 26, .ofs_x = 2, .ofs_y = -6},
    {.bitmap_index = 7993, .adv_w = 125, .box_w = 7, .box_h = 23, .ofs_x = 0, .ofs_y = -5},
    {.bitmap_index = 8074, .adv_w = 201, .box_w = 12, .box_h = 4, .ofs_x = 0, .ofs_y = 7},
    {.bitmap_index = 8098, .adv_w = 352, .box_w = 6, .box_h = 6, .ofs_x = 8, .ofs_y = 6},
    {.bitmap_index = 8116, .adv_w = 352, .box_w = 18, .box_h = 4, .ofs_x = 2, .ofs_y = 7},
    {.bitmap_index = 8152, .adv_w = 352, .box_w = 22, .box_h = 12, .ofs_x = 0, .ofs_y = 2},
    {.bitmap_index = 8284, .adv_w = 352, .box_w = 7, .box_h = 8, .ofs_x = 1, .ofs_y = -2},
    {.bitmap_index = 8312, .adv_w = 352, .box_w = 8, .box_h = 8, .ofs_x = 0, .ofs_y = -2},
    {.bitmap_index = 8344, .adv_w = 352, .box_w = 22, .box_h = 3, .ofs_x = 0, .ofs_y = 7},
    {.bitmap_index = 8377, .adv_w = 352, .box_w = 20, .box_h = 20, .ofs_x = 1, .ofs_y = -1},
    {.bitmap_index = 8577, .adv_w = 352, .box_w = 20, .box_h = 19, .ofs_x = 1, .ofs_y = -2},
    {.bitmap_index = 8767, .adv_w = 352, .box_w = 22, .box_h = 20, .ofs_x = 0, .ofs_y = -2},
    {.bitmap_index = 8987, .adv_w = 352, .box_w = 22, .box_h = 21, .ofs_x = 0, .ofs_y = -2},
    {.bitmap_index = 9218, .adv_w = 352, .box_w = 18, .box_h = 21, .ofs_x = 2, .ofs_y = -2},
    {.bitmap_index = 9407, .adv_w = 352, .box_w = 18, .box_h = 21, .ofs_x = 2, .ofs_y = -2},
    {.bitmap_index = 9596, .adv_w = 352, .box_w = 22, .box_h = 21, .ofs_x = 0, .ofs_y = -2},
    {.bitmap_index = 9827, .adv_w = 352, .box_w = 21, .box_h = 21, .ofs_x = 1, .ofs_y = -2},
    {.bitmap_index = 10048, .adv_w = 352, .box_w = 18, .box_h = 20, .ofs_x = 2, .ofs_y = -2},
    {.bitmap_index = 10228, .adv_w = 352, .box_w = 22, .box_h = 21, .ofs_x = 0, .ofs_y = -2},
    {.bitmap_index = 10459, .adv_w = 352, .box_w = 22, .box_h = 21, .ofs_x = 0, .ofs_y = -2},
    {.bitmap_index = 10690, .adv_w = 352, .box_w = 21, .box_h = 22, .ofs_x = 0, .ofs_y = -2},
    {.bitmap_index = 10921, .adv_w = 352, .box_w = 20, .box_h = 22, .ofs_x = 1, .ofs_y = -3},
    {.bitmap_index = 11141, .adv_w = 352, .box_w = 21, .box_h = 20, .ofs_x = 1, .ofs_y = -2},
    {.bitmap_index = 11351, .adv_w = 352, .box_w = 21, .box_h = 21, .ofs_x = 0, .ofs_y = -2},
    {.bitmap_index = 11572, .adv_w = 352, .box_w = 22, .box_h = 21, .ofs_x = 0, .ofs_y = -2},
    {.bitmap_index = 11803, .adv_w = 352, .box_w = 21, .box_h = 22, .ofs_x = 0, .ofs_y = -3},
    {.bitmap_index = 12034, .adv_w = 352, .box_w = 22, .box_h = 22, .ofs_x = 0, .ofs_y = -2},
    {.bitmap_index = 12276, .adv_w = 352, .box_w = 22, .box_h = 21, .ofs_x = 0, .ofs_y = -2},
    {.bitmap_index = 12507, .adv_w = 352, .box_w = 21, .box_h = 22, .ofs_x = 0, .ofs_y = -3},
    {.bitmap_index = 12738, .adv_w = 352, .box_w = 22, .box_h = 21, .ofs_x = 0, .ofs_y = -2},
    {.bitmap_index = 12969, .adv_w = 352, .box_w = 22, .box_h = 21, .ofs_x = 0, .ofs_y = -2},
    {.bitmap_index = 13200, .adv_w = 352, .box_w = 22, .box_h = 21, .ofs_x = 0, .ofs_y = -3},
    {.bitmap_index = 13431, .adv_w = 352, .box_w = 21, .box_h = 22, .ofs_x = 1, .ofs_y = -3},
    {.bitmap_index = 13662, .adv_w = 352, .box_w = 21, .box_h = 22, .ofs_x = 1, .ofs_y = -3},
    {.bitmap_index = 13893, .adv_w = 352, .box_w = 22, .box_h = 21, .ofs_x = 0, .ofs_y = -2},
    {.bitmap_index = 14124, .adv_w = 352, .box_w = 22, .box_h = 22, .ofs_x = 0, .ofs_y = -2},
    {.bitmap_index = 14366, .adv_w = 352, .box_w = 21, .box_h = 22, .ofs_x = 1, .ofs_y = -3},
    {.bitmap_index = 14597, .adv_w = 352, .box_w = 22, .box_h = 20, .ofs_x = 0, .ofs_y = -2},
    {.bitmap_index = 14817, .adv_w = 352, .box_w = 20, .box_h = 21, .ofs_x = 1, .ofs_y = -3},
    {.bitmap_index = 15027, .adv_w = 352, .box_w = 22, .box_h = 21, .ofs_x = 0, .ofs_y = -2},
    {.bitmap_index = 15258, .adv_w = 352, .box_w = 18, .box_h = 21, .ofs_x = 2, .ofs_y = -2},
    {.bitmap_index = 15447, .adv_w = 352, .box_w = 20, .box_h = 21, .ofs_x = 1, .ofs_y = -2},
    {.bitmap_index = 15657, .adv_w = 352, .box_w = 20, .box_h = 21, .ofs_x = 1, .ofs_y = -3},
    {.bitmap_index = 15867, .adv_w = 352, .box_w = 20, .box_h = 22, .ofs_x = 1, .ofs_y = -3},
    {.bitmap_index = 16087, .adv_w = 352, .box_w = 20, .box_h = 22, .ofs_x = 1, .ofs_y = -3},
    {.bitmap_index = 16307, .adv_w = 352, .box_w = 20, .box_h = 21, .ofs_x = 1, .ofs_y = -2},
    {.bitmap_index = 16517, .adv_w = 352, .box_w = 21, .box_h = 20, .ofs_x = 0, .ofs_y = -2},
    {.bitmap_index = 16727, .adv_w = 352, .box_w = 21, .box_h = 21, .ofs_x = 1, .ofs_y = -2},
    {.bitmap_index = 16948, .adv_w = 352, .box_w = 22, .box_h = 20, .ofs_x = 0, .ofs_y = -2},
    {.bitmap_index = 17168, .adv_w = 352, .box_w = 22, .box_h = 21, .ofs_x = 0, .ofs_y = -2},
    {.bitmap_index = 17399, .adv_w = 352, .box_w = 22, .box_h = 21, .ofs_x = 0, .ofs_y = -3},
    {.bitmap_index = 17630, .adv_w = 352, .box_w = 21, .box_h = 22, .ofs_x = 0, .ofs_y = -3},
    {.bitmap_index = 17861, .adv_w = 352, .box_w = 19, .box_h = 21, .ofs_x = 1, .ofs_y = -2},
    {.bitmap_index = 18061, .adv_w = 352, .box_w = 20, .box_h = 21, .ofs_x = 1, .ofs_y = -3},
    {.bitmap_index = 18271, .adv_w = 352, .box_w = 19, .box_h = 22, .ofs_x = 0, .ofs_y = -3},
    {.bitmap_index = 18480, .adv_w = 352, .box_w = 22, .box_h = 22, .ofs_x = 0, .ofs_y = -3},
    {.bitmap_index = 18722, .adv_w = 352, .box_w = 20, .box_h = 21, .ofs_x = 1, .ofs_y = -3},
    {.bitmap_index = 18932, .adv_w = 352, .box_w = 21, .box_h = 20, .ofs_x = 1, .ofs_y = -2},
    {.bitmap_index = 19142, .adv_w = 352, .box_w = 21, .box_h = 22, .ofs_x = 1, .ofs_y = -3},
    {.bitmap_index = 19373, .adv_w = 352, .box_w = 20, .box_h = 22, .ofs_x = 0, .ofs_y = -3},
    {.bitmap_index = 19593, .adv_w = 352, .box_w = 20, .box_h = 21, .ofs_x = 1, .ofs_y = -3},
    {.bitmap_index = 19803, .adv_w = 352, .box_w = 20, .box_h = 22, .ofs_x = 1, .ofs_y = -3},
    {.bitmap_index = 20023, .adv_w = 352, .box_w = 21, .box_h = 22, .ofs_x = 1, .ofs_y = -3},
    {.bitmap_index = 20254, .adv_w = 352, .box_w = 20, .box_h = 21, .ofs_x = 1, .ofs_y = -3},
    {.bitmap_index = 20464, .adv_w = 352, .box_w = 21, .box_h = 21, .ofs_x = 1, .ofs_y = -2},
    {.bitmap_index = 20685, .adv_w = 352, .box_w = 20, .box_h = 20, .ofs_x = 1, .ofs_y = -2},
    {.bitmap_index = 20885, .adv_w = 352, .box_w = 21, .box_h = 21, .ofs_x = 0, .ofs_y = -2},
    {.bitmap_index = 21106, .adv_w = 352, .box_w = 22, .box_h = 21, .ofs_x = 0, .ofs_y = -2},
    {.bitmap_index = 21337, .adv_w = 352, .box_w = 22, .box_h = 21, .ofs_x = 0, .ofs_y = -2},
    {.bitmap_index = 21568, .adv_w = 352, .box_w = 20, .box_h = 21, .ofs_x = 1, .ofs_y = -2},
    {.bitmap_index = 21778, .adv_w = 352, .box_w = 22, .box_h = 21, .ofs_x = 0, .ofs_y = -2},
    {.bitmap_index = 22009, .adv_w = 352, .box_w = 22, .box_h = 21, .ofs_x = 0, .ofs_y = -2},
    {.bitmap_index = 22240, .adv_w = 352, .box_w = 20, .box_h = 21, .ofs_x = 1, .ofs_y = -2},
    {.bitmap_index = 22450, .adv_w = 352, .box_w = 22, .box_h = 22, .ofs_x = 0, .ofs_y = -3},
    {.bitmap_index = 22692, .adv_w = 352, .box_w = 20, .box_h = 21, .ofs_x = 1, .ofs_y = -2},
    {.bitmap_index = 22902, .adv_w = 352, .box_w = 22, .box_h = 21, .ofs_x = 0, .ofs_y = -2},
    {.bitmap_index = 23133, .adv_w = 352, .box_w = 20, .box_h = 21, .ofs_x = 1, .ofs_y = -2},
    {.bitmap_index = 23343, .adv_w = 352, .box_w = 22, .box_h = 22, .ofs_x = 0, .ofs_y = -3},
    {.bitmap_index = 23585, .adv_w = 352, .box_w = 22, .box_h = 22, .ofs_x = 0, .ofs_y = -3},
    {.bitmap_index = 23827, .adv_w = 352, .box_w = 22, .box_h = 22, .ofs_x = 0, .ofs_y = -3},
    {.bitmap_index = 24069, .adv_w = 352, .box_w = 22, .box_h = 22, .ofs_x = 0, .ofs_y = -3},
    {.bitmap_index = 24311, .adv_w = 352, .box_w = 22, .box_h = 22, .ofs_x = 0, .ofs_y = -3},
    {.bitmap_index = 24553, .adv_w = 352, .box_w = 21, .box_h = 21, .ofs_x = 0, .ofs_y = -3},
    {.bitmap_index = 24774, .adv_w = 352, .box_w = 20, .box_h = 20, .ofs_x = 2, .ofs_y = -2},
    {.bitmap_index = 24974, .adv_w = 352, .box_w = 20, .box_h = 21, .ofs_x = 1, .ofs_y = -2},
    {.bitmap_index = 25184, .adv_w = 352, .box_w = 22, .box_h = 21, .ofs_x = 0, .ofs_y = -2},
    {.bitmap_index = 25415, .adv_w = 352, .box_w = 20, .box_h = 20, .ofs_x = 1, .ofs_y = -2},
    {.bitmap_index = 25615, .adv_w = 352, .box_w = 20, .box_h = 21, .ofs_x = 1, .ofs_y = -2},
    {.bitmap_index = 25825, .adv_w = 352, .box_w = 22, .box_h = 21, .ofs_x = 0, .ofs_y = -2},
    {.bitmap_index = 26056, .adv_w = 352, .box_w = 20, .box_h = 21, .ofs_x = 1, .ofs_y = -3},
    {.bitmap_index = 26266, .adv_w = 352, .box_w = 19, .box_h = 22, .ofs_x = 1, .ofs_y = -3},
    {.bitmap_index = 26475, .adv_w = 352, .box_w = 22, .box_h = 21, .ofs_x = 0, .ofs_y = -2},
    {.bitmap_index = 26706, .adv_w = 352, .box_w = 22, .box_h = 21, .ofs_x = 0, .ofs_y = -2},
    {.bitmap_index = 26937, .adv_w = 352, .box_w = 22, .box_h = 21, .ofs_x = 0, .ofs_y = -2},
    {.bitmap_index = 27168, .adv_w = 352, .box_w = 22, .box_h = 22, .ofs_x = 0, .ofs_y = -3},
    {.bitmap_index = 27410, .adv_w = 352, .box_w = 22, .box_h = 21, .ofs_x = 0, .ofs_y = -2},
    {.bitmap_index = 27641, .adv_w = 352, .box_w = 22, .box_h = 22, .ofs_x = 0, .ofs_y = -3},
    {.bitmap_index = 27883, .adv_w = 352, .box_w = 22, .box_h = 22, .ofs_x = 0, .ofs_y = -3},
    {.bitmap_index = 28125, .adv_w = 352, .box_w = 22, .box_h = 22, .ofs_x = 0, .ofs_y = -3},
    {.bitmap_index = 28367, .adv_w = 352, .box_w = 21, .box_h = 22, .ofs_x = 1, .ofs_y = -3},
    {.bitmap_index = 28598, .adv_w = 352, .box_w = 21, .box_h = 22, .ofs_x = 0, .ofs_y = -3},
    {.bitmap_index = 28829, .adv_w = 352, .box_w = 22, .box_h = 22, .ofs_x = 0, .ofs_y = -3},
    {.bitmap_index = 29071, .adv_w = 352, .box_w = 22, .box_h = 22, .ofs_x = 0, .ofs_y = -3},
    {.bitmap_index = 29313, .adv_w = 352, .box_w = 22, .box_h = 21, .ofs_x = 0, .ofs_y = -2},
    {.bitmap_index = 29544, .adv_w = 352, .box_w = 21, .box_h = 21, .ofs_x = 0, .ofs_y = -2},
    {.bitmap_index = 29765, .adv_w = 352, .box_w = 21, .box_h = 22, .ofs_x = 0, .ofs_y = -3},
    {.bitmap_index = 29996, .adv_w = 352, .box_w = 22, .box_h = 22, .ofs_x = 0, .ofs_y = -3},
    {.bitmap_index = 30238, .adv_w = 352, .box_w = 22, .box_h = 21, .ofs_x = 0, .ofs_y = -2},
    {.bitmap_index = 30469, .adv_w = 352, .box_w = 22, .box_h = 22, .ofs_x = 0, .ofs_y = -3},
    {.bitmap_index = 30711, .adv_w = 352, .box_w = 22, .box_h = 22, .ofs_x = 0, .ofs_y = -3},
    {.bitmap_index = 30953, .adv_w = 352, .box_w = 22, .box_h = 22, .ofs_x = 0, .ofs_y = -3},
    {.bitmap_index = 31195, .adv_w = 352, .box_w = 21, .box_h = 22, .ofs_x = 0, .ofs_y = -3},
    {.bitmap_index = 31426, .adv_w = 352, .box_w = 22, .box_h = 22, .ofs_x = 0, .ofs_y = -3},
    {.bitmap_index = 31668, .adv_w = 352, .box_w = 22, .box_h = 22, .ofs_x = 0, .ofs_y = -3},
    {.bitmap_index = 31910, .adv_w = 352, .box_w = 22, .box_h = 21, .ofs_x = 0, .ofs_y = -2},
    {.bitmap_index = 32141, .adv_w = 352, .box_w = 22, .box_h = 21, .ofs_x = 0, .ofs_y = -2},
    {.bitmap_index = 32372, .adv_w = 352, .box_w = 21, .box_h = 22, .ofs_x = 1, .ofs_y = -3},
    {.bitmap_index = 32603, .adv_w = 352, .box_w = 22, .box_h = 22, .ofs_x = 0, .ofs_y = -3},
    {.bitmap_index = 32845, .adv_w = 352, .box_w = 21, .box_h = 22, .ofs_x = 1, .ofs_y = -3},
    {.bitmap_index = 33076, .adv_w = 352, .box_w = 20, .box_h = 21, .ofs_x = 1, .ofs_y = -3},
    {.bitmap_index = 33286, .adv_w = 352, .box_w = 22, .box_h = 19, .ofs_x = 0, .ofs_y = -1},
    {.bitmap_index = 33495, .adv_w = 352, .box_w = 21, .box_h = 21, .ofs_x = 1, .ofs_y = -3},
    {.bitmap_index = 33716, .adv_w = 352, .box_w = 21, .box_h = 21, .ofs_x = 0, .ofs_y = -2},
    {.bitmap_index = 33937, .adv_w = 352, .box_w = 22, .box_h = 21, .ofs_x = 0, .ofs_y = -2},
    {.bitmap_index = 34168, .adv_w = 352, .box_w = 22, .box_h = 20, .ofs_x = 0, .ofs_y = -2},
    {.bitmap_index = 34388, .adv_w = 352, .box_w = 22, .box_h = 21, .ofs_x = 0, .ofs_y = -2},
    {.bitmap_index = 34619, .adv_w = 352, .box_w = 22, .box_h = 21, .ofs_x = 0, .ofs_y = -2},
    {.bitmap_index = 34850, .adv_w = 352, .box_w = 22, .box_h = 21, .ofs_x = 0, .ofs_y = -2},
    {.bitmap_index = 35081, .adv_w = 352, .box_w = 22, .box_h = 21, .ofs_x = 0, .ofs_y = -2},
    {.bitmap_index = 35312, .adv_w = 352, .box_w = 22, .box_h = 21, .ofs_x = 0, .ofs_y = -2},
    {.bitmap_index = 35543, .adv_w = 352, .box_w = 22, .box_h = 22, .ofs_x = 0, .ofs_y = -3},
    {.bitmap_index = 35785, .adv_w = 352, .box_w = 22, .box_h = 21, .ofs_x = 0, .ofs_y = -2},
    {.bitmap_index = 36016, .adv_w = 352, .box_w = 20, .box_h = 19, .ofs_x = 1, .ofs_y = -1},
    {.bitmap_index = 36206, .adv_w = 352, .box_w = 22, .box_h = 21, .ofs_x = 0, .ofs_y = -2},
    {.bitmap_index = 36437, .adv_w = 352, .box_w = 22, .box_h = 21, .ofs_x = 0, .ofs_y = -2},
    {.bitmap_index = 36668, .adv_w = 352, .box_w = 21, .box_h = 21, .ofs_x = 0, .ofs_y = -2},
    {.bitmap_index = 36889, .adv_w = 352, .box_w = 22, .box_h = 21, .ofs_x = 0, .ofs_y = -2},
    {.bitmap_index = 37120, .adv_w = 352, .box_w = 22, .box_h = 21, .ofs_x = 0, .ofs_y = -2},
    {.bitmap_index = 37351, .adv_w = 352, .box_w = 22, .box_h = 20, .ofs_x = 0, .ofs_y = -2},
    {.bitmap_index = 37571, .adv_w = 352, .box_w = 21, .box_h = 21, .ofs_x = 1, .ofs_y = -2},
    {.bitmap_index = 37792, .adv_w = 352, .box_w = 22, .box_h = 22, .ofs_x = 0, .ofs_y = -3},
    {.bitmap_index = 38034, .adv_w = 352, .box_w = 20, .box_h = 21, .ofs_x = 1, .ofs_y = -3},
    {.bitmap_index = 38244, .adv_w = 352, .box_w = 22, .box_h = 21, .ofs_x = 0, .ofs_y = -3},
    {.bitmap_index = 38475, .adv_w = 352, .box_w = 20, .box_h = 21, .ofs_x = 0, .ofs_y = -3},
    {.bitmap_index = 38685, .adv_w = 352, .box_w = 20, .box_h = 21, .ofs_x = 2, .ofs_y = -2},
    {.bitmap_index = 38895, .adv_w = 352, .box_w = 20, .box_h = 22, .ofs_x = 1, .ofs_y = -3},
    {.bitmap_index = 39115, .adv_w = 352, .box_w = 22, .box_h = 21, .ofs_x = 0, .ofs_y = -2},
    {.bitmap_index = 39346, .adv_w = 352, .box_w = 21, .box_h = 21, .ofs_x = 0, .ofs_y = -2},
    {.bitmap_index = 39567, .adv_w = 352, .box_w = 21, .box_h = 21, .ofs_x = 0, .ofs_y = -2},
    {.bitmap_index = 39788, .adv_w = 352, .box_w = 20, .box_h = 21, .ofs_x = 1, .ofs_y = -2},
    {.bitmap_index = 39998, .adv_w = 352, .box_w = 21, .box_h = 21, .ofs_x = 0, .ofs_y = -2},
    {.bitmap_index = 40219, .adv_w = 352, .box_w = 21, .box_h = 21, .ofs_x = 0, .ofs_y = -3},
    {.bitmap_index = 40440, .adv_w = 352, .box_w = 21, .box_h = 22, .ofs_x = 0, .ofs_y = -3},
    {.bitmap_index = 40671, .adv_w = 352, .box_w = 21, .box_h = 21, .ofs_x = 0, .ofs_y = -3},
    {.bitmap_index = 40892, .adv_w = 352, .box_w = 22, .box_h = 21, .ofs_x = 0, .ofs_y = -2},
    {.bitmap_index = 41123, .adv_w = 352, .box_w = 21, .box_h = 21, .ofs_x = 0, .ofs_y = -2},
    {.bitmap_index = 41344, .adv_w = 352, .box_w = 22, .box_h = 21, .ofs_x = 0, .ofs_y = -2},
    {.bitmap_index = 41575, .adv_w = 352, .box_w = 20, .box_h = 21, .ofs_x = 1, .ofs_y = -2},
    {.bitmap_index = 41785, .adv_w = 352, .box_w = 21, .box_h = 21, .ofs_x = 1, .ofs_y = -2},
    {.bitmap_index = 42006, .adv_w = 352, .box_w = 21, .box_h = 22, .ofs_x = 0, .ofs_y = -3},
    {.bitmap_index = 42237, .adv_w = 352, .box_w = 22, .box_h = 22, .ofs_x = 0, .ofs_y = -3},
    {.bitmap_index = 42479, .adv_w = 352, .box_w = 21, .box_h = 22, .ofs_x = 0, .ofs_y = -3},
    {.bitmap_index = 42710, .adv_w = 352, .box_w = 22, .box_h = 21, .ofs_x = 0, .ofs_y = -2},
    {.bitmap_index = 42941, .adv_w = 352, .box_w = 22, .box_h = 21, .ofs_x = 0, .ofs_y = -2},
    {.bitmap_index = 43172, .adv_w = 352, .box_w = 22, .box_h = 22, .ofs_x = 0, .ofs_y = -3},
    {.bitmap_index = 43414, .adv_w = 352, .box_w = 20, .box_h = 20, .ofs_x = 1, .ofs_y = -2},
    {.bitmap_index = 43614, .adv_w = 352, .box_w = 21, .box_h = 21, .ofs_x = 0, .ofs_y = -2},
    {.bitmap_index = 43835, .adv_w = 352, .box_w = 21, .box_h = 20, .ofs_x = 0, .ofs_y = -2},
    {.bitmap_index = 44045, .adv_w = 352, .box_w = 22, .box_h = 20, .ofs_x = 0, .ofs_y = -2},
    {.bitmap_index = 44265, .adv_w = 352, .box_w = 21, .box_h = 21, .ofs_x = 1, .ofs_y = -2},
    {.bitmap_index = 44486, .adv_w = 352, .box_w = 21, .box_h = 22, .ofs_x = 0, .ofs_y = -3},
    {.bitmap_index = 44717, .adv_w = 352, .box_w = 16, .box_h = 21, .ofs_x = 3, .ofs_y = -2},
    {.bitmap_index = 44885, .adv_w = 352, .box_w = 22, .box_h = 21, .ofs_x = 0, .ofs_y = -2},
    {.bitmap_index = 45116, .adv_w = 352, .box_w = 22, .box_h = 21, .ofs_x = 0, .ofs_y = -2},
    {.bitmap_index = 45347, .adv_w = 352, .box_w = 22, .box_h = 22, .ofs_x = 0, .ofs_y = -3},
    {.bitmap_index = 45589, .adv_w = 352, .box_w = 22, .box_h = 21, .ofs_x = 0, .ofs_y = -2},
    {.bitmap_index = 45820, .adv_w = 352, .box_w = 20, .box_h = 20, .ofs_x = 1, .ofs_y = -2},
    {.bitmap_index = 46020, .adv_w = 352, .box_w = 21, .box_h = 21, .ofs_x = 0, .ofs_y = -2},
    {.bitmap_index = 46241, .adv_w = 352, .box_w = 22, .box_h = 21, .ofs_x = 0, .ofs_y = -2},
    {.bitmap_index = 46472, .adv_w = 352, .box_w = 21, .box_h = 21, .ofs_x = 1, .ofs_y = -2},
    {.bitmap_index = 46693, .adv_w = 352, .box_w = 21, .box_h = 21, .ofs_x = 1, .ofs_y = -2},
    {.bitmap_index = 46914, .adv_w = 352, .box_w = 21, .box_h = 22, .ofs_x = 1, .ofs_y = -3},
    {.bitmap_index = 47145, .adv_w = 352, .box_w = 21, .box_h = 21, .ofs_x = 1, .ofs_y = -2},
    {.bitmap_index = 47366, .adv_w = 352, .box_w = 21, .box_h = 21, .ofs_x = 1, .ofs_y = -2},
    {.bitmap_index = 47587, .adv_w = 352, .box_w = 22, .box_h = 22, .ofs_x = 0, .ofs_y = -3},
    {.bitmap_index = 47829, .adv_w = 352, .box_w = 22, .box_h = 21, .ofs_x = 0, .ofs_y = -2},
    {.bitmap_index = 48060, .adv_w = 352, .box_w = 22, .box_h = 22, .ofs_x = 0, .ofs_y = -3},
    {.bitmap_index = 48302, .adv_w = 352, .box_w = 22, .box_h = 20, .ofs_x = 0, .ofs_y = -2},
    {.bitmap_index = 48522, .adv_w = 352, .box_w = 22, .box_h = 22, .ofs_x = 0, .ofs_y = -3},
    {.bitmap_index = 48764, .adv_w = 352, .box_w = 22, .box_h = 21, .ofs_x = 0, .ofs_y = -2},
    {.bitmap_index = 48995, .adv_w = 352, .box_w = 22, .box_h = 22, .ofs_x = 0, .ofs_y = -3},
    {.bitmap_index = 49237, .adv_w = 352, .box_w = 22, .box_h = 22, .ofs_x = 0, .ofs_y = -3},
    {.bitmap_index = 49479, .adv_w = 352, .box_w = 22, .box_h = 21, .ofs_x = 0, .ofs_y = -2},
    {.bitmap_index = 49710, .adv_w = 352, .box_w = 22, .box_h = 22, .ofs_x = 0, .ofs_y = -3},
    {.bitmap_index = 49952, .adv_w = 352, .box_w = 22, .box_h = 22, .ofs_x = 0, .ofs_y = -3},
    {.bitmap_index = 50194, .adv_w = 352, .box_w = 21, .box_h = 22, .ofs_x = 1, .ofs_y = -3},
    {.bitmap_index = 50425, .adv_w = 352, .box_w = 22, .box_h = 20, .ofs_x = 0, .ofs_y = -2},
    {.bitmap_index = 50645, .adv_w = 352, .box_w = 22, .box_h = 22, .ofs_x = 0, .ofs_y = -3},
    {.bitmap_index = 50887, .adv_w = 352, .box_w = 22, .box_h = 22, .ofs_x = 0, .ofs_y = -3},
    {.bitmap_index = 51129, .adv_w = 352, .box_w = 21, .box_h = 21, .ofs_x = 1, .ofs_y = -3},
    {.bitmap_index = 51350, .adv_w = 352, .box_w = 21, .box_h = 20, .ofs_x = 1, .ofs_y = -2},
    {.bitmap_index = 51560, .adv_w = 352, .box_w = 20, .box_h = 20, .ofs_x = 1, .ofs_y = -2},
    {.bitmap_index = 51760, .adv_w = 352, .box_w = 20, .box_h = 21, .ofs_x = 1, .ofs_y = -2},
    {.bitmap_index = 51970, .adv_w = 352, .box_w = 22, .box_h = 22, .ofs_x = 0, .ofs_y = -3},
    {.bitmap_index = 52212, .adv_w = 352, .box_w = 21, .box_h = 21, .ofs_x = 1, .ofs_y = -2},
    {.bitmap_index = 52433, .adv_w = 352, .box_w = 20, .box_h = 22, .ofs_x = 1, .ofs_y = -3},
    {.bitmap_index = 52653, .adv_w = 352, .box_w = 20, .box_h = 20, .ofs_x = 1, .ofs_y = -2},
    {.bitmap_index = 52853, .adv_w = 352, .box_w = 20, .box_h = 21, .ofs_x = 1, .ofs_y = -2},
    {.bitmap_index = 53063, .adv_w = 352, .box_w = 22, .box_h = 21, .ofs_x = 0, .ofs_y = -3},
    {.bitmap_index = 53294, .adv_w = 352, .box_w = 21, .box_h = 22, .ofs_x = 1, .ofs_y = -3},
    {.bitmap_index = 53525, .adv_w = 352, .box_w = 4, .box_h = 18, .ofs_x = 3, .ofs_y = -1},
    {.bitmap_index = 53561, .adv_w = 352, .box_w = 8, .box_h = 22, .ofs_x = 14, .ofs_y = -3},
    {.bitmap_index = 53649, .adv_w = 352, .box_w = 8, .box_h = 22, .ofs_x = 0, .ofs_y = -3},
    {.bitmap_index = 53737, .adv_w = 352, .box_w = 5, .box_h = 9, .ofs_x = 3, .ofs_y = -3},
    {.bitmap_index = 53760, .adv_w = 352, .box_w = 5, .box_h = 16, .ofs_x = 3, .ofs_y = -1},
    {.bitmap_index = 53800, .adv_w = 352, .box_w = 11, .box_h = 18, .ofs_x = 0, .ofs_y = -1}
};

/*---------------------
 *  CHARACTER MAPPING
 *--------------------*/

static const uint16_t unicode_list_1[] = {
    0x0, 0x1f6f, 0x20db, 0x2f4a, 0x2f4b, 0x4d49, 0x4d53, 0x4d54,
    0x4d56, 0x4d73, 0x4d76, 0x4d7b, 0x4d8e, 0x4d94, 0x4dcf, 0x4dd4,
    0x4de4, 0x4ded, 0x4df7, 0x4e2e, 0x4e3f, 0x4e63, 0x4e69, 0x4e96,
    0x4e98, 0x4ea9, 0x4f26, 0x4fa3, 0x5088, 0x5091, 0x5094, 0x50ae,
    0x50b1, 0x50bc, 0x50d6, 0x50e2, 0x510f, 0x5143, 0x5144, 0x5179,
    0x5196, 0x51f1, 0x529e, 0x52cb, 0x5304, 0x5315, 0x531a, 0x531f,
    0x532e, 0x5334, 0x5338, 0x5356, 0x5357, 0x5360, 0x5370, 0x5375,
    0x5378, 0x53ab, 0x53c5, 0x542f, 0x5433, 0x54af, 0x5627, 0x5671,
    0x5850, 0x5856, 0x5863, 0x5873, 0x587a, 0x587d, 0x58c6, 0x5aa0,
    0x5aa1, 0x5acc, 0x5ad5, 0x5ae3, 0x5b42, 0x5b58, 0x5b7a, 0x5b98,
    0x5d3b, 0x5d77, 0x5d9e, 0x5dbc, 0x5dc6, 0x5def, 0x5e49, 0x5e5e,
    0x5ec9, 0x5ee0, 0x5f22, 0x5fab, 0x603c, 0x6159, 0x615a, 0x6173,
    0x6194, 0x6196, 0x619c, 0x61c7, 0x61d3, 0x6224, 0x622f, 0x6232,
    0x6250, 0x6252, 0x62ee, 0x6319, 0x631b, 0x632a, 0x64b9, 0x64bd,
    0x64d0, 0x64f6, 0x64f9, 0x653f, 0x6557, 0x6587, 0x663d, 0x6652,
    0x6675, 0x667e, 0x6683, 0x66c7, 0x66eb, 0x678f, 0x6795, 0x68a3,
    0x6a6a, 0x6aac, 0x6bea, 0x6c84, 0x6cd1, 0x6d4e, 0x6e23, 0x6fb6,
    0x7002, 0x70cd, 0x71a2, 0x72f9, 0x7471, 0x747e, 0x75cd, 0x763d,
    0x7654, 0x7689, 0x76aa, 0x772e, 0x774a, 0x77b7, 0x7883, 0x7939,
    0x7956, 0x797c, 0x79c3, 0x7a1f, 0x7a38, 0x7a92, 0x7ae0, 0x7e18,
    0x7e22, 0x7e28, 0x7eb7, 0x7f44, 0x7f7c, 0x7f7f, 0x8046, 0x805a,
    0x8133, 0x8325, 0x8426, 0x8795, 0x87f4, 0x88ca, 0x8aea, 0x8aed,
    0x8b07, 0x8b0f, 0x8b1e, 0x8b26, 0x8b36, 0x8b3d, 0x8c6e, 0x8cc0,
    0x8d28, 0x8edc, 0x8f1d, 0x8f21, 0x8f22, 0x8f24, 0x8f27, 0x8f4a,
    0x8f52, 0x8f63, 0x8f9c, 0x9046, 0x9096, 0x90db, 0x9115, 0x9116,
    0x9477, 0x94c8, 0x9536, 0x96ab, 0x973c, 0x9817, 0x9def, 0xfe4a,
    0xfe51, 0xfe52, 0xfe55, 0xfe63, 0xfe68
};

/*Collect the unicode lists and glyph_id offsets*/
static const lv_font_fmt_txt_cmap_t cmaps[] =
{
    {
        .range_start = 32, .range_length = 95, .glyph_id_start = 1,
        .unicode_list = NULL, .glyph_id_ofs_list = NULL, .list_length = 0, .type = LV_FONT_FMT_TXT_CMAP_FORMAT0_TINY
    },
    {
        .range_start = 183, .range_length = 65129, .glyph_id_start = 96,
        .unicode_list = unicode_list_1, .glyph_id_ofs_list = NULL, .list_length = 213, .type = LV_FONT_FMT_TXT_CMAP_SPARSE_TINY
    }
};



/*--------------------
 *  ALL CUSTOM DATA
 *--------------------*/

#if LVGL_VERSION_MAJOR == 8
/*Store all the custom data of the font*/
static  lv_font_fmt_txt_glyph_cache_t cache;
#endif

#if LVGL_VERSION_MAJOR >= 8
static const lv_font_fmt_txt_dsc_t font_dsc = {
#else
static lv_font_fmt_txt_dsc_t font_dsc = {
#endif
    .glyph_bitmap = glyph_bitmap,
    .glyph_dsc = glyph_dsc,
    .cmaps = cmaps,
    .kern_dsc = NULL,
    .kern_scale = 0,
    .cmap_num = 2,
    .bpp = 4,
    .kern_classes = 0,
    .bitmap_format = 0,
#if LVGL_VERSION_MAJOR == 8
    .cache = &cache
#endif
};



/*-----------------
 *  PUBLIC FONT
 *----------------*/

/*Initialize a public general font descriptor*/
#if LVGL_VERSION_MAJOR >= 8
const lv_font_t pocket_font_22 = {
#else
lv_font_t pocket_font_22 = {
#endif
    .get_glyph_dsc = lv_font_get_glyph_dsc_fmt_txt,    /*Function pointer to get glyph's data*/
    .get_glyph_bitmap = lv_font_get_bitmap_fmt_txt,    /*Function pointer to get glyph's bitmap*/
    .line_height = 27,          /*The maximum line height required by the font*/
    .base_line = 6,             /*Baseline measured from the bottom of the line*/
#if !(LVGL_VERSION_MAJOR == 6 && LVGL_VERSION_MINOR == 0)
    .subpx = LV_FONT_SUBPX_NONE,
#endif
#if LV_VERSION_CHECK(7, 4, 0) || LVGL_VERSION_MAJOR >= 8
    .underline_position = -3,
    .underline_thickness = 1,
#endif
    .dsc = &font_dsc,          /*The custom font data. Will be accessed by `get_glyph_bitmap/dsc` */
#if LV_VERSION_CHECK(8, 2, 0) || LVGL_VERSION_MAJOR >= 9
    .fallback = NULL,
#endif
    .user_data = NULL,
};



#endif /*#if POCKET_FONT_22*/

